id,ts_open,ts_open_utc,symbol,direction,alert_type,entry_price,sl_price,tp_price,outcome,exit_ts,exit_ts_utc,r,reason,opposite_within_60m,opposite_ts,opposite_alert_type,range_24h_pct,range_bucket,status_existing,ts_close_existing,exit_price_existing,rsi_1h,rsi_bucket,up_count_12,trend_streak_candles,trend_start_ts,trend_delay_hours,trend_delay_bucket
680,1786304540,2026-08-09T19:42:20+00:00,BOMEUSDT,LONG,overheated_24h,0.000781,0.000761475,0.00081224,tp_first,1786306500,2026-08-09T20:15:00+00:00,1.5999999999999945,target_touch,no,,,27.0257,below_50%,tp,1786306027,0.0008123,97.94701986754966,rsi_ge_80,10,0,,,no_consecutive_trend
699,1786306946,2026-08-09T20:22:26+00:00,ESPUSDT,LONG,overheated_24h,0.0759,0.0740025,0.07893599999999999,sl_first,1786308300,2026-08-09T20:45:00+00:00,-1.0,stop_touch,no,,,23.1678,below_50%,sl,1786307991,0.07397,81.1751904243743,rsi_ge_80,8,1,1786298400,2.3738888888888887,0-3.9h
712,1786311505,2026-08-09T21:38:25+00:00,PEOPLEUSDT,LONG,overheated_24h,0.009281,0.009048974999999999,0.00965224,sl_first,1786320900,2026-08-10T00:15:00+00:00,-1.0,stop_touch,no,,,27.4593,below_50%,sl,1786334666,0.009046,92.02046035805634,rsi_ge_80,8,0,,,no_consecutive_trend
828,1786384582,2026-08-10T17:56:22+00:00,BSPUSDT,LONG,overheated_24h,55.94,52.94792529191203,61.92414941617593,sl_first,1786388400,2026-08-10T19:00:00+00:00,-1.0,stop_touch,no,,,28.3856,below_50%,sl,1786388007,52.88,87.6609442060086,rsi_ge_80,8,4,1786363200,5.939444444444445,4-7.9h
1338,1786482404,2026-08-11T21:06:44+00:00,CRWVUSDT,LONG,overheated_24h,102.28,99.723,106.3712,tp_first,1786523400,2026-08-12T08:30:00+00:00,1.599999999999999,target_touch,no,,,20.212,below_50%,tp,1786525306,106.8,84.45763626551546,rsi_ge_80,7,2,1786471200,3.112222222222222,0-3.9h
1505,1786531530,2026-08-12T10:45:30+00:00,CRWVUSDT,LONG,overheated_24h,107.01,104.33475,111.2904,tp_first,1786542300,2026-08-12T13:45:00+00:00,1.5999999999999968,target_touch,no,,,26.702,below_50%,tp,1786542323,111.2904,91.56991418475522,rsi_ge_80,8,2,1786518000,3.7583333333333333,0-3.9h
1546,1786542668,2026-08-12T13:51:08+00:00,SNXXUSDT,LONG,overheated_24h,11.347,11.063324999999999,11.80088,sl_first,1786543200,2026-08-12T14:00:00+00:00,-1.0,stop_touch,no,,,19.8718,below_50%,sl,1786562990,11.063324999999999,83.41836734693878,rsi_ge_80,7,2,1786528800,3.852222222222222,0-3.9h
1550,1786546543,2026-08-12T14:55:43+00:00,WENUSDT,LONG,overheated_24h,9.06,8.8335,9.422400000000001,sl_first,1786546800,2026-08-12T15:00:00+00:00,-1.0,stop_touch,no,,,6.2039,below_50%,sl,1786547425,8.498,76.53061224489814,rsi_lt_80,5,1,1786536000,2.928611111111111,0-3.9h
1563,1786558389,2026-08-12T18:13:09+00:00,NBISUSDT,LONG,overheated_24h,249.09,237.49219300253213,272.2856139949357,tp_first,1786631400,2026-08-13T14:30:00+00:00,1.9999999999999976,target_touch,yes,1786557221,pump_24h_fade,31.8127,below_50%,tp,1786631783,273.41,100.0,rsi_ge_80,12,14,1786503600,15.219166666666666,12h+
1694,1786634762,2026-08-13T15:26:02+00:00,SNXXUSDT,LONG,overheated_24h,14.361,14.001975,14.935440000000002,ambiguous,1786635000,2026-08-13T15:30:00+00:00,nan,both_barriers_same_candle,no,,,24.4373,below_50%,sl,1786635990,13.945,69.2607003891051,rsi_lt_80,4,0,,,no_consecutive_trend
1795,1786694855,2026-08-14T08:07:35+00:00,SNXXUSDT,LONG,overheated_24h,15.555,15.166125,16.1772,sl_first,1786695300,2026-08-14T08:15:00+00:00,-1.0,stop_touch,no,,,38.0443,below_50%,sl,1786695778,15.151,52.27174383383814,rsi_lt_80,11,7,1786665600,8.126388888888888,8-11.9h
1796,1786694857,2026-08-14T08:07:37+00:00,ACEUSDT,LONG,overheated_24h,0.1459,0.1422525,0.151736,tp_first,1786696200,2026-08-14T08:30:00+00:00,1.600000000000003,target_touch,no,,,43.3237,below_50%,tp,1786695778,0.1526,82.12927756653994,rsi_ge_80,11,5,1786672800,6.126944444444445,4-7.9h
1804,1786695760,2026-08-14T08:22:40+00:00,VCXUSDT,LONG,overheated_24h,43.55,42.46125,45.292,sl_first,1786698000,2026-08-14T09:00:00+00:00,-1.0,stop_touch,no,,,37.1562,below_50%,sl,1786698659,41.86,77.35368956743001,rsi_lt_80,7,2,1786683600,3.3777777777777778,0-3.9h
1806,1786696652,2026-08-14T08:37:32+00:00,ACEUSDT,LONG,overheated_24h,0.1537,0.1498575,0.15984800000000002,tp_first,1786698900,2026-08-14T09:15:00+00:00,1.6000000000000043,target_touch,no,,,48.6071,below_50%,tp,1786698659,0.1611,82.12927756653994,rsi_ge_80,11,5,1786672800,6.625555555555556,4-7.9h
1812,1786699364,2026-08-14T09:22:44+00:00,ACEUSDT,LONG,overheated_24h,0.1633,0.15921749999999998,0.169832,tp_first,1786699800,2026-08-14T09:30:00+00:00,1.5999999999999959,target_touch,no,,,55.1724,at_or_above_50%,tp,1786700066,0.17,88.12709030100335,rsi_ge_80,11,6,1786672800,7.378888888888889,4-7.9h
1815,1786700265,2026-08-14T09:37:45+00:00,CROSSUSDT,LONG,overheated_24h,0.12244,0.11937899999999999,0.1273376,tp_first,1786700700,2026-08-14T09:45:00+00:00,1.5999999999999963,target_touch,no,,,31.1008,below_50%,sl,1786701175,0.11847,93.40071343638526,rsi_ge_80,6,5,1786676400,6.629166666666666,4-7.9h
1816,1786700271,2026-08-14T09:37:51+00:00,ACEUSDT,LONG,overheated_24h,0.1766,0.172185,0.18366400000000002,sl_first,1786700700,2026-08-14T09:45:00+00:00,-1.0,stop_touch,no,,,64.6552,at_or_above_50%,sl,1786700785,0.172185,88.12709030100335,rsi_ge_80,11,6,1786672800,7.630833333333333,4-7.9h
1826,1786703148,2026-08-14T10:25:48+00:00,SNDKUSDT,LONG,overheated_24h,1611.12,1570.8419999999999,1675.5647999999999,sl_first,1786715100,2026-08-14T13:45:00+00:00,-1.0,stop_touch,no,,,22.6944,below_50%,sl,1786714696,1570.8419999999999,78.68183338909338,rsi_lt_80,10,2,1786690800,3.43,0-3.9h
1827,1786703150,2026-08-14T10:25:50+00:00,ACEUSDT,LONG,overheated_24h,0.1952,0.19032000000000002,0.20300800000000002,sl_first,1786703400,2026-08-14T10:30:00+00:00,-1.0,stop_touch,yes,1786702691,pump_24h_fade,74.5523,at_or_above_50%,tp,1786703792,0.2114,91.33089133089133,rsi_ge_80,11,7,1786672800,8.430555555555555,8-11.9h
1846,1786707426,2026-08-14T11:37:06+00:00,ACEUSDT,LONG,overheated_24h,0.2415,0.2354625,0.25116,ambiguous,1786707900,2026-08-14T11:45:00+00:00,nan,both_barriers_same_candle,yes,1786704611,pump_24h_fade,125.9535,at_or_above_50%,tp,1786707955,0.25116,94.28341384863124,rsi_ge_80,11,8,1786672800,9.618333333333334,8-11.9h
1930,1786770331,2026-08-15T05:05:31+00:00,PRLUSDT,LONG,overheated_24h,0.39604,0.3768903571428571,0.4343392857142857,sl_first,1786773600,2026-08-15T06:00:00+00:00,-1.0,stop_touch,no,,,35.1927,below_50%,sl,1786784662,0.3593,84.0943226194052,rsi_ge_80,10,2,1786759200,3.0919444444444446,0-3.9h
1931,1786770338,2026-08-15T05:05:38+00:00,VELVETUSDT,LONG,overheated_24h,1.0709,0.8979521428571429,1.4167957142857142,sl_first,1786808700,2026-08-15T15:45:00+00:00,-1.0,stop_touch,no,,,136.0819,at_or_above_50%,sl,1786810084,0.87526,74.63958324920247,rsi_lt_80,8,0,,,no_consecutive_trend
1932,1786770385,2026-08-15T05:06:25+00:00,EPICUSDT,LONG,overheated_24h,0.3976,0.3507946428571429,0.4912107142857143,sl_first,1786797000,2026-08-15T12:30:00+00:00,-1.0,stop_touch,no,,,22.1372,below_50%,sl,1786810084,0.3376,83.65384615384616,rsi_ge_80,6,2,1786759200,3.1069444444444443,0-3.9h
1933,1786770484,2026-08-15T05:08:04+00:00,ROBOUSDT,LONG,overheated_24h,0.02026,0.018753035714285715,0.02327392857142857,sl_first,1786774500,2026-08-15T06:15:00+00:00,-1.0,stop_touch,no,,,47.9286,below_50%,sl,1786781697,0.018753035714285715,87.68000000000002,rsi_ge_80,10,0,,,no_consecutive_trend
1937,1786774023,2026-08-15T06:07:03+00:00,CYSUSDT,LONG,overheated_24h,1.4686,1.143935714285714,2.1179285714285716,sl_first,1786817700,2026-08-15T18:15:00+00:00,-1.0,stop_touch,no,,,74.7608,at_or_above_50%,sl,1786817179,1.1311,67.2067901234568,rsi_lt_80,9,2,1786762800,3.1175,0-3.9h
1940,1786775345,2026-08-15T06:29:05+00:00,STARUSDT,LONG,overheated_24h,0.09172,0.08303232142857142,0.10909535714285715,unresolved,1786861800,2026-08-16T06:30:00+00:00,0.7021438408254719,window_close,no,,,19.2436,below_50%,tp,1786957784,0.11051,66.28838451268356,rsi_lt_80,7,1,1786766400,2.484722222222222,0-3.9h
1944,1786776681,2026-08-15T06:51:21+00:00,ONGUSDT,LONG,overheated_24h,0.04837,0.04674142857142857,0.05162714285714286,sl_first,1786780800,2026-08-15T08:00:00+00:00,-1.0,stop_touch,no,,,23.4443,below_50%,sl,1786780582,0.04623,70.49469964664314,rsi_lt_80,6,2,1786762800,3.8558333333333334,0-3.9h
1948,1786777677,2026-08-15T07:07:57+00:00,HEMIUSDT,LONG,overheated_24h,0.005426,0.0052104821428571434,0.005857035714285714,tp_first,1786783500,2026-08-15T08:45:00+00:00,2.0,target_touch,no,,,21.0756,below_50%,tp,1786783166,0.005857035714285714,86.67917448405242,rsi_ge_80,8,3,1786762800,4.1325,4-7.9h
1954,1786781050,2026-08-15T08:04:10+00:00,NILUSDT,LONG,overheated_24h,0.05258,0.048307142857142854,0.06112571428571429,sl_first,1786787100,2026-08-15T09:45:00+00:00,-1.0,stop_touch,no,,,32.0322,below_50%,sl,1786786710,0.04783,81.85393258426966,rsi_ge_80,9,5,1786759200,6.069444444444445,4-7.9h
1962,1786783401,2026-08-15T08:43:21+00:00,FOLKSUSDT,LONG,overheated_24h,2.167,2.0876071428571428,2.325785714285714,sl_first,1786787100,2026-08-15T09:45:00+00:00,-1.0,stop_touch,no,,,22.1279,below_50%,sl,1786786710,1.98,88.73994638069709,rsi_ge_80,9,0,,,no_consecutive_trend
1966,1786786148,2026-08-15T09:29:08+00:00,COWUSDT,LONG,overheated_24h,0.139,0.13693214285714286,0.1431357142857143,ambiguous,1786786200,2026-08-15T09:30:00+00:00,nan,both_barriers_same_candle,no,,,39.2533,below_50%,tp,1786786349,0.1473,91.95402298850568,rsi_ge_80,4,1,1786777200,2.4855555555555555,0-3.9h
1967,1786786161,2026-08-15T09:29:21+00:00,BMTUSDT,LONG,overheated_24h,0.01907,0.016244107142857143,0.024721785714285714,sl_first,1786786200,2026-08-15T09:30:00+00:00,-1.0,stop_touch,no,,,14.8475,below_50%,sl,1786810084,0.01571,64.59627329192543,rsi_lt_80,8,1,1786777200,2.4891666666666667,0-3.9h
1971,1786787190,2026-08-15T09:46:30+00:00,AEONUSDT,LONG,overheated_24h,0.0744,0.06807107142857143,0.08705785714285713,tp_first,1786811400,2026-08-15T16:30:00+00:00,2.0,target_touch,no,,,25.5034,below_50%,tp,1786811225,0.0879,77.6411403018446,rsi_lt_80,7,1,1786777200,2.775,0-3.9h
1973,1786810396,2026-08-15T16:13:16+00:00,XNYUSDT,LONG,overheated_24h,0.008185,0.007818142857142857,0.008918714285714285,tp_first,1786847400,2026-08-16T02:30:00+00:00,2.0,target_touch,no,,,20.1959,below_50%,tp,1786848250,0.008959,80.37135278514592,rsi_ge_80,9,0,,,no_consecutive_trend
1974,1786810510,2026-08-15T16:15:10+00:00,WALUSDT,LONG,overheated_24h,0.02524,0.023940892857142855,0.027838214285714286,sl_first,1786834800,2026-08-15T23:00:00+00:00,-1.0,stop_touch,no,,,42.1752,below_50%,sl,1786838854,0.023940892857142855,73.1012658227848,rsi_lt_80,6,0,,,no_consecutive_trend
1976,1786810612,2026-08-15T16:16:52+00:00,COWUSDT,LONG,overheated_24h,0.1476,0.14094642857142858,0.16090714285714286,sl_first,1786811400,2026-08-15T16:30:00+00:00,-1.0,stop_touch,no,,,66.4683,at_or_above_50%,sl,1786810920,0.1406,78.73183619550859,rsi_lt_80,5,0,,,no_consecutive_trend
1997,1786813062,2026-08-15T16:57:42+00:00,BOMEUSDT,LONG,overheated_24h,0.0008942,0.0008394714285714286,0.001003657142857143,sl_first,1786839300,2026-08-16T00:15:00+00:00,-1.0,stop_touch,no,,,15.7283,below_50%,sl,1786838667,0.0008382,57.72413793103448,rsi_lt_80,7,4,1786791600,5.961666666666667,4-7.9h
2008,1786814089,2026-08-15T17:14:49+00:00,ENSOUSDT,LONG,overheated_24h,0.8921,0.8402482142857143,0.9958035714285715,sl_first,1786814100,2026-08-15T17:15:00+00:00,-1.0,stop_touch,no,,,20.9666,below_50%,sl,1786838667,0.8317,71.20169401799893,rsi_lt_80,7,0,,,no_consecutive_trend
2009,1786814240,2026-08-15T17:17:20+00:00,HEMIUSDT,LONG,overheated_24h,0.006443,0.006055571428571428,0.007217857142857143,tp_first,1786817700,2026-08-15T18:15:00+00:00,2.0,target_touch,no,,,43.3439,below_50%,tp,1786817179,0.007305,69.35401831129195,rsi_lt_80,7,0,,,no_consecutive_trend
2017,1786817817,2026-08-15T18:16:57+00:00,HUSDT,LONG,overheated_24h,0.14806,0.13602625,0.1721275,sl_first,1786887000,2026-08-16T13:30:00+00:00,-1.0,stop_touch,no,,,38.2361,below_50%,sl,1786886735,0.13602625,69.57983193277313,rsi_lt_80,9,1,1786809600,2.2825,0-3.9h
2019,1786820174,2026-08-15T18:56:14+00:00,BULLAUSDT,LONG,overheated_24h,0.018962,0.01819775,0.020490500000000002,tp_first,1786826700,2026-08-15T20:45:00+00:00,2.0,target_touch,no,,,21.6312,below_50%,sl,1786838667,0.018076,81.39534883720918,rsi_ge_80,8,3,1786802400,4.937222222222222,4-7.9h
2022,1786839086,2026-08-16T00:11:26+00:00,HEMIUSDT,LONG,overheated_24h,0.007127,0.006643303571428571,0.008094392857142857,sl_first,1786840200,2026-08-16T00:30:00+00:00,-1.0,stop_touch,no,,,56.4782,at_or_above_50%,sl,1786839980,0.006643303571428571,72.2729715206878,rsi_lt_80,6,1,1786831200,2.1905555555555556,0-3.9h
2025,1786839171,2026-08-16T00:12:51+00:00,CHIPUSDT,LONG,overheated_24h,0.02741,0.026033214285714285,0.03016357142857143,tp_first,1786878900,2026-08-16T11:15:00+00:00,1.9999999999999976,target_touch,no,,,21.3757,below_50%,tp,1786878318,0.03016357142857143,85.63218390804602,rsi_ge_80,9,0,,,no_consecutive_trend
2047,1786840260,2026-08-16T00:31:00+00:00,ONGUSDT,LONG,overheated_24h,0.05109,0.04855446428571429,0.056161071428571435,sl_first,1786842000,2026-08-16T01:00:00+00:00,-1.0,stop_touch,no,,,21.3361,below_50%,sl,1786842141,0.04832,79.61538461538463,rsi_lt_80,7,0,,,no_consecutive_trend
2103,1786861643,2026-08-16T06:27:23+00:00,BASEDUSDT,LONG,overheated_24h,0.0873,0.08397482142857143,0.09395035714285714,sl_first,1786872600,2026-08-16T09:30:00+00:00,-1.0,stop_touch,no,,,19.2619,below_50%,sl,1786874967,0.08271,76.48073605520416,rsi_lt_80,9,0,,,no_consecutive_trend
2123,1786865361,2026-08-16T07:29:21+00:00,PIXELUSDT,LONG,overheated_24h,0.006049,0.005765124999999999,0.006616749999999999,sl_first,1786865400,2026-08-16T07:30:00+00:00,-1.0,stop_touch,no,,,25.6934,below_50%,sl,1786866204,0.005582,79.89949748743709,rsi_lt_80,7,1,1786856400,2.4891666666666667,0-3.9h
2126,1786866427,2026-08-16T07:47:07+00:00,DOLOUSDT,LONG,overheated_24h,0.02615,0.02421767857142857,0.030014642857142858,sl_first,1786867200,2026-08-16T08:00:00+00:00,-1.0,stop_touch,no,,,32.0475,below_50%,sl,1786866713,0.02357,67.95665634674924,rsi_lt_80,6,0,,,no_consecutive_trend
2139,1786870103,2026-08-16T08:48:23+00:00,QUSDT,LONG,overheated_24h,0.026936,0.025685267857142858,0.02943746428571429,sl_first,1786904100,2026-08-16T18:15:00+00:00,-1.0,stop_touch,no,,,26.757,below_50%,sl,1786911829,0.024959,82.2892498066512,rsi_ge_80,10,6,1786842000,7.806388888888889,4-7.9h
2157,1786879633,2026-08-16T11:27:13+00:00,CHIPUSDT,LONG,overheated_24h,0.03122,0.02965732142857143,0.03434535714285714,sl_first,1786881600,2026-08-16T12:00:00+00:00,-1.0,stop_touch,no,,,29.8608,below_50%,sl,1786880827,0.02965732142857143,67.25000000000003,rsi_lt_80,9,5,1786856400,6.453611111111111,4-7.9h
2160,1786880397,2026-08-16T11:39:57+00:00,SKYAIUSDT,LONG,overheated_24h,0.07361,0.06434803571428571,0.09213392857142856,unresolved,1786967100,2026-08-17T11:45:00+00:00,0.20298070063817147,window_close,no,,,24.3089,below_50%,sl,1787078374,0.06255,81.9812126387703,rsi_ge_80,9,3,1786863600,4.6658333333333335,4-7.9h
2161,1786881609,2026-08-16T12:00:09+00:00,PRLUSDT,LONG,overheated_24h,0.38895,0.35978839285714287,0.4472732142857143,unresolved,1786968900,2026-08-17T12:15:00+00:00,0.09875998897767957,window_close,no,,,25.3432,below_50%,tp,1787030416,0.44827,73.84576357179097,rsi_lt_80,8,2,1786870800,3.0025,0-3.9h
2183,1786890405,2026-08-16T14:26:45+00:00,GIGGLEUSDT,LONG,overheated_24h,36.14,34.34857142857143,39.722857142857144,sl_first,1786890600,2026-08-16T14:30:00+00:00,-1.0,stop_touch,no,,,13.6623,below_50%,sl,1786890657,33.47,59.29203539823007,rsi_lt_80,6,1,1786881600,2.4458333333333333,0-3.9h
2185,1786892724,2026-08-16T15:05:24+00:00,BICOUSDT,LONG,overheated_24h,0.02566,0.021785714285714283,0.033408571428571426,sl_first,1786932900,2026-08-17T02:15:00+00:00,-1.0,stop_touch,no,,,32.1138,below_50%,sl,1786975332,0.02119,77.16229348882409,rsi_lt_80,9,2,1786881600,3.09,0-3.9h
2191,1786895263,2026-08-16T15:47:43+00:00,BTWUSDT,LONG,overheated_24h,0.337151,0.2945760178571428,0.4223009642857143,tp_first,1786930200,2026-08-17T01:30:00+00:00,2.0,target_touch,no,,,27.3236,below_50%,tp,1787079388,0.4223009642857143,74.63840517651546,rsi_lt_80,8,1,1786885200,2.7952777777777778,0-3.9h
2193,1786912158,2026-08-16T20:29:18+00:00,TAKEUSDT,LONG,overheated_24h,0.05277,0.046720178571428565,0.06486964285714286,unresolved,1786998600,2026-08-17T20:30:00+00:00,-0.34877062487086385,window_close,no,,,22.5374,below_50%,open,,,76.10526315789473,rsi_lt_80,7,2,1786899600,3.4883333333333333,0-3.9h
2212,1786916868,2026-08-16T21:47:48+00:00,ZEREBROUSDT,LONG,overheated_24h,0.045075,0.04288017857142857,0.04946464285714285,sl_first,1786918500,2026-08-16T22:15:00+00:00,-1.0,stop_touch,no,,,20.0176,below_50%,sl,1786949826,0.042014,64.76862487692813,rsi_lt_80,6,1,1786906800,2.796666666666667,0-3.9h
2216,1786950134,2026-08-17T07:02:14+00:00,GPSUSDT,LONG,overheated_24h,0.015056,0.013938714285714285,0.01729057142857143,tp_first,1786967100,2026-08-17T11:45:00+00:00,2.0,target_touch,no,,,73.6708,at_or_above_50%,tp,1787033723,0.01729057142857143,91.4439461883408,rsi_ge_80,9,1,1786942800,2.0372222222222223,0-3.9h
2218,1786950332,2026-08-17T07:05:32+00:00,NESUSDT,LONG,overheated_24h,0.2328,0.22568035714285714,0.2470392857142857,sl_first,1786958100,2026-08-17T09:15:00+00:00,-1.0,stop_touch,no,,,18.0735,below_50%,sl,1786957784,0.225,73.2,rsi_lt_80,8,0,,,no_consecutive_trend
2241,1786959413,2026-08-17T09:36:53+00:00,TAGUSDT,LONG,overheated_24h,0.0010612,0.0009776660714285715,0.001228267857142857,sl_first,1786965300,2026-08-17T11:15:00+00:00,-1.0,stop_touch,no,,,23.3169,below_50%,sl,1786965643,0.0009636,71.89601075750782,rsi_lt_80,6,1,1786950000,2.6147222222222224,0-3.9h
2243,1786960746,2026-08-17T09:59:06+00:00,STARUSDT,LONG,overheated_24h,0.11495,0.10785714285714286,0.12913571428571427,tp_first,1786970700,2026-08-17T12:45:00+00:00,2.0,target_touch,no,,,22.8686,below_50%,tp,1786975332,0.13248,76.90302398331593,rsi_lt_80,6,2,1786946400,3.985,0-3.9h
2248,1786961906,2026-08-17T10:18:26+00:00,ACEUSDT,LONG,overheated_24h,0.1805,0.12434642857142857,0.2928071428571428,unresolved,1787049000,2026-08-18T10:30:00+00:00,0.17808306302868426,window_close,no,,,38.9185,below_50%,open,,,68.68556701030928,rsi_lt_80,7,3,1786946400,4.307222222222222,4-7.9h
2249,1786964113,2026-08-17T10:55:13+00:00,DIAUSDT,LONG,overheated_24h,0.145,0.1389517857142857,0.15709642857142855,sl_first,1786968900,2026-08-17T12:15:00+00:00,-1.0,stop_touch,no,,,24.9155,below_50%,sl,1786975332,0.1311,86.09022556390971,rsi_ge_80,7,0,,,no_consecutive_trend
2262,1786975858,2026-08-17T14:10:58+00:00,STARUSDT,LONG,overheated_24h,0.13396,0.12582464285714284,0.15023071428571427,tp_first,1787015700,2026-08-18T01:15:00+00:00,1.9999999999999967,target_touch,no,,,45.97,below_50%,tp,1787015421,0.15023071428571427,93.68579303432725,rsi_ge_80,8,7,1786946400,8.182777777777778,8-11.9h
2271,1786978331,2026-08-17T14:52:11+00:00,HEMIUSDT,LONG,overheated_24h,0.00707,0.006122803571428572,0.008964392857142857,unresolved,1787065200,2026-08-18T15:00:00+00:00,-0.6440058066097322,window_close,no,,,28.4614,below_50%,tp,1787151653,0.009177,59.97023809523809,rsi_lt_80,7,4,1786957200,5.869722222222222,4-7.9h
2274,1786978481,2026-08-17T14:54:41+00:00,SNXXUSDT,LONG,overheated_24h,19.497,18.489964285714287,21.511071428571427,sl_first,1787018400,2026-08-18T02:00:00+00:00,-1.0,stop_touch,no,,,16.8946,below_50%,sl,1787022599,17.626,74.85584843492592,rsi_lt_80,7,1,1786968000,2.911388888888889,0-3.9h
2277,1786979928,2026-08-17T15:18:48+00:00,AEONUSDT,LONG,overheated_24h,0.08671,0.07723374999999999,0.10566249999999999,unresolved,1787067000,2026-08-18T15:30:00+00:00,0.19944598337950156,window_close,no,,,33.5732,below_50%,sl,1787157528,0.07642,69.07834101382488,rsi_lt_80,7,1,1786971600,2.3133333333333335,0-3.9h
2278,1786979937,2026-08-17T15:18:57+00:00,MVLLUSDT,LONG,overheated_24h,31.97,30.868035714285714,34.17392857142857,sl_first,1786994100,2026-08-17T19:15:00+00:00,-1.0,stop_touch,no,,,17.0847,below_50%,sl,1786993956,30.85,80.25682182985554,rsi_ge_80,8,2,1786968000,3.3158333333333334,0-3.9h
2283,1786981077,2026-08-17T15:37:57+00:00,AXTIUSDT,LONG,overheated_24h,93.79,90.8757142857143,99.61857142857143,sl_first,1787023800,2026-08-18T03:30:00+00:00,-1.0,stop_touch,no,,,16.4007,below_50%,sl,1787023032,90.77,83.59535201640469,rsi_ge_80,8,2,1786968000,3.6325,0-3.9h
2287,1786982243,2026-08-17T15:57:23+00:00,EDENUSDT,LONG,overheated_24h,0.05444,0.04521446428571429,0.07289107142857143,unresolved,1787068800,2026-08-18T16:00:00+00:00,-0.109478737200705,window_close,no,,,27.7909,below_50%,open,,,68.96907216494847,rsi_lt_80,9,7,1786950000,8.956388888888888,8-11.9h
2312,1786983327,2026-08-17T16:15:27+00:00,TUTUSDT,LONG,overheated_24h,0.047623,0.03857328571428571,0.06572242857142857,sl_first,1787030100,2026-08-18T05:15:00+00:00,-1.0,stop_touch,yes,1786982377,pump_24h_fade,60.1576,at_or_above_50%,sl,1787151653,0.036663,67.59688289806235,rsi_lt_80,6,3,1786968000,4.2575,4-7.9h
2314,1786983506,2026-08-17T16:18:26+00:00,FHEUSDT,LONG,overheated_24h,0.03214,0.03029071428571429,0.03583857142857143,sl_first,1786985100,2026-08-17T16:45:00+00:00,-1.0,stop_touch,no,,,35.004,below_50%,sl,1786984568,0.02969,77.17206132879045,rsi_lt_80,5,1,1786975200,2.3072222222222223,0-3.9h
2324,1786986895,2026-08-17T17:14:55+00:00,CBRSUSDT,LONG,overheated_24h,256.7,248.77142857142857,272.5571428571428,sl_first,1787018400,2026-08-18T02:00:00+00:00,-1.0,stop_touch,no,,,17.8943,below_50%,sl,1787022599,246.0,90.88541666666667,rsi_ge_80,8,4,1786968000,5.248611111111111,4-7.9h
2326,1786987173,2026-08-17T17:19:33+00:00,HFTUSDT,LONG,overheated_24h,0.00819,0.0072825,0.010004999999999998,sl_first,1786994100,2026-08-17T19:15:00+00:00,-1.0,stop_touch,yes,1786986951,pump_fade_confirmed,63.0363,at_or_above_50%,sl,1786993446,0.0072825,76.17187499999997,rsi_lt_80,7,3,1786971600,4.325833333333334,4-7.9h
2383,1787012606,2026-08-18T00:23:26+00:00,ACUUSDT,LONG,overheated_24h,0.13368,0.11716499999999999,0.16671,sl_first,1787029200,2026-08-18T05:00:00+00:00,-1.0,stop_touch,no,,,32.2542,below_50%,sl,1787036497,0.11716499999999999,74.57311393977024,rsi_lt_80,9,1,1787004000,2.3905555555555558,0-3.9h
2394,1787016243,2026-08-18T01:24:03+00:00,PIEVERSEUSDT,LONG,overheated_24h,0.9786,0.9226982142857143,1.0904035714285714,sl_first,1787029200,2026-08-18T05:00:00+00:00,-1.0,stop_touch,no,,,17.2624,below_50%,sl,1787029946,0.8811,80.83129584352078,rsi_ge_80,9,2,1787004000,3.4008333333333334,0-3.9h
2418,1787030394,2026-08-18T05:19:54+00:00,REDUSDT,LONG,overheated_24h,0.1061,0.10124642857142857,0.11580714285714286,sl_first,1787031000,2026-08-18T05:30:00+00:00,-1.0,stop_touch,no,,,37.5456,below_50%,sl,1787030595,0.10124642857142857,94.09722222222224,rsi_ge_80,8,4,1787011200,5.331666666666667,4-7.9h
2443,1787031643,2026-08-18T05:40:43+00:00,REDUSDT,LONG,overheated_24h,0.1068,0.10194642857142858,0.11650714285714286,sl_first,1787036400,2026-08-18T07:00:00+00:00,-1.0,stop_touch,no,,,37.5456,below_50%,sl,1787036407,0.10194642857142858,94.09722222222224,rsi_ge_80,8,4,1787011200,5.6786111111111115,4-7.9h
2465,1787044755,2026-08-18T09:19:15+00:00,VVVUSDT,LONG,overheated_24h,14.092,13.607767857142859,15.060464285714286,sl_first,1787114700,2026-08-19T04:45:00+00:00,-1.0,stop_touch,no,,,17.3176,below_50%,tp,1787290361,15.231,82.6498422712934,rsi_ge_80,8,5,1787022000,6.320833333333334,4-7.9h
2505,1787046218,2026-08-18T09:43:38+00:00,CLOUSDT,LONG,overheated_24h,0.13744,0.13379607142857144,0.14472785714285716,tp_first,1787054400,2026-08-18T12:00:00+00:00,2.0000000000000075,target_touch,no,,,19.9223,below_50%,tp,1787054094,0.1448,76.47427854454203,rsi_lt_80,7,1,1787036400,2.727222222222222,0-3.9h
2509,1787053072,2026-08-18T11:37:52+00:00,OPNUSDT,LONG,overheated_24h,0.0597,0.05732357142857143,0.06445285714285715,sl_first,1787055300,2026-08-18T12:15:00+00:00,-1.0,stop_touch,no,,,18.4483,below_50%,sl,1787055263,0.05732357142857143,91.58751696065126,rsi_ge_80,10,9,1787014800,10.63111111111111,8-11.9h
2533,1787058838,2026-08-18T13:13:58+00:00,GPSUSDT,LONG,overheated_24h,0.018157,0.01633198214285714,0.021807035714285713,sl_first,1787103900,2026-08-19T01:45:00+00:00,-1.0,stop_touch,no,,,32.6768,below_50%,sl,1787151653,0.011934,76.3109354413702,rsi_lt_80,6,2,1787047200,3.2327777777777778,0-3.9h
2535,1787059058,2026-08-18T13:17:38+00:00,JCTUSDT,LONG,overheated_24h,0.002676,0.002419285714285714,0.0031894285714285714,sl_first,1787071500,2026-08-18T16:45:00+00:00,-1.0,stop_touch,no,,,18.7881,below_50%,sl,1787078374,0.002074,86.51162790697684,rsi_ge_80,8,2,1787047200,3.293888888888889,0-3.9h
2550,1787060329,2026-08-18T13:38:49+00:00,APRUSDT,LONG,overheated_24h,0.21413,0.1416483928571428,0.3590932142857143,unresolved,1787147100,2026-08-19T13:45:00+00:00,-0.2211595552566289,window_close,no,,,20.2054,below_50%,open,,,77.98112668001147,rsi_lt_80,7,2,1787047200,3.6469444444444443,0-3.9h
2551,1787060389,2026-08-18T13:39:49+00:00,PRLUSDT,LONG,overheated_24h,0.44878,0.40724392857142855,0.5318521428571429,sl_first,1787139000,2026-08-19T11:30:00+00:00,-1.0,stop_touch,no,,,28.3414,below_50%,sl,1787151653,0.36331,80.36410923276985,rsi_ge_80,8,2,1787047200,3.663611111111111,0-3.9h
2563,1787062262,2026-08-18T14:11:02+00:00,RATSUSDT,LONG,overheated_24h,5.182e-05,4.9370178571428576e-05,5.671964285714286e-05,sl_first,1787062500,2026-08-18T14:15:00+00:00,-1.0,stop_touch,no,,,17.4745,below_50%,sl,1787078374,4.698e-05,84.88241881298993,rsi_ge_80,7,5,1787040000,6.183888888888889,4-7.9h
2573,1787064029,2026-08-18T14:40:29+00:00,SOXSUSDT,LONG,overheated_24h,44.01,42.802499999999995,46.425,sl_first,1787143500,2026-08-19T12:45:00+00:00,-1.0,stop_touch,no,,,21.2679,below_50%,tp,1787151704,46.425,91.24820659971306,rsi_ge_80,9,7,1787032800,8.674722222222222,8-11.9h
2582,1787079153,2026-08-18T18:52:33+00:00,CLOUSDT,LONG,overheated_24h,0.14693,0.14164464285714287,0.1575007142857143,sl_first,1787089500,2026-08-18T21:45:00+00:00,-1.0,stop_touch,no,,,32.0673,below_50%,sl,1787151653,0.12508,67.59145088368268,rsi_lt_80,8,1,1787068800,2.8758333333333335,0-3.9h
2587,1787079288,2026-08-18T18:54:48+00:00,ALPINEUSDT,LONG,overheated_24h,0.391,0.3798839285714286,0.4132321428571429,sl_first,1787087700,2026-08-18T21:15:00+00:00,-1.0,stop_touch,no,,,39.7011,below_50%,sl,1787151653,0.3262,79.35003385240351,rsi_lt_80,7,0,,,no_consecutive_trend
2596,1787081600,2026-08-18T19:33:20+00:00,LAUSDT,LONG,overheated_24h,0.05784,0.05530392857142857,0.06291214285714286,sl_first,1787112000,2026-08-19T04:00:00+00:00,-1.0,stop_touch,no,,,22.1543,below_50%,tp,1787320339,0.06292,72.8070175438597,rsi_lt_80,9,0,,,no_consecutive_trend
2602,1787152375,2026-08-19T15:12:55+00:00,BTWUSDT,LONG,overheated_24h,0.65909,0.5915626785714285,0.7941446428571428,sl_first,1787155200,2026-08-19T16:00:00+00:00,-1.0,stop_touch,no,,,106.7369,at_or_above_50%,sl,1787157528,0.556231,77.57890680592627,rsi_lt_80,8,2,1787140800,3.2152777777777777,0-3.9h
2607,1787152466,2026-08-19T15:14:26+00:00,MUBARAKUSDT,LONG,overheated_24h,0.02031,0.019114285714285716,0.022701428571428574,tp_first,1787154300,2026-08-19T15:45:00+00:00,2.0,target_touch,no,,,21.9394,below_50%,tp,1787153958,0.02319,86.01583113456459,rsi_ge_80,10,3,1787137200,4.240555555555556,4-7.9h
2608,1787152480,2026-08-19T15:14:40+00:00,TREEUSDT,LONG,overheated_24h,0.04097,0.03973946428571428,0.04343107142857143,sl_first,1787154300,2026-08-19T15:45:00+00:00,-1.0,stop_touch,no,,,28.6632,below_50%,sl,1787153958,0.03973946428571428,88.86679920477145,rsi_ge_80,6,3,1787137200,4.2444444444444445,4-7.9h
2609,1787152561,2026-08-19T15:16:01+00:00,HEMIUSDT,LONG,overheated_24h,0.009377,0.008012053571428571,0.012106892857142858,unresolved,1787239800,2026-08-20T15:30:00+00:00,-0.2762013161165408,window_close,no,,,51.8005,at_or_above_50%,tp,1787313060,0.012248,72.47744052502051,rsi_lt_80,6,0,,,no_consecutive_trend
2610,1787152568,2026-08-19T15:16:08+00:00,STARUSDT,LONG,overheated_24h,0.14618,0.1308007142857143,0.17693857142857145,unresolved,1787239800,2026-08-20T15:30:00+00:00,-0.5162788537457623,window_close,no,,,52.8252,at_or_above_50%,open,,,83.58235190718932,rsi_ge_80,8,0,,,no_consecutive_trend
2626,1787157973,2026-08-19T16:46:13+00:00,TREEUSDT,LONG,overheated_24h,0.04196,0.04018464285714285,0.045510714285714286,tp_first,1787161500,2026-08-19T17:45:00+00:00,1.999999999999996,target_touch,no,,,43.5913,below_50%,tp,1787161035,0.04568,91.1251980982568,rsi_ge_80,6,4,1787137200,5.770277777777777,4-7.9h
2627,1787158015,2026-08-19T16:46:55+00:00,MUBARAKUSDT,LONG,overheated_24h,0.02475,0.023288035714285716,0.02767392857142857,sl_first,1787159700,2026-08-19T17:15:00+00:00,-1.0,stop_touch,no,,,51.2312,at_or_above_50%,sl,1787159634,0.023288035714285716,92.51412429378527,rsi_ge_80,11,4,1787137200,5.781944444444444,4-7.9h
2628,1787158044,2026-08-19T16:47:24+00:00,BIOUSDT,LONG,overheated_24h,0.02894,0.028108571428571427,0.030602857142857143,sl_first,1787160600,2026-08-19T17:30:00+00:00,-1.0,stop_touch,no,,,21.1043,below_50%,sl,1787160300,0.02793,90.98901098901092,rsi_ge_80,7,5,1787133600,6.79,4-7.9h
2629,1787158131,2026-08-19T16:48:51+00:00,REUSDT,LONG,overheated_24h,0.49719,0.474615,0.54234,tp_first,1787167800,2026-08-19T19:30:00+00:00,2.0,target_touch,no,,,30.0338,below_50%,tp,1787167393,0.54234,84.08872773808255,rsi_ge_80,9,7,1787126400,8.814166666666667,8-11.9h
2630,1787158136,2026-08-19T16:48:56+00:00,GRVTUSDT,LONG,overheated_24h,0.332,0.3137642857142857,0.36847142857142856,sl_first,1787159700,2026-08-19T17:15:00+00:00,-1.0,stop_touch,no,,,20.9524,below_50%,sl,1787159349,0.3136,80.24911032028469,rsi_ge_80,7,4,1787137200,5.815555555555555,4-7.9h
2658,1787159700,2026-08-19T17:15:00+00:00,MUBARAKUSDT,LONG,overheated_24h,0.02344,0.021978035714285714,0.02636392857142857,sl_first,1787160600,2026-08-19T17:30:00+00:00,-1.0,stop_touch,yes,1787158192,pump_24h_fade,51.4114,at_or_above_50%,sl,1787160557,0.021978035714285714,94.41860465116274,rsi_ge_80,11,5,1787137200,6.25,4-7.9h
2659,1787160005,2026-08-19T17:20:05+00:00,BOMEUSDT,LONG,overheated_24h,0.0008842,0.0008306928571428572,0.0009912142857142856,tp_first,1787209200,2026-08-20T07:00:00+00:00,1.999999999999998,target_touch,no,,,19.7639,below_50%,tp,1787208357,0.0009936,89.59501557632397,rsi_ge_80,10,6,1787133600,7.334722222222222,4-7.9h
2660,1787161104,2026-08-19T17:38:24+00:00,TREEUSDT,LONG,overheated_24h,0.04163,0.03985464285714285,0.04518071428571429,tp_first,1787161500,2026-08-19T17:45:00+00:00,1.999999999999996,target_touch,no,,,43.5913,below_50%,tp,1787161176,0.04673,80.64516129032262,rsi_ge_80,6,0,,,no_consecutive_trend
2661,1787161534,2026-08-19T17:45:34+00:00,TREEUSDT,LONG,overheated_24h,0.04667,0.044894642857142855,0.05022071428571429,sl_first,1787162400,2026-08-19T18:00:00+00:00,-1.0,stop_touch,no,,,46.4668,below_50%,sl,1787162116,0.044894642857142855,80.64516129032262,rsi_ge_80,6,0,,,no_consecutive_trend
2663,1787162172,2026-08-19T17:56:12+00:00,TREEUSDT,LONG,overheated_24h,0.0456,0.043824642857142854,0.04915071428571429,sl_first,1787164200,2026-08-19T18:30:00+00:00,-1.0,stop_touch,no,,,46.4668,below_50%,sl,1787163938,0.043824642857142854,80.64516129032262,rsi_ge_80,6,0,,,no_consecutive_trend
2673,1787163264,2026-08-19T18:14:24+00:00,MAGMAUSDT,LONG,overheated_24h,0.19632,0.18729482142857143,0.21437035714285713,tp_first,1787170500,2026-08-19T20:15:00+00:00,2.0,target_touch,no,,,19.2228,below_50%,tp,1787172043,0.21526,77.48272884283243,rsi_lt_80,10,3,1787148000,4.24,4-7.9h
2675,1787164032,2026-08-19T18:27:12+00:00,TREEUSDT,LONG,overheated_24h,0.0445,0.04272464285714285,0.04805071428571429,sl_first,1787164200,2026-08-19T18:30:00+00:00,-1.0,stop_touch,yes,1787162432,pump_fade_confirmed,46.4668,below_50%,sl,1787166269,0.04272464285714285,84.67518045530264,rsi_ge_80,7,1,1787155200,2.453333333333333,0-3.9h
2677,1787167534,2026-08-19T19:25:34+00:00,HYPEUSDT,LONG,overheated_24h,69.167,67.81030357142858,71.88039285714285,ambiguous,1787167800,2026-08-19T19:30:00+00:00,nan,both_barriers_same_candle,no,,,17.0446,below_50%,tp,1787207222,71.934,79.36102236421732,rsi_lt_80,9,5,1787144400,6.426111111111111,4-7.9h
2678,1787167675,2026-08-19T19:27:55+00:00,ACUUSDT,LONG,overheated_24h,0.14292,0.12960642857142857,0.16954714285714284,sl_first,1787219100,2026-08-20T09:45:00+00:00,-1.0,stop_touch,no,,,24.127,below_50%,sl,1787218881,0.12921,88.67995487025195,rsi_ge_80,8,1,1787158800,2.4652777777777777,0-3.9h
2679,1787167754,2026-08-19T19:29:14+00:00,REUSDT,LONG,overheated_24h,0.53826,0.515685,0.58341,sl_first,1787171400,2026-08-19T20:30:00+00:00,-1.0,stop_touch,no,,,35.7547,below_50%,sl,1787207509,0.515685,94.15135054691567,rsi_ge_80,11,10,1787126400,11.487222222222222,8-11.9h
2719,1787172448,2026-08-19T20:47:28+00:00,SKYAIUSDT,LONG,overheated_24h,0.06818,0.06022571428571429,0.08408857142857143,unresolved,1787259600,2026-08-20T21:00:00+00:00,1.0887212643678166,window_close,no,,,37.2801,below_50%,open,,,77.89872219592993,rsi_lt_80,7,0,,,no_consecutive_trend
2723,1787172653,2026-08-19T20:50:53+00:00,MAGMAUSDT,LONG,overheated_24h,0.21805,0.20739303571428572,0.23936392857142857,tp_first,1787185800,2026-08-20T00:30:00+00:00,2.0000000000000027,target_touch,no,,,33.4675,below_50%,tp,1787215885,0.23936392857142857,86.48189083489201,rsi_ge_80,10,5,1787148000,6.848055555555556,4-7.9h
2785,1787207903,2026-08-20T06:38:23+00:00,REDUSDT,LONG,overheated_24h,0.1178,0.11001607142857144,0.13336785714285715,sl_first,1787217300,2026-08-20T09:15:00+00:00,-1.0,stop_touch,no,,,38.6574,below_50%,sl,1787216510,0.11,78.75,rsi_lt_80,8,3,1787191200,4.639722222222222,4-7.9h
2786,1787207930,2026-08-20T06:38:50+00:00,ETHUSDT,LONG,overheated_24h,2257.57,2211.6839285714286,2349.3421428571432,tp_first,1787244300,2026-08-20T16:45:00+00:00,2.0,target_touch,no,,,22.4813,below_50%,tp,1787244214,2349.3421428571432,79.98606833846601,rsi_lt_80,7,0,,,no_consecutive_trend
2791,1787207995,2026-08-20T06:39:55+00:00,LITUSDT,LONG,overheated_24h,2.845,2.7412857142857145,3.0524285714285715,sl_first,1787227200,2026-08-20T12:00:00+00:00,-1.0,stop_touch,no,,,27.1845,below_50%,sl,1787227103,2.7412857142857145,79.70370370370374,rsi_lt_80,8,6,1787180400,7.665277777777778,4-7.9h
2792,1787208010,2026-08-20T06:40:10+00:00,HYPEUSDT,LONG,overheated_24h,72.094,69.89569642857143,76.49060714285713,unresolved,1787294700,2026-08-21T06:45:00+00:00,0.32616059461436003,window_close,no,,,25.0185,below_50%,tp,1787318788,76.49060714285713,84.658081705151,rsi_ge_80,7,2,1787194800,3.6694444444444443,0-3.9h
2793,1787208048,2026-08-20T06:40:48+00:00,METUSDT,LONG,overheated_24h,0.2157,0.2078732142857143,0.23135357142857144,sl_first,1787225400,2026-08-20T11:30:00+00:00,-1.0,stop_touch,no,,,32.2923,below_50%,sl,1787224794,0.2074,78.86597938144331,rsi_lt_80,10,1,1787198400,2.68,0-3.9h
2794,1787208062,2026-08-20T06:41:02+00:00,AEROUSDT,LONG,overheated_24h,0.4663,0.4567160714285714,0.4854678571428571,tp_first,1787240700,2026-08-20T15:45:00+00:00,1.9999999999999942,target_touch,no,,,16.9381,below_50%,tp,1787239957,0.4855,91.13680154142583,rsi_ge_80,9,3,1787191200,4.683888888888889,4-7.9h
2796,1787208067,2026-08-20T06:41:07+00:00,ARBUSDT,LONG,overheated_24h,0.08812,0.08573017857142858,0.09289964285714286,tp_first,1787293800,2026-08-21T06:30:00+00:00,2.0,target_touch,no,,,20.0557,below_50%,tp,1787293026,0.09289964285714286,77.44742567077586,rsi_lt_80,6,0,,,no_consecutive_trend
2800,1787208209,2026-08-20T06:43:29+00:00,PNUTUSDT,LONG,overheated_24h,0.04859,0.047160714285714285,0.051448571428571434,tp_first,1787226300,2026-08-20T11:45:00+00:00,2.0,target_touch,no,,,19.3422,below_50%,tp,1787226234,0.051448571428571434,78.67549668874167,rsi_lt_80,9,0,,,no_consecutive_trend
2825,1787210142,2026-08-20T07:15:42+00:00,MONUSDT,LONG,overheated_24h,0.02498,0.024157142857142856,0.026625714285714284,tp_first,1787226300,2026-08-20T11:45:00+00:00,2.0,target_touch,no,,,16.4262,below_50%,tp,1787226116,0.026625714285714284,87.66756032171585,rsi_ge_80,9,6,1787184000,7.261666666666667,4-7.9h
2826,1787210152,2026-08-20T07:15:52+00:00,MVLLUSDT,LONG,overheated_24h,32.01,29.850535714285712,36.32892857142857,sl_first,1787227200,2026-08-20T12:00:00+00:00,-1.0,stop_touch,yes,1787209205,pump_fade_confirmed,35.9967,below_50%,sl,1787226473,29.68,66.14699331848554,rsi_lt_80,7,1,1787202000,2.2644444444444445,0-3.9h
2827,1787210164,2026-08-20T07:16:04+00:00,UPUSDT,LONG,overheated_24h,0.3954,0.36526071428571427,0.4556785714285714,unresolved,1787297400,2026-08-21T07:30:00+00:00,-0.2820239364853641,window_close,no,,,17.9374,below_50%,sl,1787340203,0.3581,77.61194029850752,rsi_lt_80,7,1,1787202000,2.267777777777778,0-3.9h
2828,1787210175,2026-08-20T07:16:15+00:00,BOMEUSDT,LONG,overheated_24h,0.0010408,0.000985342857142857,0.0011517142857142856,tp_first,1787212800,2026-08-20T08:00:00+00:00,2.0,target_touch,no,,,40.1449,below_50%,tp,1787212824,0.0011517142857142856,72.47104247104248,rsi_lt_80,9,6,1787184000,7.270833333333333,4-7.9h
2829,1787210191,2026-08-20T07:16:31+00:00,BMNRUSDT,LONG,overheated_24h,21.75,21.10607142857143,23.037857142857142,sl_first,1787233500,2026-08-20T13:45:00+00:00,-1.0,stop_touch,no,,,20.7537,below_50%,sl,1787232706,21.10607142857143,63.492063492063494,rsi_lt_80,8,2,1787198400,3.2752777777777777,0-3.9h
2830,1787210202,2026-08-20T07:16:42+00:00,CRCLXUSDT,LONG,overheated_24h,82.46,80.2030357142857,86.97392857142856,sl_first,1787233500,2026-08-20T13:45:00+00:00,-1.0,stop_touch,no,,,16.6385,below_50%,sl,1787232824,79.88,63.97058823529414,rsi_lt_80,10,4,1787191200,5.278333333333333,4-7.9h
2831,1787210207,2026-08-20T07:16:47+00:00,EDGEXUSDT,LONG,overheated_24h,0.3329,0.3198392857142857,0.35902142857142855,tp_first,1787212800,2026-08-20T08:00:00+00:00,2.0000000000000044,target_touch,no,,,21.5031,below_50%,tp,1787212697,0.35902142857142855,79.75778546712806,rsi_lt_80,6,2,1787198400,3.2797222222222224,0-3.9h
2840,1787212063,2026-08-20T07:47:43+00:00,AVAAIUSDT,LONG,overheated_24h,0.015762,0.014368125000000002,0.01854975,tp_first,1787218200,2026-08-20T09:30:00+00:00,2.0,target_touch,no,,,22.126,below_50%,tp,1787217980,0.01854975,65.85505585792036,rsi_lt_80,8,0,,,no_consecutive_trend
2842,1787212271,2026-08-20T07:51:11+00:00,USELESSUSDT,LONG,overheated_24h,0.04458,0.04206053571428572,0.04961892857142858,tp_first,1787239800,2026-08-20T15:30:00+00:00,2.0000000000000027,target_touch,no,,,23.9179,below_50%,tp,1787238996,0.04961892857142858,64.39588688946014,rsi_lt_80,4,1,1787202000,2.8530555555555557,0-3.9h
2843,1787212402,2026-08-20T07:53:22+00:00,ETHFIUSDT,LONG,overheated_24h,0.5555,0.5329839285714286,0.6005321428571428,sl_first,1787253300,2026-08-20T19:15:00+00:00,-1.0,stop_touch,no,,,14.712,below_50%,sl,1787252557,0.5329,60.65773447015831,rsi_lt_80,6,1,1787202000,2.8894444444444445,0-3.9h
2844,1787212421,2026-08-20T07:53:41+00:00,BIOUSDT,LONG,overheated_24h,0.03057,0.029552142857142857,0.032605714285714286,tp_first,1787215500,2026-08-20T08:45:00+00:00,2.0,target_touch,no,,,23.7616,below_50%,tp,1787215281,0.032605714285714286,58.69242199108472,rsi_lt_80,9,2,1787198400,3.894722222222222,0-3.9h
2849,1787212828,2026-08-20T08:00:28+00:00,EDGEXUSDT,LONG,overheated_24h,0.3629,0.34685535714285715,0.3949892857142857,sl_first,1787220900,2026-08-20T10:15:00+00:00,-1.0,stop_touch,no,,,31.324,below_50%,sl,1787220079,0.3466,87.36501079913607,rsi_ge_80,6,3,1787198400,4.007777777777778,4-7.9h
2852,1787213028,2026-08-20T08:03:48+00:00,BOMEUSDT,LONG,overheated_24h,0.001114,0.0010478875,0.001246225,tp_first,1787221800,2026-08-20T10:30:00+00:00,1.9999999999999967,target_touch,yes,1787210323,pump_24h_fade,54.9577,at_or_above_50%,tp,1787221220,0.001246225,90.71717755928283,rsi_ge_80,9,7,1787184000,8.063333333333333,8-11.9h
2884,1787214923,2026-08-20T08:35:23+00:00,COINXUSDT,LONG,overheated_24h,169.91,166.2917857142857,177.14642857142857,tp_first,1787276700,2026-08-21T01:45:00+00:00,2.0,target_touch,no,,,17.8977,below_50%,tp,1787290361,177.98,67.60098928277,rsi_lt_80,7,0,,,no_consecutive_trend
2885,1787214947,2026-08-20T08:35:47+00:00,BRETTUSDT,LONG,overheated_24h,0.004272,0.0041340535714285715,0.004547892857142857,tp_first,1787226300,2026-08-20T11:45:00+00:00,2.000000000000006,target_touch,no,,,17.7827,below_50%,tp,1787226057,0.004593,74.23208191126281,rsi_lt_80,4,2,1787202000,3.596388888888889,0-3.9h
2886,1787214979,2026-08-20T08:36:19+00:00,CRVUSDT,LONG,overheated_24h,0.2724,0.2628535714285714,0.2914928571428571,tp_first,1787274000,2026-08-21T01:00:00+00:00,2.0,target_touch,no,,,15.6913,below_50%,tp,1787290361,0.3144,72.67267267267275,rsi_lt_80,8,0,,,no_consecutive_trend
2888,1787214994,2026-08-20T08:36:34+00:00,MSTRXUSDT,LONG,overheated_24h,112.26,109.29267857142858,118.19464285714287,sl_first,1787237100,2026-08-20T14:45:00+00:00,-1.0,stop_touch,no,,,21.7283,below_50%,sl,1787236813,109.29267857142858,69.25000000000003,rsi_lt_80,6,0,,,no_consecutive_trend
2891,1787215149,2026-08-20T08:39:09+00:00,PEPEUSDT,LONG,overheated_24h,3.139e-06,3.0614285714285716e-06,3.294142857142857e-06,tp_first,1787288400,2026-08-21T05:00:00+00:00,2.0000000000000053,target_touch,no,,,22.1661,below_50%,tp,1787290361,3.35e-06,76.07843137254903,rsi_lt_80,8,2,1787202000,3.6525,0-3.9h
2892,1787215179,2026-08-20T08:39:39+00:00,VELODROMEUSDT,LONG,overheated_24h,0.01931,0.01881714285714286,0.020295714285714285,tp_first,1787300100,2026-08-21T08:15:00+00:00,2.0,target_touch,no,,,18.3022,below_50%,tp,1787300109,0.0203,97.07602339181278,rsi_ge_80,10,6,1787187600,7.660833333333334,4-7.9h
2895,1787215303,2026-08-20T08:41:43+00:00,PENDLEUSDT,LONG,overheated_24h,1.499,1.4543750000000002,1.5882500000000002,sl_first,1787220000,2026-08-20T10:00:00+00:00,-1.0,stop_touch,no,,,18.2879,below_50%,sl,1787219358,1.4543750000000002,70.98039215686273,rsi_lt_80,8,0,,,no_consecutive_trend
2902,1787217079,2026-08-20T09:11:19+00:00,CCUSDT,LONG,overheated_24h,0.10449,0.10115839285714286,0.11115321428571427,sl_first,1787251500,2026-08-20T18:45:00+00:00,-1.0,stop_touch,no,,,16.5402,below_50%,sl,1787250970,0.10115839285714286,73.6797988264879,rsi_lt_80,8,5,1787194800,6.188611111111111,4-7.9h
2904,1787217256,2026-08-20T09:14:16+00:00,牛来USDT,LONG,overheated_24h,0.06583,0.05427727272727272,0.08893545454545455,sl_first,1787259600,2026-08-20T21:00:00+00:00,-1.0,stop_touch,no,,,94.8457,at_or_above_50%,sl,1787259033,0.05427727272727272,77.55199617499402,rsi_lt_80,7,1,1787209200,2.2377777777777776,0-3.9h
2905,1787217269,2026-08-20T09:14:29+00:00,ORDIUSDT,LONG,overheated_24h,3.961,3.856160714285714,4.170678571428571,tp_first,1787220900,2026-08-20T10:15:00+00:00,1.9999999999999958,target_touch,no,,,16.7013,below_50%,tp,1787220445,4.170678571428571,80.29850746268656,rsi_ge_80,7,3,1787202000,4.241388888888889,4-7.9h
2906,1787217286,2026-08-20T09:14:46+00:00,XRPUSDT,LONG,overheated_24h,1.1584,1.1381875000000001,1.198825,tp_first,1787232600,2026-08-20T13:30:00+00:00,2.0,target_touch,no,,,15.2358,below_50%,tp,1787232103,1.2008,73.05585980284778,rsi_lt_80,9,5,1787194800,6.246111111111111,4-7.9h
2907,1787217304,2026-08-20T09:15:04+00:00,JCTUSDT,LONG,overheated_24h,0.002249,0.0019625535714285717,0.0028218928571428574,sl_first,1787230800,2026-08-20T13:00:00+00:00,-1.0,stop_touch,no,,,35.8039,below_50%,sl,1787230187,0.0019625535714285717,77.20930232558138,rsi_lt_80,7,1,1787209200,2.2511111111111113,0-3.9h
2908,1787217312,2026-08-20T09:15:12+00:00,MOODENGUSDT,LONG,overheated_24h,0.04047,0.039401785714285716,0.04260642857142857,tp_first,1787238000,2026-08-20T15:00:00+00:00,2.0000000000000067,target_touch,no,,,15.8526,below_50%,tp,1787237950,0.04260642857142857,77.93427230046942,rsi_lt_80,6,1,1787209200,2.2533333333333334,0-3.9h
2912,1787217396,2026-08-20T09:16:36+00:00,FORMUSDT,LONG,overheated_24h,0.234,0.22745357142857145,0.24709285714285714,tp_first,1787218200,2026-08-20T09:30:00+00:00,2.0,target_touch,no,,,18.2088,below_50%,tp,1787217534,0.24709285714285714,78.32512315270932,rsi_lt_80,7,3,1787202000,4.276666666666666,4-7.9h
2926,1787219121,2026-08-20T09:45:21+00:00,MAGMAUSDT,LONG,overheated_24h,0.25619,0.2404667857142857,0.28763642857142857,sl_first,1787223600,2026-08-20T11:00:00+00:00,-1.0,stop_touch,no,,,53.7344,at_or_above_50%,sl,1787222997,0.23841,69.98213887028355,rsi_lt_80,8,1,1787209200,2.7558333333333334,0-3.9h
2929,1787219474,2026-08-20T09:51:14+00:00,ENAUSDT,LONG,overheated_24h,0.09749,0.09465767857142857,0.10315464285714285,tp_first,1787246100,2026-08-20T17:15:00+00:00,2.0,target_touch,no,,,16.6965,below_50%,tp,1787245384,0.10325,77.04615384615386,rsi_lt_80,8,3,1787202000,4.853888888888889,4-7.9h
2944,1787221423,2026-08-20T10:23:43+00:00,PYTHUSDT,LONG,overheated_24h,0.04425,0.04304517857142857,0.04665964285714286,tp_first,1787290200,2026-08-21T05:30:00+00:00,2.0,target_touch,no,,,16.82,below_50%,tp,1787290411,0.04668,77.53623188405793,rsi_lt_80,6,2,1787209200,3.395277777777778,0-3.9h
2948,1787221527,2026-08-20T10:25:27+00:00,TURBOUSDT,LONG,overheated_24h,0.0008785,0.000860725,0.00091405,tp_first,1787240700,2026-08-20T15:45:00+00:00,1.999999999999994,target_touch,no,,,14.6789,below_50%,tp,1787240134,0.0009146,78.18361303060215,rsi_lt_80,6,0,,,no_consecutive_trend
2949,1787221571,2026-08-20T10:26:11+00:00,SUSDT,LONG,overheated_24h,0.02449,0.023861607142857143,0.025746785714285715,tp_first,1787300100,2026-08-21T08:15:00+00:00,1.9999999999999944,target_touch,no,,,16.8167,below_50%,tp,1787299444,0.02579,74.14448669201528,rsi_lt_80,6,0,,,no_consecutive_trend
2955,1787223470,2026-08-20T10:57:50+00:00,WIFUSDT,LONG,overheated_24h,0.1568,0.15329107142857143,0.16381785714285713,tp_first,1787247000,2026-08-20T17:30:00+00:00,2.0,target_touch,no,,,15.3338,below_50%,tp,1787246974,0.16381785714285713,76.84729064039414,rsi_lt_80,7,0,,,no_consecutive_trend
2979,1787225739,2026-08-20T11:35:39+00:00,CROUSDT,LONG,overheated_24h,0.05306,0.052235000000000004,0.05471,tp_first,1787239800,2026-08-20T15:30:00+00:00,2.0,target_touch,no,,,15.2612,below_50%,tp,1787239806,0.05471,84.67741935483875,rsi_ge_80,7,3,1787209200,4.594166666666666,4-7.9h
2995,1787227524,2026-08-20T12:05:24+00:00,PENGUUSDT,LONG,overheated_24h,0.007209,0.007001035714285715,0.0076249285714285716,sl_first,1787233500,2026-08-20T13:45:00+00:00,-1.0,stop_touch,no,,,17.7796,below_50%,sl,1787233067,0.006977,76.07313195548488,rsi_lt_80,7,2,1787216400,3.09,0-3.9h
3003,1787227555,2026-08-20T12:05:55+00:00,BOMEUSDT,LONG,overheated_24h,0.0013229,0.001248623214285714,0.0014714535714285713,sl_first,1787228100,2026-08-20T12:15:00+00:00,-1.0,stop_touch,yes,1787225813,pump_24h_fade,76.8954,at_or_above_50%,sl,1787228125,0.001248623214285714,94.42078364565587,rsi_ge_80,10,3,1787212800,4.098611111111111,4-7.9h
3004,1787227561,2026-08-20T12:06:01+00:00,MONUSDT,LONG,overheated_24h,0.0268,0.025788035714285715,0.02882392857142857,sl_first,1787231700,2026-08-20T13:15:00+00:00,-1.0,stop_touch,no,,,24.5274,below_50%,sl,1787231715,0.025788035714285715,88.97637795275594,rsi_ge_80,10,3,1787212800,4.1002777777777775,4-7.9h
3005,1787227577,2026-08-20T12:06:17+00:00,AVAAIUSDT,LONG,overheated_24h,0.017394,0.015902035714285716,0.02037792857142857,tp_first,1787249700,2026-08-20T18:15:00+00:00,2.000000000000002,target_touch,yes,1787225813,pump_24h_fade,42.3053,below_50%,tp,1787249480,0.02037792857142857,78.42129139573568,rsi_lt_80,6,0,,,no_consecutive_trend
3007,1787227597,2026-08-20T12:06:37+00:00,INJUSDT,LONG,overheated_24h,4.879,4.730928571428571,5.175142857142856,sl_first,1787230800,2026-08-20T13:00:00+00:00,-1.0,stop_touch,no,,,15.5777,below_50%,sl,1787230544,4.716,75.57894736842107,rsi_lt_80,6,0,,,no_consecutive_trend
3009,1787227639,2026-08-20T12:07:19+00:00,MEGAUSDT,LONG,overheated_24h,0.0378,0.03640714285714286,0.04058571428571429,tp_first,1787313600,2026-08-21T12:00:00+00:00,2.000000000000005,target_touch,no,,,20.2151,below_50%,tp,1787312788,0.04067,70.45075125208686,rsi_lt_80,7,2,1787216400,3.1219444444444444,0-3.9h
3010,1787227722,2026-08-20T12:08:42+00:00,BIOUSDT,LONG,overheated_24h,0.03132,0.03004982142857143,0.03386035714285714,unresolved,1787314500,2026-08-21T12:15:00+00:00,0.7794179671024867,window_close,no,,,33.3597,below_50%,open,,,69.64705882352942,rsi_lt_80,8,0,,,no_consecutive_trend
3011,1787227730,2026-08-20T12:08:50+00:00,FLOCKUSDT,LONG,overheated_24h,0.03282,0.031981607142857145,0.034496785714285716,sl_first,1787230800,2026-08-20T13:00:00+00:00,-1.0,stop_touch,no,,,17.9269,below_50%,sl,1787230187,0.03196,84.40366972477064,rsi_ge_80,8,4,1787209200,5.147222222222222,4-7.9h
3015,1787227813,2026-08-20T12:10:13+00:00,PNUTUSDT,LONG,overheated_24h,0.05198,0.05038946428571428,0.05516107142857143,tp_first,1787300100,2026-08-21T08:15:00+00:00,1.9999999999999956,target_touch,no,,,27.1042,below_50%,tp,1787299929,0.05516107142857143,86.58536585365852,rsi_ge_80,10,1,1787220000,2.1702777777777778,0-3.9h
3016,1787227861,2026-08-20T12:11:01+00:00,XLMUSDT,LONG,overheated_24h,0.18165,0.17718375,0.19058250000000002,tp_first,1787247900,2026-08-20T17:45:00+00:00,2.0,target_touch,no,,,15.7801,below_50%,tp,1787247155,0.19083,69.4241686942417,rsi_lt_80,9,6,1787202000,7.183611111111111,4-7.9h
3045,1787229348,2026-08-20T12:35:48+00:00,ORDIUSDT,LONG,overheated_24h,4.367,4.229696428571429,4.641607142857143,sl_first,1787229900,2026-08-20T12:45:00+00:00,-1.0,stop_touch,yes,1787227935,pump_24h_fade,31.6459,below_50%,sl,1787229586,4.145,86.68012108980827,rsi_ge_80,9,6,1787202000,7.596666666666667,4-7.9h
3048,1787229378,2026-08-20T12:36:18+00:00,BOMEUSDT,LONG,overheated_24h,0.0012536,0.001179323214285714,0.0014021535714285713,sl_first,1787236200,2026-08-20T14:30:00+00:00,-1.0,stop_touch,yes,1787225813,pump_24h_fade,74.9671,at_or_above_50%,sl,1787235552,0.0011765,94.42078364565587,rsi_ge_80,10,3,1787212800,4.605,4-7.9h
3049,1787229419,2026-08-20T12:36:59+00:00,COLLECTUSDT,LONG,overheated_24h,0.057,0.05412589285714286,0.06274821428571428,tp_first,1787229900,2026-08-20T12:45:00+00:00,1.9999999999999976,target_touch,no,,,18.2213,below_50%,tp,1787229526,0.06339,60.023584905660364,rsi_lt_80,7,1,1787220000,2.616388888888889,0-3.9h
3053,1787229491,2026-08-20T12:38:11+00:00,FORMUSDT,LONG,overheated_24h,0.2429,0.2344357142857143,0.2598285714285714,tp_first,1787299200,2026-08-21T08:00:00+00:00,2.0,target_touch,no,,,23.7955,below_50%,tp,1787298932,0.2602,89.18918918918916,rsi_ge_80,8,6,1787202000,7.636388888888889,4-7.9h
3054,1787229515,2026-08-20T12:38:35+00:00,BRETTUSDT,LONG,overheated_24h,0.00464,0.004478857142857143,0.004962285714285714,sl_first,1787229900,2026-08-20T12:45:00+00:00,-1.0,stop_touch,no,,,28.5909,below_50%,sl,1787229586,0.004478857142857143,78.17919075144508,rsi_lt_80,6,6,1787202000,7.643055555555556,4-7.9h
3077,1787231921,2026-08-20T13:18:41+00:00,BRETTUSDT,LONG,overheated_24h,0.0045,0.0043388571428571426,0.004822285714285714,tp_first,1787297400,2026-08-21T07:30:00+00:00,2.0,target_touch,no,,,28.5909,below_50%,tp,1787297368,0.004822285714285714,72.22963951935915,rsi_lt_80,6,0,,,no_consecutive_trend
3078,1787231995,2026-08-20T13:19:55+00:00,COLLECTUSDT,LONG,overheated_24h,0.06115,0.05827589285714286,0.0668982142857143,sl_first,1787234400,2026-08-20T14:00:00+00:00,-1.0,stop_touch,no,,,34.0228,below_50%,sl,1787233720,0.05713,79.90373044524668,rsi_lt_80,7,2,1787220000,3.3319444444444444,0-3.9h
3080,1787232095,2026-08-20T13:21:35+00:00,MONUSDT,LONG,overheated_24h,0.02592,0.024908035714285712,0.02794392857142857,tp_first,1787295600,2026-08-21T07:00:00+00:00,2.0,target_touch,no,,,24.6657,below_50%,tp,1787295444,0.02794392857142857,88.80157170923383,rsi_ge_80,10,0,,,no_consecutive_trend
3081,1787232102,2026-08-20T13:21:42+00:00,ORDIUSDT,LONG,overheated_24h,4.129,3.9916964285714283,4.403607142857142,tp_first,1787298300,2026-08-21T07:45:00+00:00,2.0,target_touch,no,,,31.6459,below_50%,tp,1787298216,4.403607142857142,73.231031543052,rsi_lt_80,8,0,,,no_consecutive_trend
3082,1787232165,2026-08-20T13:22:45+00:00,XRPUSDT,LONG,overheated_24h,1.1926,1.1680428571428572,1.2417142857142858,tp_first,1787236200,2026-08-20T14:30:00+00:00,1.999999999999991,target_touch,no,,,18.1836,below_50%,tp,1787235426,1.2435,83.89766741911205,rsi_ge_80,9,3,1787216400,4.379166666666666,4-7.9h
3099,1787234332,2026-08-20T13:58:52+00:00,PUMPUSDT,LONG,overheated_24h,0.00353,0.003331732142857143,0.003926535714285715,tp_first,1787268600,2026-08-20T23:30:00+00:00,2.0,target_touch,no,,,17.6351,below_50%,tp,1787268632,0.003926535714285715,75.33692722371964,rsi_lt_80,8,0,,,no_consecutive_trend
3100,1787234384,2026-08-20T13:59:44+00:00,THETAUSDT,LONG,overheated_24h,0.1621,0.15835,0.1696,tp_first,1787304600,2026-08-21T09:30:00+00:00,2.0,target_touch,no,,,14.9786,below_50%,tp,1787304505,0.1706,78.53881278538798,rsi_lt_80,7,1,1787223600,2.9955555555555557,0-3.9h
3103,1787234417,2026-08-20T14:00:17+00:00,RIFUSDT,LONG,overheated_24h,0.08295,0.07958196428571428,0.08968607142857142,sl_first,1787249700,2026-08-20T18:15:00+00:00,-1.0,stop_touch,no,,,16.9089,below_50%,sl,1787249380,0.07942,95.41984732824409,rsi_ge_80,9,4,1787216400,5.004722222222222,4-7.9h
3107,1787234489,2026-08-20T14:01:29+00:00,ONGUSDT,LONG,overheated_24h,0.07637,0.07037642857142856,0.08835714285714284,tp_first,1787256000,2026-08-20T20:00:00+00:00,1.9999999999999978,target_touch,no,,,29.9154,below_50%,tp,1787255371,0.08835714285714284,78.82848392036752,rsi_lt_80,5,2,1787223600,3.024722222222222,0-3.9h
3110,1787234619,2026-08-20T14:03:39+00:00,GALAUSDT,LONG,overheated_24h,0.00155,0.0014823392857142856,0.0016853214285714286,tp_first,1787296500,2026-08-21T07:15:00+00:00,2.0,target_touch,no,,,16.7166,below_50%,tp,1787296498,0.001686,77.56097560975616,rsi_lt_80,7,4,1787216400,5.060833333333333,4-7.9h
3111,1787234632,2026-08-20T14:03:52+00:00,ONUSDT,LONG,overheated_24h,0.29366,0.25102625,0.3789275,unresolved,1787321700,2026-08-21T14:15:00+00:00,0.058169877151318834,window_close,no,,,26.3701,below_50%,open,,,79.10941897036912,rsi_lt_80,5,1,1787227200,2.0644444444444443,0-3.9h
3121,1787236434,2026-08-20T14:33:54+00:00,PEOPLEUSDT,LONG,overheated_24h,0.008732,0.008406982142857143,0.009382035714285714,tp_first,1787239800,2026-08-20T15:30:00+00:00,2.0,target_touch,no,,,14.6658,below_50%,tp,1787239325,0.009382035714285714,63.02460202604923,rsi_lt_80,6,1,1787227200,2.565,0-3.9h
3122,1787236581,2026-08-20T14:36:21+00:00,STXUSDT,LONG,overheated_24h,0.1401,0.13696607142857142,0.14636785714285716,tp_first,1787271300,2026-08-21T00:15:00+00:00,2.0,target_touch,no,,,16.4452,below_50%,tp,1787270549,0.1464,74.55621301775156,rsi_lt_80,8,1,1787227200,2.6058333333333334,0-3.9h
3123,1787236586,2026-08-20T14:36:26+00:00,ROBOUSDT,LONG,overheated_24h,0.0152,0.014328392857142857,0.016943214285714284,sl_first,1787237100,2026-08-20T14:45:00+00:00,-1.0,stop_touch,no,,,20.8955,below_50%,sl,1787246436,0.0143,89.60000000000001,rsi_ge_80,7,3,1787220000,4.607222222222222,4-7.9h
3134,1787238791,2026-08-20T15:13:11+00:00,GOATUSDT,LONG,overheated_24h,0.015164,0.01487,0.015752000000000002,sl_first,1787251500,2026-08-20T18:45:00+00:00,-1.0,stop_touch,no,,,19.6493,below_50%,sl,1787251210,0.01487,89.43248532289626,rsi_ge_80,8,1,1787230800,2.2197222222222224,0-3.9h
3163,1787242987,2026-08-20T16:23:07+00:00,SATSUSDT,LONG,overheated_24h,1.23e-08,1.1854285714285713e-08,1.3191428571428571e-08,sl_first,1787249700,2026-08-20T18:15:00+00:00,-1.0,stop_touch,no,,,19.2932,below_50%,sl,1787248991,1.182e-08,79.74683544303801,rsi_lt_80,9,1,1787234400,2.3852777777777776,0-3.9h
3211,1787247366,2026-08-20T17:36:06+00:00,PENGUUSDT,LONG,overheated_24h,0.007267,0.007045321428571429,0.007710357142857143,tp_first,1787302800,2026-08-21T09:00:00+00:00,2.0,target_touch,no,,,16.951,below_50%,tp,1787302333,0.007710357142857143,79.82155113246401,rsi_lt_80,7,3,1787230800,4.601666666666667,4-7.9h
3212,1787247483,2026-08-20T17:38:03+00:00,MOODENGUSDT,LONG,overheated_24h,0.0443,0.04301803571428572,0.04686392857142857,sl_first,1787253300,2026-08-20T19:15:00+00:00,-1.0,stop_touch,no,,,22.4114,below_50%,sl,1787252467,0.04299,81.89845474613685,rsi_ge_80,7,1,1787238000,2.6341666666666668,0-3.9h
3213,1787247503,2026-08-20T17:38:23+00:00,COLLECTUSDT,LONG,overheated_24h,0.0618,0.05830017857142857,0.06879964285714285,tp_first,1787285700,2026-08-21T04:15:00+00:00,1.999999999999998,target_touch,no,,,34.0228,below_50%,tp,1787290361,0.0689,73.79857918930212,rsi_lt_80,7,1,1787238000,2.6397222222222223,0-3.9h
3214,1787247518,2026-08-20T17:38:38+00:00,FILUSDT,LONG,overheated_24h,0.7567,0.7337553571428572,0.8025892857142858,sl_first,1787255100,2026-08-20T19:45:00+00:00,-1.0,stop_touch,no,,,16.3673,below_50%,sl,1787254292,0.7311,90.31249999999983,rsi_ge_80,9,7,1787216400,8.643888888888888,8-11.9h
3215,1787247572,2026-08-20T17:39:32+00:00,CROUSDT,LONG,overheated_24h,0.05462,0.053418928571428576,0.057022142857142855,sl_first,1787249700,2026-08-20T18:15:00+00:00,-1.0,stop_touch,no,,,16.8751,below_50%,sl,1787249592,0.05303,76.0215053763441,rsi_lt_80,8,0,,,no_consecutive_trend
3216,1787247595,2026-08-20T17:39:55+00:00,PEOPLEUSDT,LONG,overheated_24h,0.010315,0.009925375,0.01109425,sl_first,1787250600,2026-08-20T18:30:00+00:00,-1.0,stop_touch,yes,1787244087,high_rejection_short,34.0633,below_50%,sl,1787249948,0.009925375,85.80101180438454,rsi_ge_80,7,4,1787227200,5.665277777777778,4-7.9h
3217,1787247602,2026-08-20T17:40:02+00:00,WIFUSDT,LONG,overheated_24h,0.1628,0.15859464285714286,0.1712107142857143,sl_first,1787251500,2026-08-20T18:45:00+00:00,-1.0,stop_touch,no,,,17.6471,below_50%,sl,1787250970,0.15859464285714286,80.55555555555559,rsi_ge_80,9,4,1787227200,5.667222222222223,4-7.9h
3218,1787247610,2026-08-20T17:40:10+00:00,AEROUSDT,LONG,overheated_24h,0.4837,0.4719357142857143,0.5072285714285715,sl_first,1787334300,2026-08-21T17:45:00+00:00,-1.0,stop_touch,no,,,17.0621,below_50%,sl,1787340203,0.4673,83.00395256917002,rsi_ge_80,8,3,1787230800,4.669444444444444,4-7.9h
3219,1787247637,2026-08-20T17:40:37+00:00,ENAUSDT,LONG,overheated_24h,0.10544,0.10201946428571429,0.11228107142857144,tp_first,1787260500,2026-08-20T21:15:00+00:00,2.0,target_touch,no,,,20.467,below_50%,tp,1787259722,0.11237,77.54524886877827,rsi_lt_80,8,3,1787230800,4.676944444444445,4-7.9h
3222,1787247671,2026-08-20T17:41:11+00:00,TURBOUSDT,LONG,overheated_24h,0.0009243,0.0009031339285714285,0.0009666321428571428,tp_first,1787292000,2026-08-21T06:00:00+00:00,1.999999999999995,target_touch,no,,,16.1595,below_50%,tp,1787292036,0.000967,86.101083032491,rsi_ge_80,8,2,1787234400,3.6863888888888887,0-3.9h
3224,1787247731,2026-08-20T17:42:11+00:00,XRPUSDT,LONG,overheated_24h,1.325,1.2960982142857143,1.3828035714285714,sl_first,1787249700,2026-08-20T18:15:00+00:00,-1.0,stop_touch,no,,,25.9629,below_50%,sl,1787249020,1.2957,96.304254404813,rsi_ge_80,11,7,1787216400,8.703055555555556,8-11.9h
3225,1787247751,2026-08-20T17:42:31+00:00,XLMUSDT,LONG,overheated_24h,0.19001,0.1853230357142857,0.1993839285714286,sl_first,1787249700,2026-08-20T18:15:00+00:00,-1.0,stop_touch,no,,,15.9338,below_50%,sl,1787248960,0.1853230357142857,79.50558213716114,rsi_lt_80,9,2,1787234400,3.7086111111111113,0-3.9h
3226,1787247798,2026-08-20T17:43:18+00:00,USELESSUSDT,LONG,overheated_24h,0.04814,0.04528410714285715,0.05385178571428572,tp_first,1787299200,2026-08-21T08:00:00+00:00,2.000000000000002,target_touch,no,,,23.168,below_50%,tp,1787298871,0.0543,77.92553191489365,rsi_lt_80,7,0,,,no_consecutive_trend
3232,1787249496,2026-08-20T18:11:36+00:00,COREUSDT,LONG,overheated_24h,0.02466,0.02354732142857143,0.026885357142857145,unresolved,1787336100,2026-08-21T18:15:00+00:00,0.6920237522067091,window_close,no,,,16.6509,below_50%,open,,,88.67924528301879,rsi_ge_80,10,8,1787216400,9.193333333333333,8-11.9h
3236,1787250792,2026-08-20T18:33:12+00:00,PEOPLEUSDT,LONG,overheated_24h,0.010318,0.009928375000000001,0.011097250000000001,tp_first,1787258700,2026-08-20T20:45:00+00:00,2.0000000000000044,target_touch,no,,,33.7754,below_50%,tp,1787258614,0.011097250000000001,89.38656280428434,rsi_ge_80,8,5,1787227200,6.553333333333334,4-7.9h
3237,1787250854,2026-08-20T18:34:14+00:00,AVAAIUSDT,LONG,overheated_24h,0.02014,0.01854169642857143,0.023336607142857145,sl_first,1787261400,2026-08-20T21:30:00+00:00,-1.0,stop_touch,yes,1787247809,pump_fade_confirmed,59.7248,at_or_above_50%,sl,1787260829,0.018376,88.13127528847596,rsi_ge_80,8,0,,,no_consecutive_trend
3240,1787251143,2026-08-20T18:39:03+00:00,XRPUSDT,LONG,overheated_24h,1.2644,1.2354982142857143,1.3222035714285714,sl_first,1787252400,2026-08-20T19:00:00+00:00,-1.0,stop_touch,no,,,26.5637,below_50%,sl,1787252318,1.2343,96.59482758620689,rsi_ge_80,10,0,,,no_consecutive_trend
3275,1787259283,2026-08-20T20:54:43+00:00,ONTUSDT,LONG,overheated_24h,0.0592,0.057385535714285715,0.06282892857142858,sl_first,1787259600,2026-08-20T21:00:00+00:00,-1.0,stop_touch,no,,,49.5231,below_50%,sl,1787259392,0.057385535714285715,90.59233449477352,rsi_ge_80,9,4,1787238000,5.911944444444444,4-7.9h
3276,1787259302,2026-08-20T20:55:02+00:00,龙虾USDT,LONG,overheated_24h,0.02391,0.02224419642857143,0.027241607142857144,sl_first,1787331600,2026-08-21T17:00:00+00:00,-1.0,stop_touch,no,,,16.4927,below_50%,sl,1787340203,0.021833,74.77957760918595,rsi_lt_80,9,5,1787234400,6.917222222222223,4-7.9h
3277,1787259476,2026-08-20T20:57:56+00:00,GASUSDT,LONG,overheated_24h,1.151,1.125875,1.20125,sl_first,1787259600,2026-08-20T21:00:00+00:00,-1.0,stop_touch,no,,,19.0234,below_50%,sl,1787259511,1.119,85.57692307692298,rsi_ge_80,8,1,1787248800,2.9655555555555555,0-3.9h
3288,1787261470,2026-08-20T21:31:10+00:00,ONTUSDT,LONG,overheated_24h,0.05393,0.05211553571428571,0.05755892857142857,sl_first,1787262300,2026-08-20T21:45:00+00:00,-1.0,stop_touch,no,,,51.8139,at_or_above_50%,sl,1787261612,0.05211553571428571,96.95774647887325,rsi_ge_80,9,5,1787238000,6.519444444444445,4-7.9h
3329,1787266952,2026-08-20T23:02:32+00:00,AVAAIUSDT,LONG,overheated_24h,0.019567,0.017916357142857144,0.022868285714285716,sl_first,1787274900,2026-08-21T01:15:00+00:00,-1.0,stop_touch,no,,,60.0679,at_or_above_50%,sl,1787290361,0.013705,72.12258796821793,rsi_lt_80,7,0,,,no_consecutive_trend
3330,1787266987,2026-08-20T23:03:07+00:00,PEOPLEUSDT,LONG,overheated_24h,0.010449,0.009987375,0.01137225,tp_first,1787298300,2026-08-21T07:45:00+00:00,2.0,target_touch,no,,,43.0158,below_50%,tp,1787297822,0.011386,76.14720581553843,rsi_lt_80,9,0,,,no_consecutive_trend
3332,1787267033,2026-08-20T23:03:53+00:00,ENAUSDT,LONG,overheated_24h,0.11562,0.11171196428571428,0.12343607142857144,tp_first,1787281200,2026-08-21T03:00:00+00:00,2.0,target_touch,no,,,26.5637,below_50%,tp,1787290361,0.12927,89.3589743589744,rsi_ge_80,10,9,1787230800,10.064722222222223,8-11.9h
3333,1787267106,2026-08-20T23:05:06+00:00,YBUSDT,LONG,overheated_24h,0.0895,0.0868375,0.09482499999999999,sl_first,1787270400,2026-08-21T00:00:00+00:00,-1.0,stop_touch,no,,,20.3922,below_50%,sl,1787269710,0.0868375,91.17647058823526,rsi_ge_80,9,4,1787248800,5.085,4-7.9h
3334,1787267216,2026-08-20T23:06:56+00:00,AIOTUSDT,LONG,overheated_24h,0.04531,0.043095357142857144,0.049739285714285715,sl_first,1787274900,2026-08-21T01:15:00+00:00,-1.0,stop_touch,no,,,24.9867,below_50%,sl,1787290861,0.04279,92.24343675417657,rsi_ge_80,11,9,1787230800,10.115555555555556,8-11.9h
3350,1787290696,2026-08-21T05:38:16+00:00,CRVUSDT,LONG,overheated_24h,0.3141,0.30123214285714284,0.3398357142857143,window_not_elapsed,1787340600,2026-08-21T19:30:00+00:00,0.7771301693033584,analysis_run_before_window_end,no,,,22.1216,below_50%,open,,,76.53758542141234,rsi_lt_80,8,0,,,no_consecutive_trend
3351,1787290714,2026-08-21T05:38:34+00:00,ENAUSDT,LONG,overheated_24h,0.12899,0.1240142857142857,0.13894142857142858,tp_first,1787301900,2026-08-21T08:45:00+00:00,2.0,target_touch,no,,,40.8938,below_50%,tp,1787301910,0.13894142857142858,100.0,rsi_ge_80,12,15,1787230800,16.642777777777777,12h+
3354,1787290780,2026-08-21T05:39:40+00:00,SPKUSDT,LONG,overheated_24h,0.01735,0.016896785714285715,0.018256428571428573,tp_first,1787292000,2026-08-21T06:00:00+00:00,2.0,target_touch,no,,,20.2488,below_50%,tp,1787292036,0.018256428571428573,81.81818181818186,rsi_ge_80,9,4,1787270400,5.661111111111111,4-7.9h
3360,1787290902,2026-08-21T05:41:42+00:00,WIFUSDT,LONG,overheated_24h,0.1689,0.16385357142857143,0.17899285714285715,tp_first,1787302800,2026-08-21T09:00:00+00:00,2.0000000000000053,target_touch,no,,,15.6379,below_50%,tp,1787302869,0.17899285714285715,74.44444444444447,rsi_lt_80,10,6,1787263200,7.695,4-7.9h
3362,1787290941,2026-08-21T05:42:21+00:00,STXUSDT,LONG,overheated_24h,0.1546,0.15026607142857143,0.16326785714285713,tp_first,1787302800,2026-08-21T09:00:00+00:00,2.000000000000006,target_touch,no,,,19.5472,below_50%,tp,1787302333,0.1634,91.7582417582419,rsi_ge_80,9,4,1787270400,5.7058333333333335,4-7.9h
3364,1787290989,2026-08-21T05:43:09+00:00,RSRUSDT,LONG,overheated_24h,0.001443,0.0013965000000000002,0.001536,window_not_elapsed,1787340600,2026-08-21T19:30:00+00:00,1.1827956989247326,analysis_run_before_window_end,no,,,17.7796,below_50%,open,,,77.46478873239441,rsi_lt_80,7,0,,,no_consecutive_trend
3388,1787292937,2026-08-21T06:15:37+00:00,PEPEUSDT,LONG,overheated_24h,3.412e-06,3.3009464285714286e-06,3.634107142857143e-06,tp_first,1787307300,2026-08-21T10:15:00+00:00,2.0,target_touch,no,,,18.3518,below_50%,tp,1787307153,3.634107142857143e-06,68.98876404494384,rsi_lt_80,8,3,1787277600,4.260277777777778,4-7.9h
3392,1787293017,2026-08-21T06:16:57+00:00,EIGENUSDT,LONG,overheated_24h,0.2092,0.2020375,0.223525,window_not_elapsed,1787340600,2026-08-21T19:30:00+00:00,0.6841186736474727,analysis_run_before_window_end,no,,,15.9669,below_50%,open,,,75.45787545787547,rsi_lt_80,8,3,1787277600,4.2825,4-7.9h
3393,1787293024,2026-08-21T06:17:04+00:00,XPINUSDT,LONG,overheated_24h,0.0013261,0.0011829303571428572,0.0016124392857142858,sl_first,1787316300,2026-08-21T12:45:00+00:00,-1.0,stop_touch,no,,,29.3383,below_50%,sl,1787318377,0.0011811,82.5322023248508,rsi_ge_80,7,3,1787277600,4.2844444444444445,4-7.9h
3398,1787294546,2026-08-21T06:42:26+00:00,SPKUSDT,LONG,overheated_24h,0.01698,0.016526785714285713,0.01788642857142857,tp_first,1787300100,2026-08-21T08:15:00+00:00,2.0,target_touch,no,,,36.2129,below_50%,tp,1787300169,0.01788642857142857,87.58314855875835,rsi_ge_80,9,5,1787270400,6.707222222222223,4-7.9h
3399,1787294659,2026-08-21T06:44:19+00:00,BTWUSDT,LONG,overheated_24h,0.483383,0.37180523214285716,0.7065385357142857,window_not_elapsed,1787340600,2026-08-21T19:30:00+00:00,-0.057627967681093586,analysis_run_before_window_end,no,,,95.3777,at_or_above_50%,open,,,64.06194812114246,rsi_lt_80,9,1,1787284800,2.738611111111111,0-3.9h
3400,1787294689,2026-08-21T06:44:49+00:00,BCHUSDT,LONG,overheated_24h,249.04,244.12214285714285,258.87571428571425,tp_first,1787298300,2026-08-21T07:45:00+00:00,1.9999999999999942,target_touch,no,,,19.4185,below_50%,tp,1787297548,258.9,79.1208791208791,rsi_lt_80,9,3,1787277600,4.746944444444445,4-7.9h
3401,1787294696,2026-08-21T06:44:56+00:00,COLLECTUSDT,LONG,overheated_24h,0.0714,0.06730125,0.0795975,sl_first,1787301000,2026-08-21T08:30:00+00:00,-1.0,stop_touch,no,,,48.7845,below_50%,sl,1787300470,0.06730125,70.04357298474945,rsi_lt_80,8,3,1787277600,4.748888888888889,4-7.9h
3403,1787294910,2026-08-21T06:48:30+00:00,TURBOUSDT,LONG,overheated_24h,0.0009657,0.0009384803571428572,0.0010201392857142858,tp_first,1787301000,2026-08-21T08:30:00+00:00,2.000000000000004,target_touch,no,,,16.6248,below_50%,tp,1787300947,0.0010201392857142858,72.72727272727275,rsi_lt_80,6,1,1787284800,2.808333333333333,0-3.9h
3414,1787296678,2026-08-21T07:17:58+00:00,XPLUSDT,LONG,overheated_24h,0.09483,0.09141964285714285,0.10165071428571427,tp_first,1787306400,2026-08-21T10:00:00+00:00,1.999999999999996,target_touch,no,,,16.6503,below_50%,tp,1787305589,0.10165071428571427,60.066445182724244,rsi_lt_80,9,0,,,no_consecutive_trend
3415,1787296686,2026-08-21T07:18:06+00:00,BOMEUSDT,LONG,overheated_24h,0.001293,0.0012010982142857144,0.0014768035714285716,tp_first,1787299200,2026-08-21T08:00:00+00:00,2.000000000000002,target_touch,no,,,27.8029,below_50%,tp,1787298454,0.0014901,70.07547169811318,rsi_lt_80,9,3,1787281200,4.301666666666667,4-7.9h
3416,1787296760,2026-08-21T07:19:20+00:00,ENSUSDT,LONG,overheated_24h,4.807,4.665678571428572,5.089642857142858,tp_first,1787302800,2026-08-21T09:00:00+00:00,2.0,target_touch,no,,,15.9731,below_50%,tp,1787302569,5.095,71.07023411371242,rsi_lt_80,10,3,1787281200,4.322222222222222,4-7.9h
3420,1787296945,2026-08-21T07:22:25+00:00,SSVUSDT,LONG,overheated_24h,2.733,2.6587500000000004,2.8815,tp_first,1787297400,2026-08-21T07:30:00+00:00,2.0000000000000058,target_touch,no,,,21.8457,below_50%,tp,1787296980,2.96,71.64948453608244,rsi_lt_80,7,2,1787284800,3.373611111111111,0-3.9h
3421,1787296952,2026-08-21T07:22:32+00:00,CHIPUSDT,LONG,overheated_24h,0.03341,0.03043625,0.039357500000000004,window_not_elapsed,1787340600,2026-08-21T19:30:00+00:00,-0.31946195880622086,analysis_run_before_window_end,no,,,25.8521,below_50%,open,,,65.75342465753425,rsi_lt_80,9,1,1787288400,2.3755555555555556,0-3.9h
3423,1787297000,2026-08-21T07:23:20+00:00,PROMUSDT,LONG,overheated_24h,2.334,2.1695357142857143,2.6629285714285715,tp_first,1787325300,2026-08-21T15:15:00+00:00,2.0,target_touch,no,,,32.7643,below_50%,open,,,63.03763440860217,rsi_lt_80,8,1,1787288400,2.388888888888889,0-3.9h
3432,1787298799,2026-08-21T07:53:19+00:00,ORDIUSDT,LONG,overheated_24h,4.41,4.236428571428571,4.757142857142857,window_not_elapsed,1787340600,2026-08-21T19:30:00+00:00,-0.33415637860082137,analysis_run_before_window_end,no,,,18.745,below_50%,open,,,48.520710059171634,rsi_lt_80,6,0,,,no_consecutive_trend
3433,1787298841,2026-08-21T07:54:01+00:00,FETUSDT,LONG,overheated_24h,0.151,0.14586785714285713,0.1612642857142857,tp_first,1787302800,2026-08-21T09:00:00+00:00,1.9999999999999947,target_touch,no,,,17.1694,below_50%,tp,1787302391,0.1612642857142857,74.31693989071034,rsi_lt_80,8,1,1787288400,2.9002777777777777,0-3.9h
3435,1787298873,2026-08-21T07:54:33+00:00,USELESSUSDT,LONG,overheated_24h,0.05337,0.05043,0.059250000000000004,tp_first,1787310000,2026-08-21T11:00:00+00:00,2.000000000000002,target_touch,no,,,19.0981,below_50%,tp,1787309338,0.05938,63.29113924050631,rsi_lt_80,8,1,1787288400,2.9091666666666667,0-3.9h
3437,1787298909,2026-08-21T07:55:09+00:00,BRETTUSDT,LONG,overheated_24h,0.004921,0.004732910714285715,0.005297178571428572,tp_first,1787332500,2026-08-21T17:15:00+00:00,2.0000000000000044,target_touch,no,,,17.4922,below_50%,open,,,65.75809199318576,rsi_lt_80,7,0,,,no_consecutive_trend
3438,1787298927,2026-08-21T07:55:27+00:00,PYTHUSDT,LONG,overheated_24h,0.05023,0.04872892857142857,0.05323214285714285,sl_first,1787301000,2026-08-21T08:30:00+00:00,-1.0,stop_touch,no,,,17.6706,below_50%,sl,1787300708,0.04872892857142857,78.41823056300258,rsi_lt_80,8,3,1787281200,4.924166666666666,4-7.9h
3439,1787298939,2026-08-21T07:55:39+00:00,BONKUSDT,LONG,overheated_24h,2.908e-06,2.8274285714285714e-06,3.069142857142857e-06,sl_first,1787303700,2026-08-21T09:15:00+00:00,-1.0,stop_touch,no,,,18.0427,below_50%,sl,1787303245,2.8274285714285714e-06,65.92178770949724,rsi_lt_80,8,3,1787281200,4.9275,4-7.9h
3440,1787298954,2026-08-21T07:55:54+00:00,币安人生USDT,LONG,overheated_24h,0.52002,0.4947958928571429,0.5704682142857143,window_not_elapsed,1787340600,2026-08-21T19:30:00+00:00,-0.24579660896959366,analysis_run_before_window_end,no,,,16.2741,below_50%,open,,,77.80032982367113,rsi_lt_80,7,2,1787284800,3.9316666666666666,0-3.9h
3441,1787299001,2026-08-21T07:56:41+00:00,GALAUSDT,LONG,overheated_24h,0.00175,0.0016661071428571428,0.0019177857142857143,tp_first,1787310000,2026-08-21T11:00:00+00:00,1.9999999999999973,target_touch,no,,,24.3435,below_50%,tp,1787309578,0.001925,56.013745704467325,rsi_lt_80,6,0,,,no_consecutive_trend
3471,1787300907,2026-08-21T08:28:27+00:00,ASTEROIDUSDT,LONG,overheated_24h,7.46e-05,6.836964285714285e-05,8.706071428571429e-05,sl_first,1787338800,2026-08-21T19:00:00+00:00,-1.0,stop_touch,no,,,22.8525,below_50%,open,,,61.34969325153378,rsi_lt_80,5,2,1787288400,3.4741666666666666,0-3.9h
3472,1787300923,2026-08-21T08:28:43+00:00,MOODENGUSDT,LONG,overheated_24h,0.04712,0.04531892857142857,0.050722142857142855,sl_first,1787303700,2026-08-21T09:15:00+00:00,-1.0,stop_touch,no,,,19.0416,below_50%,sl,1787303068,0.04531892857142857,70.35794183445194,rsi_lt_80,7,1,1787292000,2.4786111111111113,0-3.9h
3474,1787300982,2026-08-21T08:29:42+00:00,PEOPLEUSDT,LONG,overheated_24h,0.011548,0.010939214285714285,0.012765571428571428,tp_first,1787302800,2026-08-21T09:00:00+00:00,2.0,target_touch,yes,1787299125,pump_24h_fade,45.0438,below_50%,tp,1787302333,0.012815,68.27812593255746,rsi_lt_80,7,1,1787292000,2.495,0-3.9h
3475,1787301059,2026-08-21T08:30:59+00:00,BERAUSDT,LONG,overheated_24h,0.1922,0.18643035714285716,0.20373928571428573,sl_first,1787303700,2026-08-21T09:15:00+00:00,-1.0,stop_touch,no,,,23.3567,below_50%,sl,1787302983,0.1857,70.54794520547942,rsi_lt_80,7,2,1787288400,3.516388888888889,0-3.9h
3477,1787301093,2026-08-21T08:31:33+00:00,XRPUSDT,LONG,overheated_24h,1.3449,1.3032107142857143,1.4282785714285713,tp_first,1787306400,2026-08-21T10:00:00+00:00,2.0,target_touch,no,,,19.0789,below_50%,tp,1787306124,1.4282785714285713,50.936500685244404,rsi_lt_80,7,1,1787292000,2.5258333333333334,0-3.9h
3494,1787303092,2026-08-21T09:04:52+00:00,PUMPUSDT,LONG,overheated_24h,0.003865,0.0036164821428571426,0.004362035714285714,window_not_elapsed,1787340600,2026-08-21T19:30:00+00:00,0.028166990012215506,analysis_run_before_window_end,no,,,20.8105,below_50%,open,,,61.46341463414634,rsi_lt_80,8,1,1787295600,2.081111111111111,0-3.9h
3495,1787303112,2026-08-21T09:05:12+00:00,KAIAUSDT,LONG,overheated_24h,0.02907,0.02814107142857143,0.030927857142857142,window_not_elapsed,1787340600,2026-08-21T19:30:00+00:00,-0.7320261437908507,analysis_run_before_window_end,no,,,15.4488,below_50%,open,,,85.21560574948673,rsi_ge_80,9,6,1787277600,7.086666666666667,4-7.9h
3496,1787303280,2026-08-21T09:08:00+00:00,BBUSDT,LONG,overheated_24h,0.01081,0.010003214285714285,0.01242357142857143,tp_first,1787304600,2026-08-21T09:30:00+00:00,2.0,target_touch,no,,,22.2973,below_50%,tp,1787303783,0.01242357142857143,82.35294117647061,rsi_ge_80,8,2,1787292000,3.1333333333333333,0-3.9h
3521,1787305046,2026-08-21T09:37:26+00:00,ZECUSDT,LONG,overheated_24h,646.72,622.2791071428571,695.6017857142858,window_not_elapsed,1787340600,2026-08-21T19:30:00+00:00,1.29373342393091,analysis_run_before_window_end,no,,,16.8911,below_50%,open,,,88.52347028398557,rsi_ge_80,9,6,1787277600,7.623888888888889,4-7.9h
3522,1787305093,2026-08-21T09:38:13+00:00,ONEUSDT,LONG,overheated_24h,0.000799,0.0007667500000000001,0.0008634999999999999,sl_first,1787309100,2026-08-21T10:45:00+00:00,-1.0,stop_touch,no,,,20.0,below_50%,sl,1787308767,0.000766,82.72727272727272,rsi_ge_80,9,7,1787274000,8.636944444444444,8-11.9h
3524,1787305190,2026-08-21T09:39:50+00:00,PIEVERSEUSDT,LONG,overheated_24h,1.0817,1.0156089285714287,1.213882142857143,sl_first,1787311800,2026-08-21T11:30:00+00:00,-1.0,stop_touch,yes,1787304371,high_rejection_short,20.2859,below_50%,sl,1787311227,0.9968,80.78093306288032,rsi_ge_80,7,3,1787288400,4.663888888888889,4-7.9h
3526,1787305339,2026-08-21T09:42:19+00:00,IMXUSDT,LONG,overheated_24h,0.1213,0.1168107142857143,0.13027857142857144,window_not_elapsed,1787340600,2026-08-21T19:30:00+00:00,-0.7573587907716794,analysis_run_before_window_end,no,,,23.1231,below_50%,open,,,83.10810810810808,rsi_ge_80,9,5,1787281200,6.705277777777778,4-7.9h
3545,1787307148,2026-08-21T10:12:28+00:00,ROBOUSDT,LONG,overheated_24h,0.0152,0.014193392857142858,0.017213214285714287,tp_first,1787323500,2026-08-21T14:45:00+00:00,2.0000000000000018,target_touch,no,,,24.6032,below_50%,tp,1787340203,0.01736,78.76447876447872,rsi_lt_80,8,0,,,no_consecutive_trend
3561,1787309264,2026-08-21T10:47:44+00:00,AAVEUSDT,LONG,overheated_24h,112.22,109.21839285714286,118.22321428571428,sl_first,1787313600,2026-08-21T12:00:00+00:00,-1.0,stop_touch,no,,,17.7961,below_50%,sl,1787312908,109.21839285714286,90.48231511254018,rsi_ge_80,9,0,,,no_consecutive_trend
3562,1787309274,2026-08-21T10:47:54+00:00,VELVETUSDT,LONG,overheated_24h,0.77255,0.6629530357142857,0.9917439285714286,window_not_elapsed,1787340600,2026-08-21T19:30:00+00:00,-0.0808416552205074,analysis_run_before_window_end,no,,,25.6234,below_50%,open,,,58.990028948214814,rsi_lt_80,8,4,1787288400,5.798333333333333,4-7.9h
3566,1787309320,2026-08-21T10:48:40+00:00,RIVERUSDT,LONG,overheated_24h,3.12,2.9914285714285715,3.3771428571428572,sl_first,1787317200,2026-08-21T13:00:00+00:00,-1.0,stop_touch,no,,,18.5871,below_50%,sl,1787318377,2.961,89.20454545454541,rsi_ge_80,7,5,1787284800,6.811111111111111,4-7.9h
3567,1787309328,2026-08-21T10:48:48+00:00,STXUSDT,LONG,overheated_24h,0.1617,0.1570607142857143,0.17097857142857142,tp_first,1787332500,2026-08-21T17:15:00+00:00,2.0,target_touch,no,,,22.2802,below_50%,tp,1787340203,0.1762,86.89138576779025,rsi_ge_80,10,0,,,no_consecutive_trend
3568,1787309333,2026-08-21T10:48:53+00:00,BCHUSDT,LONG,overheated_24h,263.77,256.9733928571428,277.36321428571426,tp_first,1787324400,2026-08-21T15:00:00+00:00,1.9999999999999916,target_touch,no,,,25.5677,below_50%,tp,1787340203,292.51,90.65912636505452,rsi_ge_80,10,0,,,no_consecutive_trend
3569,1787309338,2026-08-21T10:48:58+00:00,ENAUSDT,LONG,overheated_24h,0.13924,0.13372482142857142,0.15027035714285714,tp_first,1787325300,2026-08-21T15:15:00+00:00,1.999999999999995,target_touch,no,,,48.0736,below_50%,open,,,88.3643786680276,rsi_ge_80,10,0,,,no_consecutive_trend
3572,1787309422,2026-08-21T10:50:22+00:00,PEPEUSDT,LONG,overheated_24h,3.652e-06,3.5270714285714285e-06,3.901857142857143e-06,sl_first,1787312700,2026-08-21T11:45:00+00:00,-1.0,stop_touch,no,,,20.6282,below_50%,sl,1787312007,3.526e-06,95.48254620123204,rsi_ge_80,9,7,1787277600,8.839444444444444,8-11.9h
3573,1787309491,2026-08-21T10:51:31+00:00,TURBOUSDT,LONG,overheated_24h,0.0010819,0.001050957142857143,0.0011437857142857144,sl_first,1787312700,2026-08-21T11:45:00+00:00,-1.0,stop_touch,no,,,28.9272,below_50%,sl,1787312309,0.001050957142857143,86.359126984127,rsi_ge_80,8,3,1787292000,4.858611111111111,4-7.9h
3574,1787309637,2026-08-21T10:53:57+00:00,PLUMEUSDT,LONG,overheated_24h,0.015095,0.014426107142857143,0.016432785714285716,sl_first,1787338800,2026-08-21T19:00:00+00:00,-1.0,stop_touch,no,,,17.1612,below_50%,sl,1787340203,0.01437,88.87240356083082,rsi_ge_80,9,0,,,no_consecutive_trend
3584,1787311426,2026-08-21T11:23:46+00:00,JASMYUSDT,LONG,overheated_24h,0.004334,0.004187857142857143,0.004626285714285715,window_not_elapsed,1787340600,2026-08-21T19:30:00+00:00,1.0811339198436005,analysis_run_before_window_end,no,,,17.2237,below_50%,open,,,79.08805031446533,rsi_lt_80,9,1,1787302800,2.3961111111111113,0-3.9h
3585,1787311442,2026-08-21T11:24:02+00:00,ENSUSDT,LONG,overheated_24h,5.058,4.906124999999999,5.36175,tp_first,1787329800,2026-08-21T16:30:00+00:00,1.9999999999999942,target_touch,no,,,21.5101,below_50%,open,,,89.49367088607612,rsi_ge_80,9,0,,,no_consecutive_trend
3589,1787311599,2026-08-21T11:26:39+00:00,USUALUSDT,LONG,overheated_24h,0.01141,0.011115892857142857,0.011998214285714286,tp_first,1787316300,2026-08-21T12:45:00+00:00,2.0,target_touch,no,,,28.4501,below_50%,tp,1787318489,0.011998214285714286,86.3636363636364,rsi_ge_80,7,4,1787292000,5.444166666666667,4-7.9h
3590,1787311616,2026-08-21T11:26:56+00:00,YGGUSDT,LONG,overheated_24h,0.02404,0.02337410714285714,0.02537178571428571,sl_first,1787319000,2026-08-21T13:30:00+00:00,-1.0,stop_touch,no,,,18.0247,below_50%,sl,1787318758,0.02337410714285714,90.96573208722745,rsi_ge_80,8,1,1787302800,2.448888888888889,0-3.9h
3591,1787311631,2026-08-21T11:27:11+00:00,SSVUSDT,LONG,overheated_24h,2.879,2.777214285714286,3.0825714285714283,sl_first,1787322600,2026-08-21T14:30:00+00:00,-1.0,stop_touch,no,,,30.2506,below_50%,open,,,80.77388149939539,rsi_ge_80,7,2,1787299200,3.4530555555555558,0-3.9h
3593,1787311716,2026-08-21T11:28:36+00:00,XPLUSDT,LONG,overheated_24h,0.10382,0.10027517857142856,0.11090964285714285,sl_first,1787314500,2026-08-21T12:15:00+00:00,-1.0,stop_touch,no,,,30.5464,below_50%,sl,1787314111,0.10027517857142856,92.87305122494436,rsi_ge_80,10,4,1787292000,5.476666666666667,4-7.9h
3609,1787313543,2026-08-21T11:59:03+00:00,GALAUSDT,LONG,overheated_24h,0.001892,0.0018005535714285714,0.002074892857142857,tp_first,1787330700,2026-08-21T16:45:00+00:00,2.0,target_touch,no,,,31.5254,below_50%,tp,1787340203,0.002124,79.82456140350875,rsi_lt_80,7,1,1787302800,2.984166666666667,0-3.9h
3612,1787313575,2026-08-21T11:59:35+00:00,WIFUSDT,LONG,overheated_24h,0.1867,0.1811875,0.197725,sl_first,1787319000,2026-08-21T13:30:00+00:00,-1.0,stop_touch,no,,,23.3572,below_50%,sl,1787318788,0.1811875,92.43697478991598,rsi_ge_80,11,4,1787292000,5.993055555555555,4-7.9h
3617,1787313670,2026-08-21T12:01:10+00:00,IOTAUSDT,LONG,overheated_24h,0.04146,0.04021017857142857,0.04395964285714286,window_not_elapsed,1787340600,2026-08-21T19:30:00+00:00,0.6800971567366806,analysis_run_before_window_end,no,,,16.7508,below_50%,open,,,86.05947955390323,rsi_ge_80,9,2,1787302800,3.0194444444444444,0-3.9h
3619,1787313742,2026-08-21T12:02:22+00:00,TUTUSDT,LONG,overheated_24h,0.037324,0.029809857142857145,0.05235228571428572,window_not_elapsed,1787340600,2026-08-21T19:30:00+00:00,0.7463259757790064,analysis_run_before_window_end,no,,,30.5093,below_50%,open,,,72.21427111020239,rsi_lt_80,9,6,1787288400,7.039444444444444,4-7.9h
3620,1787313769,2026-08-21T12:02:49+00:00,USELESSUSDT,LONG,overheated_24h,0.05714,0.05366910714285714,0.06408178571428572,window_not_elapsed,1787340600,2026-08-21T19:30:00+00:00,0.898904151875288,analysis_run_before_window_end,no,,,27.7966,below_50%,open,,,70.37242912729293,rsi_lt_80,7,0,,,no_consecutive_trend
3621,1787313784,2026-08-21T12:03:04+00:00,FETUSDT,LONG,overheated_24h,0.1581,0.152175,0.16995,window_not_elapsed,1787340600,2026-08-21T19:30:00+00:00,0.25316455696202617,analysis_run_before_window_end,no,,,23.5027,below_50%,open,,,68.78453038674033,rsi_lt_80,8,0,,,no_consecutive_trend
3644,1787318734,2026-08-21T13:25:34+00:00,BASEDUSDT,LONG,overheated_24h,0.09287,0.08924267857142856,0.10012464285714284,sl_first,1787327100,2026-08-21T15:45:00+00:00,-1.0,stop_touch,no,,,17.501,below_50%,open,,,78.61369399830936,rsi_lt_80,9,6,1787292000,7.426111111111111,4-7.9h
3645,1787318765,2026-08-21T13:26:05+00:00,BERAUSDT,LONG,overheated_24h,0.1928,0.1856,0.2072,window_not_elapsed,1787340600,2026-08-21T19:30:00+00:00,0.013888888888887336,analysis_run_before_window_end,no,,,29.5784,below_50%,open,,,73.99999999999997,rsi_lt_80,6,1,1787310000,2.4347222222222222,0-3.9h
3648,1787318838,2026-08-21T13:27:18+00:00,HOLOUSDT,LONG,overheated_24h,0.07069,0.06760053571428572,0.07686892857142857,sl_first,1787333400,2026-08-21T17:30:00+00:00,-1.0,stop_touch,no,,,18.3777,below_50%,sl,1787340203,0.0667,80.27397260273968,rsi_ge_80,7,1,1787310000,2.455,0-3.9h
3649,1787318866,2026-08-21T13:27:46+00:00,MEUSDT,LONG,overheated_24h,0.0723,0.07028035714285714,0.07633928571428572,sl_first,1787324400,2026-08-21T15:00:00+00:00,-1.0,stop_touch,no,,,17.7706,below_50%,sl,1787340203,0.0687,84.15841584158413,rsi_ge_80,9,1,1787310000,2.4627777777777777,0-3.9h
3650,1787318882,2026-08-21T13:28:02+00:00,FARTCOINUSDT,LONG,overheated_24h,0.1837,0.17541089285714287,0.2002782142857143,window_not_elapsed,1787340600,2026-08-21T19:30:00+00:00,0.9530580150369461,analysis_run_before_window_end,no,,,21.5583,below_50%,open,,,85.18077075883994,rsi_ge_80,9,1,1787310000,2.4672222222222224,0-3.9h
3651,1787318918,2026-08-21T13:28:38+00:00,XPLUSDT,LONG,overheated_24h,0.10435,0.10021910714285714,0.1126117857142857,sl_first,1787339700,2026-08-21T19:15:00+00:00,-1.0,stop_touch,no,,,30.467,below_50%,sl,1787340203,0.09842,79.6319018404908,rsi_lt_80,10,1,1787310000,2.477222222222222,0-3.9h
3652,1787318928,2026-08-21T13:28:48+00:00,USUALUSDT,LONG,overheated_24h,0.01196,0.011565178571428572,0.012749642857142857,window_not_elapsed,1787340600,2026-08-21T19:30:00+00:00,0.37991858887381064,analysis_run_before_window_end,no,,,32.384,below_50%,open,,,87.59398496240605,rsi_ge_80,8,6,1787292000,7.48,4-7.9h
3654,1787318938,2026-08-21T13:28:58+00:00,ZORAUSDT,LONG,overheated_24h,0.00718,0.0069641071428571425,0.007611785714285714,sl_first,1787319000,2026-08-21T13:30:00+00:00,-1.0,stop_touch,no,,,45.3465,below_50%,sl,1787319086,0.0069641071428571425,86.02620087336244,rsi_ge_80,7,1,1787310000,2.4827777777777778,0-3.9h
3655,1787318943,2026-08-21T13:29:03+00:00,PEPEUSDT,LONG,overheated_24h,3.604e-06,3.465464285714286e-06,3.881071428571429e-06,tp_first,1787332500,2026-08-21T17:15:00+00:00,2.000000000000003,target_touch,no,,,20.6282,below_50%,open,,,82.18749999999997,rsi_ge_80,10,1,1787310000,2.484166666666667,0-3.9h
3657,1787319023,2026-08-21T13:30:23+00:00,HEMIUSDT,LONG,overheated_24h,0.013019,0.011506946428571429,0.016043107142857144,sl_first,1787325300,2026-08-21T15:15:00+00:00,-1.0,stop_touch,no,,,87.2685,at_or_above_50%,sl,1787340203,0.009953,76.92600101368474,rsi_lt_80,8,0,,,no_consecutive_trend
3658,1787319035,2026-08-21T13:30:35+00:00,SCRTUSDT,LONG,overheated_24h,0.02634,0.024204642857142855,0.030610714285714286,ambiguous,1787319900,2026-08-21T13:45:00+00:00,nan,both_barriers_same_candle,no,,,59.1106,at_or_above_50%,tp,1787319086,0.030610714285714286,71.85990338164252,rsi_lt_80,8,6,1787292000,7.509722222222222,4-7.9h
3659,1787319041,2026-08-21T13:30:41+00:00,TRBUSDT,LONG,overheated_24h,16.67,16.242500000000003,17.525000000000002,tp_first,1787334300,2026-08-21T17:45:00+00:00,2.0000000000000084,target_touch,no,,,18.6844,below_50%,open,,,87.83269961977184,rsi_ge_80,8,1,1787310000,2.511388888888889,0-3.9h
3660,1787319049,2026-08-21T13:30:49+00:00,BPUSDT,LONG,overheated_24h,0.5283,0.5022428571428571,0.5804142857142857,sl_first,1787321700,2026-08-21T14:15:00+00:00,-1.0,stop_touch,no,,,35.4749,below_50%,sl,1787321384,0.5019,84.51268357810412,rsi_ge_80,6,2,1787306400,3.513611111111111,0-3.9h
3661,1787319090,2026-08-21T13:31:30+00:00,TURBOUSDT,LONG,overheated_24h,0.0010295,0.0009925196428571428,0.0011034607142857142,sl_first,1787338800,2026-08-21T19:00:00+00:00,-1.0,stop_touch,no,,,27.2031,below_50%,sl,1787340203,0.000984,70.42880258899675,rsi_lt_80,6,0,,,no_consecutive_trend
3662,1787319112,2026-08-21T13:31:52+00:00,WIFUSDT,LONG,overheated_24h,0.182,0.1755767857142857,0.19484642857142856,window_not_elapsed,1787340600,2026-08-21T19:30:00+00:00,0.591604114539893,analysis_run_before_window_end,no,,,23.3572,below_50%,open,,,94.82758620689653,rsi_ge_80,10,0,,,no_consecutive_trend
3677,1787321103,2026-08-21T14:05:03+00:00,0GUSDT,LONG,overheated_24h,0.1752,0.1682517857142857,0.18909642857142855,window_not_elapsed,1787340600,2026-08-21T19:30:00+00:00,-0.4029812387561029,analysis_run_before_window_end,no,,,15.7791,below_50%,open,,,79.45736434108532,rsi_lt_80,9,2,1787310000,3.0841666666666665,0-3.9h
3679,1787321138,2026-08-21T14:05:38+00:00,PIEVERSEUSDT,LONG,overheated_24h,1.197,1.1220642857142857,1.3468714285714287,sl_first,1787328900,2026-08-21T16:15:00+00:00,-1.0,stop_touch,no,,,30.3566,below_50%,sl,1787340203,1.1007,73.67773677736777,rsi_lt_80,8,2,1787310000,3.093888888888889,0-3.9h
3680,1787321154,2026-08-21T14:05:54+00:00,SNXUSDT,LONG,overheated_24h,0.2367,0.23076964285714285,0.24856071428571427,sl_first,1787333400,2026-08-21T17:30:00+00:00,-1.0,stop_touch,no,,,16.2916,below_50%,sl,1787340203,0.2295,80.93994778067889,rsi_ge_80,8,4,1787302800,5.098333333333334,4-7.9h
3682,1787321230,2026-08-21T14:07:10+00:00,AAVEUSDT,LONG,overheated_24h,110.75,107.33642857142857,117.57714285714286,window_not_elapsed,1787340600,2026-08-21T19:30:00+00:00,-0.42770454069888897,analysis_run_before_window_end,no,,,18.2802,below_50%,open,,,78.13397129186603,rsi_lt_80,8,2,1787310000,3.1194444444444445,0-3.9h
3684,1787321285,2026-08-21T14:08:05+00:00,ONEUSDT,LONG,overheated_24h,0.000796,0.0007622500000000001,0.0008635,window_not_elapsed,1787340600,2026-08-21T19:30:00+00:00,-0.38518518518518896,analysis_run_before_window_end,no,,,19.3595,below_50%,open,,,82.30769230769229,rsi_ge_80,10,2,1787310000,3.1347222222222224,0-3.9h
3685,1787321343,2026-08-21T14:09:03+00:00,BLESSUSDT,LONG,overheated_24h,0.008403,0.007739089285714287,0.009730821428571429,tp_first,1787335200,2026-08-21T18:00:00+00:00,2.0,target_touch,no,,,26.1268,below_50%,open,,,69.68348170128586,rsi_lt_80,8,6,1787295600,7.150833333333333,4-7.9h
3687,1787321442,2026-08-21T14:10:42+00:00,MINAUSDT,LONG,overheated_24h,0.05082,0.04946839285714286,0.053523214285714285,tp_first,1787326200,2026-08-21T15:30:00+00:00,2.0000000000000053,target_touch,no,,,16.5906,below_50%,tp,1787340203,0.05374,77.08333333333336,rsi_lt_80,8,2,1787310000,3.1783333333333332,0-3.9h
3688,1787321480,2026-08-21T14:11:20+00:00,FLOKIUSDT,LONG,overheated_24h,2.608e-05,2.531125e-05,2.76175e-05,tp_first,1787337900,2026-08-21T18:45:00+00:00,1.9999999999999956,target_touch,no,,,17.1569,below_50%,open,,,85.67901234567904,rsi_ge_80,9,2,1787310000,3.188888888888889,0-3.9h
