id,ts_open,ts_open_utc,symbol,direction,alert_type,is_shadow,signal_price,fix_cohort,entry_price,sl_price,tp_price,outcome,exit_ts,exit_ts_utc,r,reason,opposite_within_60m,opposite_ts,opposite_alert_type,range_24h_pct,range_bucket,status_existing,ts_close_existing,exit_price_existing,rsi_1h,rsi_bucket,up_count_12,trend_streak_candles,rsi_oversold_bucket,trend_start_ts,trend_delay_hours,trend_delay_bucket,rsi_source
733,1786337427,2026-08-10T04:50:27+00:00,TAKEUSDT,LONG,confluence,1,0.05332,pre_fix,0.05332,0.043511647856963535,0.07293670428607293,unresolved,1786424400,2026-08-11T05:00:00+00:00,0.28037329409633727,window_close,no,,,27.8512,below_50%,manual,1786445757,,,missing,,0,missing,,,no_consecutive_trend,reconstructed
737,1786338631,2026-08-10T05:10:31+00:00,QNTUSDT,LONG,confluence,1,57.93,pre_fix,57.93,56.99046171161575,59.8090765767685,unresolved,1786425300,2026-08-11T05:15:00+00:00,-0.14900936101365558,window_close,no,,,2.5943,below_50%,manual,1786445757,,,missing,,0,missing,,,no_consecutive_trend,reconstructed
740,1786339825,2026-08-10T05:30:25+00:00,ALGOUSDT,LONG,confluence,1,0.08225,pre_fix,0.08225,0.08013951555865657,0.08647096888268686,unresolved,1786427100,2026-08-11T05:45:00+00:00,-0.2369124311959984,window_close,no,,,6.7975,below_50%,manual,1786445757,,,missing,,0,missing,,,no_consecutive_trend,reconstructed
741,1786340128,2026-08-10T05:35:28+00:00,HEIUSDT,LONG,confluence,1,0.15496,pre_fix,0.15496,0.11229887727792863,0.2402822454441427,unresolved,1786427100,2026-08-11T05:45:00+00:00,-0.04336500968463415,window_close,no,,,28.51,below_50%,manual,1786445757,,,missing,,0,missing,,,no_consecutive_trend,reconstructed
745,1786341626,2026-08-10T06:00:26+00:00,HFTUSDT,LONG,confluence,1,0.0092,pre_fix,0.0092,0.005422457035757526,0.016755085928484948,unresolved,1786428900,2026-08-11T06:15:00+00:00,-0.11912505145794929,window_close,no,,,25.8542,below_50%,manual,1786445757,,,missing,,0,missing,,,no_consecutive_trend,reconstructed
751,1786343422,2026-08-10T06:30:22+00:00,COTIUSDT,LONG,confluence,1,0.01135,pre_fix,0.01135,0.010240938072095288,0.013568123855809428,unresolved,1786430700,2026-08-11T06:45:00+00:00,-0.34263190398926807,window_close,no,,,18.0668,below_50%,manual,1786445757,,,missing,,0,missing,,,no_consecutive_trend,reconstructed
766,1786349715,2026-08-10T08:15:15+00:00,GRVTUSDT,SHORT,confluence,1,0.382,pre_fix,0.382,0.43929999999999997,0.30560000000000004,unresolved,1786437000,2026-08-11T08:30:00+00:00,0.893542757417104,window_close,no,,,39.7861,below_50%,manual,1786445757,,,missing,,0,missing,,,no_consecutive_trend,reconstructed
769,1786351513,2026-08-10T08:45:13+00:00,XPDUSDT,LONG,confluence,1,1361.83,pre_fix,1361.83,1343.2092371090241,1399.0715257819513,tp_first,1786410900,2026-08-11T01:15:00+00:00,1.9999999999999878,target_touch,no,,,2.2051,below_50%,manual,1786445757,,,missing,,0,missing,,,no_consecutive_trend,reconstructed
770,1786353021,2026-08-10T09:10:21+00:00,TRUSTUSDT,LONG,confluence,1,0.05238,pre_fix,0.05238,0.05055683762077016,0.0560263247584597,unresolved,1786439700,2026-08-11T09:15:00+00:00,0.07130467449362016,window_close,no,,,7.6201,below_50%,manual,1786445757,,,missing,,0,missing,,,no_consecutive_trend,reconstructed
824,1786380739,2026-08-10T16:52:19+00:00,GWEIUSDT,SHORT,confluence,1,0.02885,pre_fix,0.02885,0.0343746512785008,0.017800697442998406,unresolved,1786467600,2026-08-11T17:00:00+00:00,0.6842060809720041,window_close,no,,,39.6504,below_50%,manual,1786445757,,,missing,,0,missing,,,no_consecutive_trend,reconstructed
826,1786381591,2026-08-10T17:06:31+00:00,ZESTUSDT,SHORT,confluence,1,0.18818,pre_fix,0.18818,0.21061425333944442,0.14331149332111112,unresolved,1786468500,2026-08-11T17:15:00+00:00,0.8977343571577383,window_close,no,,,21.5104,below_50%,manual,1786445757,,,missing,,0,missing,,,no_consecutive_trend,reconstructed
836,1786390349,2026-08-10T19:32:29+00:00,ARMUSDT,LONG,confluence,1,272.12,pre_fix,272.12,264.2671673904444,287.8256652191112,unresolved,1786477500,2026-08-11T19:45:00+00:00,-0.5615807975626248,window_close,no,,,7.3143,below_50%,manual,1786445757,,,missing,,0,missing,,,no_consecutive_trend,reconstructed
837,1786390350,2026-08-10T19:32:30+00:00,EBAYUSDT,LONG,confluence,1,108.27,pre_fix,108.27,105.33247518122924,114.1450496375415,unresolved,1786477500,2026-08-11T19:45:00+00:00,-0.599143874037628,window_close,no,,,7.1696,below_50%,manual,1786445757,,,missing,,0,missing,,,no_consecutive_trend,reconstructed
838,1786390651,2026-08-10T19:37:31+00:00,USUSDT,LONG,confluence,1,0.03983,pre_fix,0.03983,0.03313656259162876,0.05321687481674246,unresolved,1786477500,2026-08-11T19:45:00+00:00,-0.461795608357254,window_close,no,,,17.855,below_50%,manual,1786445757,,,missing,,0,missing,,,no_consecutive_trend,reconstructed
857,1786394555,2026-08-10T20:42:35+00:00,NEOUSDT,SHORT,confluence,1,1.804,pre_fix,1.804,1.8491,1.7138000000000002,tp_first,1786463100,2026-08-11T15:45:00+00:00,2.0,target_touch,no,,,3.3278,below_50%,manual,1786445757,,,missing,,0,missing,,,no_consecutive_trend,reconstructed
869,1786396463,2026-08-10T21:14:23+00:00,TQQQXUSDT,LONG,confluence,1,73.78,pre_fix,73.78,72.4906015259498,76.35879694810042,sl_first,1786473000,2026-08-11T18:30:00+00:00,-1.0,stop_touch,no,,,3.239,below_50%,manual,1786445757,,,missing,,0,missing,,,no_consecutive_trend,reconstructed
881,1786396777,2026-08-10T21:19:37+00:00,POPCATUSDT,SHORT,confluence,1,0.04294,pre_fix,0.04294,0.04451297415929904,0.03979405168140191,unresolved,1786483800,2026-08-11T21:30:00+00:00,0.6548105027097136,window_close,no,,,7.7783,below_50%,manual,1786445757,,,missing,,0,missing,,,no_consecutive_trend,reconstructed
921,1786398966,2026-08-10T21:56:06+00:00,ADAUSDT,LONG,confluence,1,0.1922,pre_fix,0.1922,0.1865106860043301,0.2035786279913398,sl_first,1786453200,2026-08-11T13:00:00+00:00,-1.0,stop_touch,no,,,3.6921,below_50%,manual,1786445757,,,missing,,0,missing,,,no_consecutive_trend,reconstructed
938,1786419082,2026-08-11T03:31:22+00:00,HANAUSDT,SHORT,confluence,1,0.03269,pre_fix,0.03269,0.0341450082918867,0.02977998341622659,unresolved,1786506300,2026-08-12T03:45:00+00:00,0.5017153538371982,window_close,no,,,7.3606,below_50%,manual,1786445757,,,missing,,0,missing,,,no_consecutive_trend,reconstructed
967,1786420279,2026-08-11T03:51:19+00:00,FHEUSDT,LONG,confluence,1,0.02305,pre_fix,0.02305,0.0201696829425332,0.028810634114933606,tp_first,1786471200,2026-08-11T18:00:00+00:00,2.0,target_touch,no,,,21.4349,below_50%,manual,1786445757,,,missing,,0,missing,,,no_consecutive_trend,reconstructed
978,1786423468,2026-08-11T04:44:28+00:00,CLOUSDT,SHORT,confluence,1,0.11654,pre_fix,0.11654,0.1302115692792184,0.08919686144156322,unresolved,1786509900,2026-08-12T04:45:00+00:00,0.03145213188171644,window_close,no,,,21.8229,below_50%,manual,1786445757,,,missing,,0,missing,,,no_consecutive_trend,reconstructed
981,1786424814,2026-08-11T05:06:54+00:00,MAVUSDT,SHORT,confluence,1,0.00995,pre_fix,0.00995,0.010665514008422073,0.008518971983155856,sl_first,1786428000,2026-08-11T06:00:00+00:00,-1.0,stop_touch,no,,,15.1242,below_50%,sl,1786427983,0.01081,,missing,,0,missing,,,no_consecutive_trend,reconstructed
982,1786424817,2026-08-11T05:06:57+00:00,BTRUSDT,SHORT,confluence,1,0.03097,pre_fix,0.03097,0.034500969572798176,0.02390806085440365,sl_first,1786455000,2026-08-11T13:30:00+00:00,-1.0,stop_touch,no,,,51.3935,at_or_above_50%,manual,1786445757,,,missing,,0,missing,,,no_consecutive_trend,reconstructed
984,1786424821,2026-08-11T05:07:01+00:00,KR200USDT,SHORT,confluence,1,0.7023,pre_fix,0.7023,0.7262992829178027,0.6543014341643948,unresolved,1786511700,2026-08-12T05:15:00+00:00,-0.5250156866417575,window_close,no,,,8.6357,below_50%,manual,1786445757,,,missing,,0,missing,,,no_consecutive_trend,reconstructed
986,1786424826,2026-08-11T05:07:06+00:00,PRLUSDT,SHORT,confluence,1,0.31589,pre_fix,0.31589,0.3404205128477346,0.2668289743045308,unresolved,1786511700,2026-08-12T05:15:00+00:00,-0.38971871722946383,window_close,no,,,15.2736,below_50%,manual,1786445757,,,missing,,0,missing,,,no_consecutive_trend,reconstructed
988,1786424828,2026-08-11T05:07:08+00:00,GIGADEVUSDT,SHORT,confluence,1,65.61,pre_fix,65.61,75.4515,52.488,unresolved,1786511700,2026-08-12T05:15:00+00:00,0.08636894782299391,window_close,no,,,5.7025,below_50%,manual,1786445757,,,missing,,0,missing,,,no_consecutive_trend,reconstructed
990,1786424831,2026-08-11T05:07:11+00:00,MERLUSDT,SHORT,confluence,1,0.02088,pre_fix,0.02088,0.022363988794125517,0.017912022411748964,unresolved,1786511700,2026-08-12T05:15:00+00:00,1.0849138527011173,window_close,no,,,12.2807,below_50%,manual,1786445757,,,missing,,0,missing,,,no_consecutive_trend,reconstructed
992,1786424835,2026-08-11T05:07:15+00:00,ADAUSDT,SHORT,confluence,1,0.1894,pre_fix,0.1894,0.1967689829594943,0.17466203408101144,unresolved,1786511700,2026-08-12T05:15:00+00:00,0.31211905532183065,window_close,no,,,5.5585,below_50%,manual,1786445757,,,missing,,0,missing,,,no_consecutive_trend,reconstructed
994,1786424837,2026-08-11T05:07:17+00:00,INUSDT,SHORT,confluence,1,0.03242,pre_fix,0.03242,0.03365637991196824,0.029947240176063518,unresolved,1786511700,2026-08-12T05:15:00+00:00,0.35587766813482385,window_close,no,,,4.4808,below_50%,manual,1786445757,,,missing,,0,missing,,,no_consecutive_trend,reconstructed
996,1786424840,2026-08-11T05:07:20+00:00,OPNUSDT,SHORT,confluence,1,0.0514,pre_fix,0.0514,0.05419542127890902,0.04580915744218196,unresolved,1786511700,2026-08-12T05:15:00+00:00,0.39350061770628897,window_close,no,,,6.8627,below_50%,manual,1786445757,,,missing,,0,missing,,,no_consecutive_trend,reconstructed
998,1786424842,2026-08-11T05:07:22+00:00,FOLKSUSDT,SHORT,confluence,1,1.779,pre_fix,1.779,1.8798215190642478,1.5773569618715042,sl_first,1786497300,2026-08-12T01:15:00+00:00,-1.0,stop_touch,no,,,7.6967,below_50%,manual,1786445757,,,missing,,0,missing,,,no_consecutive_trend,reconstructed
1000,1786425041,2026-08-11T05:10:41+00:00,JUSUNGUSDT,SHORT,confluence,1,113.17,pre_fix,113.17,121.56383243605416,96.3823351278917,sl_first,1786498200,2026-08-12T01:30:00+00:00,-1.0,stop_touch,no,,,17.6459,below_50%,manual,1786445757,,,missing,,0,missing,,,no_consecutive_trend,reconstructed
1002,1786425044,2026-08-11T05:10:44+00:00,FIGHTUSDT,SHORT,confluence,1,0.003837,pre_fix,0.003837,0.004087088979033321,0.0033368220419333575,unresolved,1786511700,2026-08-12T05:15:00+00:00,0.47183206735502725,window_close,no,,,6.7703,below_50%,manual,1786445757,,,missing,,0,missing,,,no_consecutive_trend,reconstructed
1003,1786425047,2026-08-11T05:10:47+00:00,MNTUSDT,SHORT,confluence,1,0.4508,pre_fix,0.4508,0.4620699999999999,0.4282600000000001,unresolved,1786511700,2026-08-12T05:15:00+00:00,1.3575865128660207,window_close,yes,1786423784,confluence,6.4865,below_50%,manual,1786445757,,,missing,,0,missing,,,no_consecutive_trend,reconstructed
1004,1786425049,2026-08-11T05:10:49+00:00,IOUSDT,SHORT,confluence,1,0.11963,pre_fix,0.11963,0.12569871582377795,0.1074925683524441,unresolved,1786511700,2026-08-12T05:15:00+00:00,0.37899286550678857,window_close,no,,,8.9884,below_50%,manual,1786445757,,,missing,,0,missing,,,no_consecutive_trend,reconstructed
1006,1786425052,2026-08-11T05:10:52+00:00,MVLLUSDT,SHORT,confluence,1,25.16,pre_fix,25.16,27.426318904430428,20.627362191139145,unresolved,1786511700,2026-08-12T05:15:00+00:00,-0.538317885278643,window_close,no,,,22.4774,below_50%,manual,1786445757,,,missing,,0,missing,,,no_consecutive_trend,reconstructed
1007,1786425344,2026-08-11T05:15:44+00:00,LLYUSDT,SHORT,confluence,1,1230.36,pre_fix,1230.36,1261.1189999999997,1168.8420000000003,unresolved,1786512600,2026-08-12T05:30:00+00:00,0.5068435254722203,window_close,no,,,5.2382,below_50%,manual,1786445757,,,missing,,0,missing,,,no_consecutive_trend,reconstructed
1008,1786425347,2026-08-11T05:15:47+00:00,IOTAUSDT,SHORT,confluence,1,0.03381,pre_fix,0.03381,0.03497178175167296,0.03148643649665408,unresolved,1786512600,2026-08-12T05:30:00+00:00,-0.1118970923865853,window_close,no,,,4.2998,below_50%,manual,1786445757,,,missing,,0,missing,,,no_consecutive_trend,reconstructed
1009,1786425349,2026-08-11T05:15:49+00:00,MYXUSDT,SHORT,confluence,1,0.0734,pre_fix,0.0734,0.07803255671038557,0.06413488657922888,unresolved,1786512600,2026-08-12T05:30:00+00:00,-0.08634540816375796,window_close,no,,,4.5144,below_50%,manual,1786445757,,,missing,,0,missing,,,no_consecutive_trend,reconstructed
1011,1786426109,2026-08-11T05:28:29+00:00,CLUSDT,LONG,confluence,1,81.9,pre_fix,81.9,80.35937611542911,84.98124776914179,unresolved,1786512600,2026-08-12T05:30:00+00:00,0.5711971681167991,window_close,no,,,5.7154,below_50%,manual,1786445757,,,missing,,0,missing,,,no_consecutive_trend,reconstructed
1012,1786426111,2026-08-11T05:28:31+00:00,CYSUSDT,SHORT,confluence,1,1.3216,pre_fix,1.3216,1.6523324905119767,0.6601350189760469,sl_first,1786466700,2026-08-11T16:45:00+00:00,-1.0,stop_touch,no,,,53.14,at_or_above_50%,manual,1786445757,,,missing,,0,missing,,,no_consecutive_trend,reconstructed
1013,1786426114,2026-08-11T05:28:34+00:00,AGTUSDT,SHORT,confluence,1,0.015651,pre_fix,0.015651,0.01727922649966656,0.012394547000666886,unresolved,1786512600,2026-08-12T05:30:00+00:00,0.40473484502000007,window_close,no,,,20.3232,below_50%,manual,1786445757,,,missing,,0,missing,,,no_consecutive_trend,reconstructed
1014,1786426122,2026-08-11T05:28:42+00:00,AVAAIUSDT,SHORT,confluence,1,0.008773,pre_fix,0.008773,0.009427188463346108,0.0074646230733077835,unresolved,1786512600,2026-08-12T05:30:00+00:00,0.369923979952495,window_close,yes,1786424072,confluence,11.2118,below_50%,manual,1786445757,,,missing,,0,missing,,,no_consecutive_trend,reconstructed
1015,1786426129,2026-08-11T05:28:49+00:00,CRDOUSDT,SHORT,confluence,1,240.66,pre_fix,240.66,250.85801230256368,220.26397539487263,sl_first,1786493700,2026-08-12T00:15:00+00:00,-1.0,stop_touch,no,,,9.9607,below_50%,manual,1786445757,,,missing,,0,missing,,,no_consecutive_trend,reconstructed
1016,1786426131,2026-08-11T05:28:51+00:00,BERAUSDT,SHORT,confluence,1,0.1506,pre_fix,0.1506,0.15594039363548468,0.13991921272903068,unresolved,1786512600,2026-08-12T05:30:00+00:00,0.05617563432153184,window_close,no,,,4.9631,below_50%,manual,1786445757,,,missing,,0,missing,,,no_consecutive_trend,reconstructed
1017,1786426134,2026-08-11T05:28:54+00:00,AAOIUSDT,SHORT,confluence,1,131.38,pre_fix,131.38,141.6856435753944,110.76871284921117,unresolved,1786512600,2026-08-12T05:30:00+00:00,-0.545332269536104,window_close,no,,,15.4126,below_50%,manual,1786445757,,,missing,,0,missing,,,no_consecutive_trend,reconstructed
1018,1786426137,2026-08-11T05:28:57+00:00,DASHUSDT,SHORT,confluence,1,30.6,pre_fix,30.6,31.395836126446177,29.00832774710765,unresolved,1786512600,2026-08-12T05:30:00+00:00,0.10052320740608203,window_close,no,,,2.0228,below_50%,manual,1786445757,,,missing,,0,missing,,,no_consecutive_trend,reconstructed
1019,1786426139,2026-08-11T05:28:59+00:00,GRTUSDT,SHORT,confluence,1,0.01413,pre_fix,0.01413,0.014512536019188702,0.013364927961622596,unresolved,1786512600,2026-08-12T05:30:00+00:00,0.6535332294464987,window_close,no,,,4.6975,below_50%,manual,1786445757,,,missing,,0,missing,,,no_consecutive_trend,reconstructed
1020,1786426141,2026-08-11T05:29:01+00:00,ALLOUSDT,SHORT,confluence,1,0.30663,pre_fix,0.30663,0.337699647762357,0.24449070447528604,unresolved,1786512600,2026-08-12T05:30:00+00:00,-0.04795677155391599,window_close,no,,,9.2635,below_50%,manual,1786445757,,,missing,,0,missing,,,no_consecutive_trend,reconstructed
1021,1786426144,2026-08-11T05:29:04+00:00,CRWVUSDT,SHORT,confluence,1,88.48,pre_fix,88.48,91.65945698346115,82.1210860330777,sl_first,1786455900,2026-08-11T13:45:00+00:00,-1.0,stop_touch,no,,,7.3388,below_50%,manual,1786445757,,,missing,,0,missing,,,no_consecutive_trend,reconstructed
1022,1786426146,2026-08-11T05:29:06+00:00,TACUSDT,SHORT,confluence,1,0.002954,pre_fix,0.002954,0.0031142850946536843,0.0026334298106926316,unresolved,1786512600,2026-08-12T05:30:00+00:00,0.23707756533508959,window_close,no,,,6.7141,below_50%,manual,1786445757,,,missing,,0,missing,,,no_consecutive_trend,reconstructed
1023,1786426922,2026-08-11T05:42:02+00:00,POLUSDT,SHORT,confluence,1,0.07555,pre_fix,0.07555,0.07743875,0.07177250000000002,unresolved,1786513500,2026-08-12T05:45:00+00:00,-0.12177365982792575,window_close,no,,,4.3201,below_50%,manual,1786445757,,,missing,,0,missing,,,no_consecutive_trend,reconstructed
1024,1786426924,2026-08-11T05:42:04+00:00,EDGEXUSDT,SHORT,confluence,1,0.3707,pre_fix,0.3707,0.3881752165956495,0.3357495668087009,unresolved,1786513500,2026-08-12T05:45:00+00:00,0.5722389731346422,window_close,no,,,6.2281,below_50%,manual,1786445757,,,missing,,0,missing,,,no_consecutive_trend,reconstructed
1025,1786426929,2026-08-11T05:42:09+00:00,BONKUSDT,SHORT,confluence,1,2.393e-06,pre_fix,2.393e-06,2.510393752425474e-06,2.1582124951490516e-06,unresolved,1786513500,2026-08-12T05:45:00+00:00,0.4940637708707731,window_close,no,,,4.1841,below_50%,manual,1786445757,,,missing,,0,missing,,,no_consecutive_trend,reconstructed
1026,1786426937,2026-08-11T05:42:17+00:00,PHAUSDT,SHORT,confluence,1,0.02312,pre_fix,0.02312,0.024908743475352216,0.019542513049295572,unresolved,1786513500,2026-08-12T05:45:00+00:00,0.40810770804140034,window_close,no,,,15.9238,below_50%,manual,1786445757,,,missing,,0,missing,,,no_consecutive_trend,reconstructed
1027,1786426939,2026-08-11T05:42:19+00:00,FLOKIUSDT,SHORT,confluence,1,2.086e-05,pre_fix,2.086e-05,2.1401644763925512e-05,1.9776710472148976e-05,unresolved,1786513500,2026-08-12T05:45:00+00:00,0.6831045449760584,window_close,no,,,4.0443,below_50%,manual,1786445757,,,missing,,0,missing,,,no_consecutive_trend,reconstructed
1028,1786426943,2026-08-11T05:42:23+00:00,SEIUSDT,SHORT,confluence,1,0.04095,pre_fix,0.04095,0.04197375,0.038902500000000007,unresolved,1786513500,2026-08-12T05:45:00+00:00,0.8888888888888926,window_close,no,,,3.4024,below_50%,manual,1786445757,,,missing,,0,missing,,,no_consecutive_trend,reconstructed
1029,1786426945,2026-08-11T05:42:25+00:00,HUMAUSDT,SHORT,confluence,1,0.01975,pre_fix,0.01975,0.0208494916354399,0.0175510167291202,unresolved,1786513500,2026-08-12T05:45:00+00:00,0.3728996081320457,window_close,no,,,9.5581,below_50%,manual,1786445757,,,missing,,0,missing,,,no_consecutive_trend,reconstructed
1030,1786427151,2026-08-11T05:45:51+00:00,NESUSDT,SHORT,confluence,1,0.2023,pre_fix,0.2023,0.2093546542681874,0.18819069146362524,unresolved,1786514400,2026-08-12T06:00:00+00:00,-0.3260258990113426,window_close,no,,,4.3048,below_50%,manual,1786445757,,,missing,,0,missing,,,no_consecutive_trend,reconstructed
1031,1786427155,2026-08-11T05:45:55+00:00,DRIFTUSDT,SHORT,confluence,1,0.01194,pre_fix,0.01194,0.012864230875636288,0.010091538248727421,unresolved,1786514400,2026-08-12T06:00:00+00:00,0.6924676689245968,window_close,yes,1786424636,oversold_24h,19.9295,below_50%,manual,1786445757,,,missing,,0,missing,,,no_consecutive_trend,reconstructed
1032,1786427157,2026-08-11T05:45:57+00:00,YFIUSDT,SHORT,confluence,1,1975.1,pre_fix,1975.1,2026.6422565927573,1872.015486814485,unresolved,1786514400,2026-08-12T06:00:00+00:00,0.031042490293774528,window_close,no,,,5.564,below_50%,manual,1786445757,,,missing,,0,missing,,,no_consecutive_trend,reconstructed
1033,1786427159,2026-08-11T05:45:59+00:00,GALAUSDT,SHORT,confluence,1,0.001773,pre_fix,0.001773,0.001832607806600932,0.001653784386798136,unresolved,1786514400,2026-08-12T06:00:00+00:00,0.9898032382737851,window_close,no,,,3.844,below_50%,manual,1786445757,,,missing,,0,missing,,,no_consecutive_trend,reconstructed
1041,1786430129,2026-08-11T06:35:29+00:00,BZUSDT,SHORT,confluence,1,87.24,pre_fix,87.24,89.4254429228149,82.8691141543702,unresolved,1786517100,2026-08-12T06:45:00+00:00,-0.24708950042240133,window_close,no,,,5.4113,below_50%,manual,1786445757,,,missing,,0,missing,,,no_consecutive_trend,reconstructed
1042,1786430132,2026-08-11T06:35:32+00:00,BANANAS31USDT,SHORT,confluence,1,0.009697,pre_fix,0.009697,0.010842685633896985,0.007405628732206033,sl_first,1786445100,2026-08-11T10:45:00+00:00,-1.0,stop_touch,no,,,16.7705,below_50%,sl,1786445089,0.010843,,missing,,0,missing,,,no_consecutive_trend,reconstructed
1043,1786430137,2026-08-11T06:35:37+00:00,0GUSDT,SHORT,confluence,1,0.162,pre_fix,0.162,0.17103074278371294,0.14393851443257413,unresolved,1786517100,2026-08-12T06:45:00+00:00,0.5536643130859148,window_close,no,,,8.9227,below_50%,manual,1786445757,,,missing,,0,missing,,,no_consecutive_trend,reconstructed
1044,1786430139,2026-08-11T06:35:39+00:00,UNITREEUSDT,SHORT,confluence,1,83.494,pre_fix,83.494,96.01809999999999,66.79520000000001,unresolved,1786517100,2026-08-12T06:45:00+00:00,-0.2682029047995463,window_close,no,,,7.1251,below_50%,manual,1786445757,,,missing,,0,missing,,,no_consecutive_trend,reconstructed
1045,1786430142,2026-08-11T06:35:42+00:00,SIRENUSDT,SHORT,confluence,1,0.03216,pre_fix,0.03216,0.03644313626947515,0.0235937274610497,unresolved,1786517100,2026-08-12T06:45:00+00:00,0.14942321694528443,window_close,no,,,17.744,below_50%,manual,1786445757,,,missing,,0,missing,,,no_consecutive_trend,reconstructed
1046,1786430145,2026-08-11T06:35:45+00:00,COTIUSDT,SHORT,confluence,1,0.01089,pre_fix,0.01089,0.012204679647947669,0.008260640704104663,unresolved,1786517100,2026-08-12T06:45:00+00:00,0.9812276336777598,window_close,no,,,10.9142,below_50%,manual,1786445757,,,missing,,0,missing,,,no_consecutive_trend,reconstructed
1047,1786430147,2026-08-11T06:35:47+00:00,STGUSDT,SHORT,confluence,1,0.1342,pre_fix,0.1342,0.14573157440788864,0.11113685118422276,unresolved,1786517100,2026-08-12T06:45:00+00:00,-0.10406211307790474,window_close,no,,,7.802,below_50%,manual,1786445757,,,missing,,0,missing,,,no_consecutive_trend,reconstructed
1048,1786430150,2026-08-11T06:35:50+00:00,KIMIUSDT,SHORT,confluence,1,7.52,pre_fix,7.52,8.648,6.016,unresolved,1786517100,2026-08-12T06:45:00+00:00,0.053191489361701774,window_close,no,,,7.8474,below_50%,manual,1786445757,,,missing,,0,missing,,,no_consecutive_trend,reconstructed
1049,1786430152,2026-08-11T06:35:52+00:00,MOVEUSDT,SHORT,confluence,1,0.00652,pre_fix,0.00652,0.006860324807753956,0.005839350384492088,unresolved,1786517100,2026-08-12T06:45:00+00:00,0.7639760431098854,window_close,no,,,9.7072,below_50%,manual,1786445757,,,missing,,0,missing,,,no_consecutive_trend,reconstructed
1051,1786430155,2026-08-11T06:35:55+00:00,ALTUSDT,SHORT,confluence,1,0.006021,pre_fix,0.006021,0.00626673739174279,0.005529525216514421,unresolved,1786517100,2026-08-12T06:45:00+00:00,0.37438339907300483,window_close,no,,,7.5737,below_50%,manual,1786445757,,,missing,,0,missing,,,no_consecutive_trend,reconstructed
1052,1786430667,2026-08-11T06:44:27+00:00,SENTUSDT,SHORT,confluence,1,0.01367,pre_fix,0.01367,0.0157205,0.010936000000000001,unresolved,1786517100,2026-08-12T06:45:00+00:00,0.2974884174591562,window_close,no,,,3.3233,below_50%,manual,1786445757,,,missing,,0,missing,,,no_consecutive_trend,reconstructed
1053,1786430673,2026-08-11T06:44:33+00:00,AAPLXUSDT,SHORT,confluence,1,308.96,pre_fix,308.96,316.68399999999997,293.512,unresolved,1786517100,2026-08-12T06:45:00+00:00,0.43500776799585206,window_close,no,,,2.8375,below_50%,manual,1786445757,,,missing,,0,missing,,,no_consecutive_trend,reconstructed
1054,1786430676,2026-08-11T06:44:36+00:00,XIAOMIUSDT,SHORT,confluence,1,3.43,pre_fix,3.43,3.5312837495335,3.2274325009330007,unresolved,1786517100,2026-08-12T06:45:00+00:00,0.3850568346810744,window_close,no,,,3.9826,below_50%,manual,1786445757,,,missing,,0,missing,,,no_consecutive_trend,reconstructed
1055,1786430678,2026-08-11T06:44:38+00:00,ACHUSDT,SHORT,confluence,1,0.004274,pre_fix,0.004274,0.004437765129969198,0.003946469740061603,unresolved,1786517100,2026-08-12T06:45:00+00:00,0.3541657495152282,window_close,no,,,4.8889,below_50%,manual,1786445757,,,missing,,0,missing,,,no_consecutive_trend,reconstructed
1056,1786430682,2026-08-11T06:44:42+00:00,BLURUSDT,SHORT,confluence,1,0.0136,pre_fix,0.0136,0.014021337227136343,0.012757325545727312,unresolved,1786517100,2026-08-12T06:45:00+00:00,0.07120187362483131,window_close,no,,,4.6494,below_50%,manual,1786445757,,,missing,,0,missing,,,no_consecutive_trend,reconstructed
1057,1786430686,2026-08-11T06:44:46+00:00,NIGHTUSDT,SHORT,confluence,1,0.01764,pre_fix,0.01764,0.018398360202623407,0.016123279594753185,unresolved,1786517100,2026-08-12T06:45:00+00:00,0.25054057338811986,window_close,no,,,8.7056,below_50%,manual,1786445757,,,missing,,0,missing,,,no_consecutive_trend,reconstructed
1058,1786430689,2026-08-11T06:44:49+00:00,BMNRUSDT,SHORT,confluence,1,17.95,pre_fix,17.95,18.552810341614226,16.744379316771546,unresolved,1786517100,2026-08-12T06:45:00+00:00,-0.2820124146257508,window_close,no,,,5.6174,below_50%,manual,1786445757,,,missing,,0,missing,,,no_consecutive_trend,reconstructed
1059,1786430974,2026-08-11T06:49:34+00:00,ZHIPUUSDT,SHORT,confluence,1,156.66,pre_fix,156.66,165.94342236575932,138.09315526848135,unresolved,1786518000,2026-08-12T07:00:00+00:00,0.3339285748146002,window_close,no,,,6.8727,below_50%,manual,1786445757,,,missing,,0,missing,,,no_consecutive_trend,reconstructed
1060,1786431261,2026-08-11T06:54:21+00:00,CLUSDT,SHORT,confluence,1,83.02,pre_fix,83.02,85.19987946514213,78.66024106971572,unresolved,1786518000,2026-08-12T07:00:00+00:00,0.13762228820318562,window_close,no,,,7.2249,below_50%,manual,1786445757,,,missing,,0,missing,,,no_consecutive_trend,reconstructed
1061,1786431266,2026-08-11T06:54:26+00:00,MIRAUSDT,SHORT,confluence,1,0.04102,pre_fix,0.04102,0.042636904212617545,0.03778619157476491,unresolved,1786518000,2026-08-12T07:00:00+00:00,0.3401562044974996,window_close,no,,,3.7163,below_50%,manual,1786445757,,,missing,,0,missing,,,no_consecutive_trend,reconstructed
1062,1786431278,2026-08-11T06:54:38+00:00,PENGUUSDT,SHORT,confluence,1,0.006424,pre_fix,0.006424,0.006732350409144054,0.005807299181711891,unresolved,1786518000,2026-08-12T07:00:00+00:00,0.1232364182862073,window_close,no,,,5.0855,below_50%,manual,1786445757,,,missing,,0,missing,,,no_consecutive_trend,reconstructed
1063,1786431282,2026-08-11T06:54:42+00:00,RIVERUSDT,SHORT,confluence,1,2.743,pre_fix,2.743,2.9929768070089953,2.243046385982009,unresolved,1786518000,2026-08-12T07:00:00+00:00,0.41203822559543823,window_close,no,,,9.4319,below_50%,manual,1786445757,,,missing,,0,missing,,,no_consecutive_trend,reconstructed
1064,1786431576,2026-08-11T06:59:36+00:00,MAVUSDT,SHORT,confluence,1,0.01134,pre_fix,0.01134,0.012259799722707784,0.00950040055458443,tp_first,1786451400,2026-08-11T12:30:00+00:00,2.0,target_touch,no,,,34.0858,below_50%,manual,1786445757,,,missing,,0,missing,,,no_consecutive_trend,reconstructed
1065,1786431585,2026-08-11T06:59:45+00:00,METUSDT,LONG,confluence,1,0.154,pre_fix,0.154,0.15015,0.16016,tp_first,1786484700,2026-08-11T21:45:00+00:00,1.600000000000003,target_touch,no,,,4.6014,below_50%,manual,1786445757,,,missing,,0,missing,,,no_consecutive_trend,reconstructed
1066,1786431588,2026-08-11T06:59:48+00:00,MOODENGUSDT,SHORT,confluence,1,0.03712,pre_fix,0.03712,0.03907832158514808,0.03320335682970384,unresolved,1786518000,2026-08-12T07:00:00+00:00,0.250214267011179,window_close,no,,,6.2905,below_50%,manual,1786445757,,,missing,,0,missing,,,no_consecutive_trend,reconstructed
1067,1786431590,2026-08-11T06:59:50+00:00,DEXEUSDT,SHORT,confluence,1,2.043,pre_fix,2.043,2.1773642415862997,1.774271516827401,unresolved,1786518000,2026-08-12T07:00:00+00:00,0.8186701960383501,window_close,no,,,6.6209,below_50%,manual,1786445757,,,missing,,0,missing,,,no_consecutive_trend,reconstructed
1068,1786431595,2026-08-11T06:59:55+00:00,ARXUSDT,SHORT,confluence,1,0.1243,pre_fix,0.1243,0.13270201241359128,0.10749597517281742,unresolved,1786518000,2026-08-12T07:00:00+00:00,0.9045452001125424,window_close,no,,,7.899,below_50%,manual,1786445757,,,missing,,0,missing,,,no_consecutive_trend,reconstructed
1070,1786431875,2026-08-11T07:04:35+00:00,BRETTUSDT,SHORT,confluence,1,0.004106,pre_fix,0.004106,0.0042801443811354666,0.0037577112377290677,unresolved,1786518900,2026-08-12T07:15:00+00:00,0.5110701787775039,window_close,no,,,4.6432,below_50%,manual,1786445757,,,missing,,0,missing,,,no_consecutive_trend,reconstructed
1071,1786431877,2026-08-11T07:04:37+00:00,TIAUSDT,SHORT,confluence,1,0.3173,pre_fix,0.3173,0.3286729300257462,0.29455413994850765,unresolved,1786518900,2026-08-12T07:15:00+00:00,0.9056593135351012,window_close,no,,,5.8955,below_50%,manual,1786445757,,,missing,,0,missing,,,no_consecutive_trend,reconstructed
1072,1786431879,2026-08-11T07:04:39+00:00,SHIBUSDT,SHORT,confluence,1,4.502e-06,pre_fix,4.502e-06,4.642513884898893e-06,4.220972230202214e-06,unresolved,1786518900,2026-08-12T07:15:00+00:00,0.27043590764957676,window_close,no,,,6.3858,below_50%,manual,1786445757,,,missing,,0,missing,,,no_consecutive_trend,reconstructed
1073,1786432180,2026-08-11T07:09:40+00:00,ATHUSDT,SHORT,confluence,1,0.003946,pre_fix,0.003946,0.004120225273851765,0.0035975494522964696,sl_first,1786497300,2026-08-12T01:15:00+00:00,-1.0,stop_touch,no,,,5.519,below_50%,manual,1786445757,,,missing,,0,missing,,,no_consecutive_trend,reconstructed
1074,1786432185,2026-08-11T07:09:45+00:00,BIOUSDT,SHORT,confluence,1,0.02563,pre_fix,0.02563,0.02719019944098802,0.022509601118023963,unresolved,1786518900,2026-08-12T07:15:00+00:00,0.5576210176367319,window_close,no,,,9.3005,below_50%,manual,1786445757,,,missing,,0,missing,,,no_consecutive_trend,reconstructed
1075,1786432187,2026-08-11T07:09:47+00:00,VINEUSDT,SHORT,confluence,1,0.00724,pre_fix,0.00724,0.008326,0.005792,missing_price,,,nan,no_candle_in_window,no,,,,missing,manual,1786445757,,,missing,,0,missing,,,no_consecutive_trend,reconstructed
1076,1786432194,2026-08-11T07:09:54+00:00,XIAOMIHKDUSDT,SHORT,confluence,1,26.64,pre_fix,26.64,30.636,21.312,unresolved,1786518900,2026-08-12T07:15:00+00:00,0.10010010010010066,window_close,no,,,5.4319,below_50%,manual,1786445757,,,missing,,0,missing,,,no_consecutive_trend,reconstructed
1077,1786432198,2026-08-11T07:09:58+00:00,ZKUSDT,SHORT,confluence,1,0.00778,pre_fix,0.00778,0.008068235476281447,0.007203529047437106,unresolved,1786518900,2026-08-12T07:15:00+00:00,1.2489788024860544,window_close,no,,,7.2165,below_50%,manual,1786445757,,,missing,,0,missing,,,no_consecutive_trend,reconstructed
1078,1786432471,2026-08-11T07:14:31+00:00,RVNUSDT,SHORT,confluence,1,0.002817,pre_fix,0.002817,0.0030017003443038853,0.0024475993113922297,unresolved,1786518900,2026-08-12T07:15:00+00:00,0.7958837356477404,window_close,yes,1786429644,oversold_24h,31.0598,below_50%,manual,1786445757,,,missing,,0,missing,,,no_consecutive_trend,reconstructed
1079,1786432473,2026-08-11T07:14:33+00:00,AAVEUSDT,SHORT,confluence,1,88.43,pre_fix,88.43,91.03354499652315,83.22291000695373,unresolved,1786518900,2026-08-12T07:15:00+00:00,-0.3380006879755012,window_close,no,,,5.2011,below_50%,manual,1786445757,,,missing,,0,missing,,,no_consecutive_trend,reconstructed
1080,1786432482,2026-08-11T07:14:42+00:00,BANUSDT,SHORT,confluence,1,0.07247,pre_fix,0.07247,0.07635855893410318,0.06469288213179367,unresolved,1786518900,2026-08-12T07:15:00+00:00,-0.19287350730945307,window_close,no,,,10.771,below_50%,manual,1786445757,,,missing,,0,missing,,,no_consecutive_trend,reconstructed
1081,1786432485,2026-08-11T07:14:45+00:00,RATSUSDT,SHORT,confluence,1,3.979e-05,pre_fix,3.979e-05,4.528292014033501e-05,2.880415971932997e-05,unresolved,1786518900,2026-08-12T07:15:00+00:00,0.5552602117048037,window_close,no,,,14.3634,below_50%,manual,1786445757,,,missing,,0,missing,,,no_consecutive_trend,reconstructed
1082,1786432488,2026-08-11T07:14:48+00:00,CRDOUSDT,LONG,confluence,1,239.84,pre_fix,239.84,232.1443479159344,255.23130416813126,unresolved,1786518900,2026-08-12T07:15:00+00:00,1.8075141453966748,window_close,no,,,9.9607,below_50%,manual,1786445757,,,missing,,0,missing,,,no_consecutive_trend,reconstructed
1083,1786432495,2026-08-11T07:14:55+00:00,COHRUSDT,SHORT,confluence,1,325.27,pre_fix,325.27,351.0968224133006,273.6163551733988,unresolved,1786518900,2026-08-12T07:15:00+00:00,-0.7639344741782573,window_close,no,,,23.9848,below_50%,manual,1786445757,,,missing,,0,missing,,,no_consecutive_trend,reconstructed
1084,1786432498,2026-08-11T07:14:58+00:00,AEONUSDT,SHORT,confluence,1,0.05307,pre_fix,0.05307,0.061030499999999994,0.042456,sl_first,1786509900,2026-08-12T04:45:00+00:00,-1.0,stop_touch,no,,,8.5196,below_50%,manual,1786445757,,,missing,,0,missing,,,no_consecutive_trend,reconstructed
1085,1786432786,2026-08-11T07:19:46+00:00,ESPORTSUSDT,SHORT,confluence,1,0.01543,pre_fix,0.01543,0.017564456306886855,0.011161087386226287,unresolved,1786519800,2026-08-12T07:30:00+00:00,0.2529918266575336,window_close,no,,,14.786,below_50%,manual,1786445757,,,missing,,0,missing,,,no_consecutive_trend,reconstructed
1086,1786432788,2026-08-11T07:19:48+00:00,ATOMUSDT,SHORT,confluence,1,1.391,pre_fix,1.391,1.4268563644960257,1.3192872710079486,sl_first,1786450500,2026-08-11T12:15:00+00:00,-1.0,stop_touch,no,,,4.1545,below_50%,manual,1786445757,,,missing,,0,missing,,,no_consecutive_trend,reconstructed
1087,1786432794,2026-08-11T07:19:54+00:00,ZECUSDT,SHORT,confluence,1,488.43,pre_fix,488.43,506.0902097884105,453.109580423179,unresolved,1786519800,2026-08-12T07:30:00+00:00,0.57530460406351,window_close,no,,,5.4746,below_50%,manual,1786445757,,,missing,,0,missing,,,no_consecutive_trend,reconstructed
1088,1786432800,2026-08-11T07:20:00+00:00,STORJUSDT,SHORT,confluence,1,0.04311,pre_fix,0.04311,0.04449211103017685,0.04034577793964631,sl_first,1786513500,2026-08-12T05:45:00+00:00,-1.0,stop_touch,no,,,4.4388,below_50%,manual,1786445757,,,missing,,0,missing,,,no_consecutive_trend,reconstructed
1089,1786432804,2026-08-11T07:20:04+00:00,PIUSDT,SHORT,confluence,1,0.0857,pre_fix,0.0857,0.08930824606895714,0.07848350786208572,sl_first,1786518000,2026-08-12T07:00:00+00:00,-1.0,stop_touch,no,,,5.2632,below_50%,manual,1786445757,,,missing,,0,missing,,,no_consecutive_trend,reconstructed
1091,1786433144,2026-08-11T07:25:44+00:00,USARUSDT,SHORT,confluence,1,17.36,pre_fix,17.36,18.438379713975078,15.203240572049843,sl_first,1786454100,2026-08-11T13:15:00+00:00,-1.0,stop_touch,no,,,17.0804,below_50%,manual,1786445757,,,missing,,0,missing,,,no_consecutive_trend,reconstructed
1092,1786433146,2026-08-11T07:25:46+00:00,SANDUSDT,SHORT,confluence,1,0.04082,pre_fix,0.04082,0.041909621588324876,0.038640756823350254,unresolved,1786519800,2026-08-12T07:30:00+00:00,0.9452822989524925,window_close,no,,,3.4795,below_50%,manual,1786445757,,,missing,,0,missing,,,no_consecutive_trend,reconstructed
1093,1786433149,2026-08-11T07:25:49+00:00,BREVUSDT,SHORT,confluence,1,0.0699,pre_fix,0.0699,0.080385,0.055920000000000004,unresolved,1786519800,2026-08-12T07:30:00+00:00,-0.047687172150691536,window_close,no,,,3.7196,below_50%,manual,1786445757,,,missing,,0,missing,,,no_consecutive_trend,reconstructed
1094,1786433173,2026-08-11T07:26:13+00:00,BUSDT,SHORT,confluence,1,0.1506,pre_fix,0.1506,0.16572862876536368,0.12034274246927268,unresolved,1786519800,2026-08-12T07:30:00+00:00,0.03304992195622703,window_close,no,,,21.4235,below_50%,manual,1786445757,,,missing,,0,missing,,,no_consecutive_trend,reconstructed
1095,1786433175,2026-08-11T07:26:15+00:00,SKLUSDT,SHORT,confluence,1,0.00352,pre_fix,0.00352,0.003635718856788024,0.0032885622864239528,unresolved,1786519800,2026-08-12T07:30:00+00:00,0.345665357490292,window_close,no,,,3.1073,below_50%,manual,1786445757,,,missing,,0,missing,,,no_consecutive_trend,reconstructed
1096,1786433177,2026-08-11T07:26:17+00:00,ZORAUSDT,SHORT,confluence,1,0.00509,pre_fix,0.00509,0.005293863800357135,0.00468227239928573,unresolved,1786519800,2026-08-12T07:30:00+00:00,0.2452617870971115,window_close,no,,,4.501,below_50%,manual,1786445757,,,missing,,0,missing,,,no_consecutive_trend,reconstructed
1097,1786433700,2026-08-11T07:35:00+00:00,FFUSDT,SHORT,confluence,1,0.06526,pre_fix,0.06526,0.06814334935490948,0.05949330129018103,sl_first,1786448700,2026-08-11T11:45:00+00:00,-1.0,stop_touch,no,,,9.209,below_50%,manual,1786445757,,,missing,,0,missing,,,no_consecutive_trend,reconstructed
1098,1786433706,2026-08-11T07:35:06+00:00,HIMSUSDT,SHORT,confluence,1,29.546,pre_fix,29.546,31.25413802733631,26.129723945327378,sl_first,1786455900,2026-08-11T13:45:00+00:00,-1.0,stop_touch,no,,,19.9469,below_50%,manual,1786445757,,,missing,,0,missing,,,no_consecutive_trend,reconstructed
1099,1786433708,2026-08-11T07:35:08+00:00,TOWNSUSDT,SHORT,confluence,1,0.002354,pre_fix,0.002354,0.002541103479778926,0.0019797930404421484,unresolved,1786520700,2026-08-12T07:45:00+00:00,-0.037412452233761516,window_close,no,,,17.3211,below_50%,manual,1786445757,,,missing,,0,missing,,,no_consecutive_trend,reconstructed
1100,1786433710,2026-08-11T07:35:10+00:00,HYUNDAIUSDT,SHORT,confluence,1,283.2,pre_fix,283.2,290.28,269.04,sl_first,1786500000,2026-08-12T02:00:00+00:00,-1.0,stop_touch,no,,,1.9102,below_50%,manual,1786445757,,,missing,,0,missing,,,no_consecutive_trend,reconstructed
1101,1786433712,2026-08-11T07:35:12+00:00,HFTUSDT,SHORT,confluence,1,0.00868,pre_fix,0.00868,0.012366582780261965,0.00130683443947607,unresolved,1786520700,2026-08-12T07:45:00+00:00,0.010850156468521709,window_close,no,,,16.2322,below_50%,manual,1786445757,,,missing,,0,missing,,,no_consecutive_trend,reconstructed
1102,1786433717,2026-08-11T07:35:17+00:00,TSTBSCUSDT,SHORT,confluence,1,0.015615,pre_fix,0.015615,0.021650135667890015,0.003544728664219971,unresolved,1786520700,2026-08-12T07:45:00+00:00,0.2061262693096879,window_close,no,,,74.9702,at_or_above_50%,manual,1786445757,,,missing,,0,missing,,,no_consecutive_trend,reconstructed
1104,1786434034,2026-08-11T07:40:34+00:00,BBUSDT,SHORT,confluence,1,0.01315,pre_fix,0.01315,0.01413713273987973,0.01117573452024054,unresolved,1786520700,2026-08-12T07:45:00+00:00,0.5369085418690244,window_close,no,,,9.4761,below_50%,manual,1786445757,,,missing,,0,missing,,,no_consecutive_trend,reconstructed
1105,1786434280,2026-08-11T07:44:40+00:00,LINKUSDT,SHORT,confluence,1,8.442,pre_fix,8.442,8.653049999999999,8.019900000000003,sl_first,1786440600,2026-08-11T09:30:00+00:00,-1.0,stop_touch,no,,,3.2211,below_50%,sl,1786440443,8.693,,missing,,0,missing,,,no_consecutive_trend,reconstructed
1106,1786434584,2026-08-11T07:49:44+00:00,ALICEUSDT,SHORT,confluence,1,0.1198,pre_fix,0.1198,0.12530141815607576,0.10879716368784849,unresolved,1786521600,2026-08-12T08:00:00+00:00,0.30901123160807725,window_close,no,,,6.0352,below_50%,manual,1786445757,,,missing,,0,missing,,,no_consecutive_trend,reconstructed
1107,1786434592,2026-08-11T07:49:52+00:00,BROCCOLIUSDT,SHORT,confluence,1,0.0165,pre_fix,0.0165,0.019565957929199573,0.010368084141600856,unresolved,1786521600,2026-08-12T08:00:00+00:00,-0.0652324671826833,window_close,no,,,25.3374,below_50%,manual,1786445757,,,missing,,0,missing,,,no_consecutive_trend,reconstructed
1108,1786434883,2026-08-11T07:54:43+00:00,IOTXUSDT,SHORT,confluence,1,0.002433,pre_fix,0.002433,0.00283199405800539,0.0016350118839892195,unresolved,1786521600,2026-08-12T08:00:00+00:00,-0.25313660184542275,window_close,no,,,13.5593,below_50%,manual,1786445757,,,missing,,0,missing,,,no_consecutive_trend,reconstructed
1118,1786438263,2026-08-11T08:51:03+00:00,API3USDT,SHORT,confluence,1,0.2004,pre_fix,0.2004,0.2062546971023979,0.18869060579520416,tp_first,1786461300,2026-08-11T15:15:00+00:00,2.0,target_touch,no,,,6.499,below_50%,manual,1786445757,,,missing,,0,missing,,,no_consecutive_trend,reconstructed
1119,1786438266,2026-08-11T08:51:06+00:00,ZEREBROUSDT,SHORT,confluence,1,0.038946,pre_fix,0.038946,0.04190314599368866,0.03303170801262268,sl_first,1786475700,2026-08-11T19:15:00+00:00,-1.0,stop_touch,no,,,6.1338,below_50%,manual,1786445757,,,missing,,0,missing,,,no_consecutive_trend,reconstructed
1120,1786438276,2026-08-11T08:51:16+00:00,MAGMAUSDT,SHORT,confluence,1,0.19891,pre_fix,0.19891,0.21913063051174905,0.1584687389765019,unresolved,1786525200,2026-08-12T09:00:00+00:00,0.16369420320878503,window_close,no,,,13.35,below_50%,manual,1786445757,,,missing,,0,missing,,,no_consecutive_trend,reconstructed
1121,1786438280,2026-08-11T08:51:20+00:00,GENIUSUSDT,SHORT,confluence,1,0.3671,pre_fix,0.3671,0.38633294069743945,0.32863411860512104,sl_first,1786472100,2026-08-11T18:15:00+00:00,-1.0,stop_touch,no,,,11.6085,below_50%,manual,1786445757,,,missing,,0,missing,,,no_consecutive_trend,reconstructed
1122,1786438288,2026-08-11T08:51:28+00:00,SPKUSDT,SHORT,confluence,1,0.01428,pre_fix,0.01428,0.014695467970828891,0.013449064058342215,unresolved,1786525200,2026-08-12T09:00:00+00:00,0.12034622043245753,window_close,no,,,4.6676,below_50%,manual,1786445757,,,missing,,0,missing,,,no_consecutive_trend,reconstructed
1123,1786438290,2026-08-11T08:51:30+00:00,ASTSUSDT,SHORT,confluence,1,67.11,pre_fix,67.11,70.4230383684121,60.48392326317581,sl_first,1786446900,2026-08-11T11:15:00+00:00,-1.0,stop_touch,no,,,11.1533,below_50%,manual,1786445757,,,missing,,0,missing,,,no_consecutive_trend,reconstructed
1124,1786438867,2026-08-11T09:01:07+00:00,MMTUSDT,SHORT,confluence,1,0.2372,pre_fix,0.2372,0.2688910487392819,0.17381790252143622,unresolved,1786526100,2026-08-12T09:15:00+00:00,1.2653415268739592,window_close,no,,,18.2764,below_50%,manual,1786445757,,,missing,,0,missing,,,no_consecutive_trend,reconstructed
1125,1786438875,2026-08-11T09:01:15+00:00,RKLBUSDT,SHORT,confluence,1,72.24,pre_fix,72.24,76.6202717068766,63.4794565862468,sl_first,1786446900,2026-08-11T11:15:00+00:00,-1.0,stop_touch,no,,,20.435,below_50%,manual,1786445757,,,missing,,0,missing,,,no_consecutive_trend,reconstructed
1126,1786438884,2026-08-11T09:01:24+00:00,APTUSDT,SHORT,confluence,1,0.5839,pre_fix,0.5839,0.5996942132108636,0.5523115735782728,unresolved,1786526100,2026-08-12T09:15:00+00:00,1.0066978194940193,window_close,no,,,2.7157,below_50%,manual,1786445757,,,missing,,0,missing,,,no_consecutive_trend,reconstructed
1127,1786438886,2026-08-11T09:01:26+00:00,JSTUSDT,SHORT,confluence,1,0.09817,pre_fix,0.09817,0.11289549999999998,0.078536,unresolved,1786526100,2026-08-12T09:15:00+00:00,-0.28657770534107535,window_close,no,,,5.4705,below_50%,manual,1786445757,,,missing,,0,missing,,,no_consecutive_trend,reconstructed
1130,1786439422,2026-08-11T09:10:22+00:00,ICXUSDT,SHORT,confluence,1,0.02065,pre_fix,0.02065,0.0237475,0.016520000000000003,unresolved,1786526100,2026-08-12T09:15:00+00:00,-0.3260694108151726,window_close,yes,1786439259,oversold_24h,6.7898,below_50%,manual,1786445757,,,missing,,0,missing,,,no_consecutive_trend,reconstructed
1131,1786439423,2026-08-11T09:10:23+00:00,MOVRUSDT,LONG,confluence,1,1.04,pre_fix,1.04,1.014,1.0816000000000001,ambiguous,1786439700,2026-08-11T09:15:00+00:00,nan,both_barriers_same_candle,no,,,5.3763,below_50%,sl,1786439835,1.009,,missing,,0,missing,,,no_consecutive_trend,reconstructed
1132,1786439425,2026-08-11T09:10:25+00:00,SOPHUSDT,SHORT,confluence,1,0.003802,pre_fix,0.003802,0.004372299999999999,0.0030416,unresolved,1786526100,2026-08-12T09:15:00+00:00,-0.07364544976328323,window_close,no,,,3.324,below_50%,manual,1786445757,,,missing,,0,missing,,,no_consecutive_trend,reconstructed
1133,1786439440,2026-08-11T09:10:40+00:00,RAREUSDT,SHORT,confluence,1,0.0127,pre_fix,0.0127,0.014604999999999998,0.01016,unresolved,1786526100,2026-08-12T09:15:00+00:00,0.17847769028871405,window_close,no,,,5.6775,below_50%,manual,1786445757,,,missing,,0,missing,,,no_consecutive_trend,reconstructed
1134,1786439442,2026-08-11T09:10:42+00:00,TENCENTUSDT,SHORT,confluence,1,59.99,pre_fix,59.99,61.489749999999994,56.99050000000002,unresolved,1786526100,2026-08-12T09:15:00+00:00,0.5067511251875375,window_close,no,,,3.8224,below_50%,manual,1786445757,,,missing,,0,missing,,,no_consecutive_trend,reconstructed
1135,1786439728,2026-08-11T09:15:28+00:00,COLLECTUSDT,SHORT,confluence,1,0.05606,pre_fix,0.05606,0.05981278791078609,0.04855442417842781,unresolved,1786527000,2026-08-12T09:30:00+00:00,0.11724616750532794,window_close,no,,,6.7695,below_50%,manual,1786445757,,,missing,,0,missing,,,no_consecutive_trend,reconstructed
1136,1786439731,2026-08-11T09:15:31+00:00,AXSUSDT,SHORT,confluence,1,0.8964,pre_fix,0.8964,0.9258520565130678,0.8374958869738643,sl_first,1786511700,2026-08-12T05:15:00+00:00,-1.0,stop_touch,no,,,5.8751,below_50%,manual,1786445757,,,missing,,0,missing,,,no_consecutive_trend,reconstructed
1137,1786440016,2026-08-11T09:20:16+00:00,BRUSDT,SHORT,confluence,1,0.13587,pre_fix,0.13587,0.14584536944317467,0.11591926111365064,ambiguous,1786526100,2026-08-12T09:15:00+00:00,nan,both_barriers_same_candle,no,,,12.5719,below_50%,manual,1786445757,,,missing,,0,missing,,,no_consecutive_trend,reconstructed
1138,1786440018,2026-08-11T09:20:18+00:00,BSVUSDT,SHORT,confluence,1,14.82,pre_fix,14.82,15.350716269026732,13.758567461946537,unresolved,1786527000,2026-08-12T09:30:00+00:00,0.6783285552187711,window_close,no,,,5.3901,below_50%,manual,1786445757,,,missing,,0,missing,,,no_consecutive_trend,reconstructed
1139,1786440309,2026-08-11T09:25:09+00:00,VELVETUSDT,SHORT,confluence,1,0.51359,pre_fix,0.51359,0.550182469501082,0.44040506099783605,ambiguous,1786440600,2026-08-11T09:30:00+00:00,nan,both_barriers_same_candle,no,,,10.155,below_50%,sl,1786441709,0.56966,,missing,,0,missing,,,no_consecutive_trend,reconstructed
1140,1786440590,2026-08-11T09:29:50+00:00,STARUSDT,SHORT,confluence,1,0.11128,pre_fix,0.11128,0.12279675506791626,0.08824648986416748,tp_first,1786527000,2026-08-12T09:30:00+00:00,2.0,target_touch,no,,,25.7192,below_50%,manual,1786445757,,,missing,,0,missing,,,no_consecutive_trend,reconstructed
1141,1786440595,2026-08-11T09:29:55+00:00,LINKUSDT,SHORT,confluence,1,8.681,pre_fix,8.681,8.898024999999999,8.24695,unresolved,1786527000,2026-08-12T09:30:00+00:00,-0.37783665476328027,window_close,no,,,4.4162,below_50%,manual,1786445757,,,missing,,0,missing,,,no_consecutive_trend,reconstructed
1142,1786440597,2026-08-11T09:29:57+00:00,MOVRUSDT,LONG,confluence,1,0.923,pre_fix,0.923,0.899925,0.9599200000000001,ambiguous,1786440600,2026-08-11T09:30:00+00:00,nan,both_barriers_same_candle,no,,,17.8536,below_50%,tp,1786442940,0.971,,missing,,0,missing,,,no_consecutive_trend,reconstructed
1143,1786441504,2026-08-11T09:45:04+00:00,CAPUSDT,SHORT,confluence,1,0.04998,pre_fix,0.04998,0.057099928244625016,0.03574014351074996,sl_first,1786474800,2026-08-11T19:00:00+00:00,-1.0,stop_touch,no,,,21.7297,below_50%,manual,1786445757,,,missing,,0,missing,,,no_consecutive_trend,reconstructed
1144,1786442150,2026-08-11T09:55:50+00:00,COOKIEUSDT,SHORT,confluence,1,0.01262,pre_fix,0.01262,0.015431444215342947,0.006997111569314103,sl_first,1786464000,2026-08-11T16:00:00+00:00,-1.0,stop_touch,no,,,21.4222,below_50%,manual,1786445757,,,missing,,0,missing,,,no_consecutive_trend,reconstructed
1145,1786442419,2026-08-11T10:00:19+00:00,SUSHIUSDT,SHORT,confluence,1,0.1625,pre_fix,0.1625,0.1709549810214007,0.14559003795719863,unresolved,1786529700,2026-08-12T10:15:00+00:00,-0.03548204298042238,window_close,no,,,7.4303,below_50%,manual,1786445757,,,missing,,0,missing,,,no_consecutive_trend,reconstructed
1146,1786442421,2026-08-11T10:00:21+00:00,XRPUSDT,SHORT,confluence,1,1.0061,pre_fix,1.0061,1.0312525,0.9557950000000002,unresolved,1786529700,2026-08-12T10:15:00+00:00,-0.6878043932014771,window_close,no,,,3.3446,below_50%,manual,1786445757,,,missing,,0,missing,,,no_consecutive_trend,reconstructed
1147,1786442423,2026-08-11T10:00:23+00:00,VANRYUSDT,SHORT,confluence,1,0.002451,pre_fix,0.002451,0.002839337415075633,0.001674325169848734,missing_price,,,nan,no_candle_in_window,no,,,,missing,manual,1786445757,,,missing,,0,missing,,,no_consecutive_trend,reconstructed
1148,1786442426,2026-08-11T10:00:26+00:00,MEGAUSDT,SHORT,confluence,1,0.03569,pre_fix,0.03569,0.03711405426593813,0.03284189146812373,tp_first,1786516200,2026-08-12T06:30:00+00:00,2.0,target_touch,no,,,4.6871,below_50%,manual,1786445757,,,missing,,0,missing,,,no_consecutive_trend,reconstructed
1165,1786444221,2026-08-11T10:30:21+00:00,RENDERUSDT,SHORT,confluence,1,1.2349,pre_fix,1.2349,1.2773166971181715,1.1500666057636573,unresolved,1786531500,2026-08-12T10:45:00+00:00,-0.7261291447137486,window_close,no,,,6.2306,below_50%,manual,1786445757,,,missing,,0,missing,,,no_consecutive_trend,reconstructed
1166,1786444228,2026-08-11T10:30:28+00:00,CATIUSDT,SHORT,confluence,1,0.04291,pre_fix,0.04291,0.04697026599396535,0.03478946801206929,unresolved,1786531500,2026-08-12T10:45:00+00:00,0.10097860598526395,window_close,no,,,7.0138,below_50%,manual,1786445757,,,missing,,0,missing,,,no_consecutive_trend,reconstructed
1167,1786444239,2026-08-11T10:30:39+00:00,YBUSDT,SHORT,confluence,1,0.0767,pre_fix,0.0767,0.08106392434904561,0.0679721513019088,sl_first,1786531500,2026-08-12T10:45:00+00:00,-1.0,stop_touch,no,,,10.6267,below_50%,manual,1786445757,,,missing,,0,missing,,,no_consecutive_trend,reconstructed
1168,1786444241,2026-08-11T10:30:41+00:00,2ZUSDT,SHORT,confluence,1,0.05293,pre_fix,0.05293,0.05491474793919747,0.048960504121605054,unresolved,1786531500,2026-08-12T10:45:00+00:00,0.5088807399938091,window_close,no,,,5.7812,below_50%,manual,1786445757,,,missing,,0,missing,,,no_consecutive_trend,reconstructed
1169,1786444763,2026-08-11T10:39:23+00:00,SAMSUNGUSDT,SHORT,confluence,1,169.55,pre_fix,169.55,176.30115421722658,156.04769156554687,sl_first,1786494600,2026-08-12T00:30:00+00:00,-1.0,stop_touch,no,,,7.5659,below_50%,manual,1786445757,,,missing,,0,missing,,,no_consecutive_trend,reconstructed
1170,1786444772,2026-08-11T10:39:32+00:00,QUSDT,SHORT,confluence,1,0.021647,pre_fix,0.021647,0.023713085085384365,0.01751482982923127,unresolved,1786531500,2026-08-12T10:45:00+00:00,-0.3663934294647754,window_close,no,,,14.7969,below_50%,manual,1786445757,,,missing,,0,missing,,,no_consecutive_trend,reconstructed
1178,1786448839,2026-08-11T11:47:19+00:00,COOKIEUSDT,SHORT,confluence,1,0.01445,pre_fix,0.01445,0.01753287278677152,0.008284254426456956,unresolved,1786536000,2026-08-12T12:00:00+00:00,0.8271505755741664,window_close,no,,,31.7333,below_50%,open,,,,missing,,0,missing,,,no_consecutive_trend,reconstructed
1179,1786448843,2026-08-11T11:47:23+00:00,GRASSUSDT,SHORT,confluence,1,0.3008,pre_fix,0.3008,0.3169064856201009,0.2685870287597983,sl_first,1786534200,2026-08-12T11:30:00+00:00,-1.0,stop_touch,no,,,7.1131,below_50%,sl,1786536583,0.3174,,missing,,0,missing,,,no_consecutive_trend,reconstructed
1180,1786448845,2026-08-11T11:47:25+00:00,ARXUSDT,SHORT,confluence,1,0.1227,pre_fix,0.1227,0.13121513399479193,0.10566973201041616,unresolved,1786536000,2026-08-12T12:00:00+00:00,0.951247508841808,window_close,no,,,8.19,below_50%,tp,1786862032,0.1056,,missing,,0,missing,,,no_consecutive_trend,reconstructed
1181,1786448847,2026-08-11T11:47:27+00:00,SCRUSDT,SHORT,confluence,1,0.02089,pre_fix,0.02089,0.02241462095174078,0.017840758096518437,unresolved,1786536000,2026-08-12T12:00:00+00:00,0.1770931979464922,window_close,no,,,10.4753,below_50%,sl,1787307445,0.02247,,missing,,0,missing,,,no_consecutive_trend,reconstructed
1182,1786448851,2026-08-11T11:47:31+00:00,IOUSDT,SHORT,confluence,1,0.11711,pre_fix,0.11711,0.12337901164476779,0.10457197671046443,unresolved,1786536000,2026-08-12T12:00:00+00:00,-0.12601667451987353,window_close,no,,,9.048,below_50%,sl,1787173724,0.12346,,missing,,0,missing,,,no_consecutive_trend,reconstructed
1183,1786448853,2026-08-11T11:47:33+00:00,FLUXUSDT,SHORT,confluence,1,0.04087,pre_fix,0.04087,0.04321479031014069,0.036180419379718616,unresolved,1786536000,2026-08-12T12:00:00+00:00,0.26868074184518353,window_close,no,,,11.2398,below_50%,sl,1787271545,0.04323,,missing,,0,missing,,,no_consecutive_trend,reconstructed
1184,1786448855,2026-08-11T11:47:35+00:00,SAGAUSDT,SHORT,confluence,1,0.01416,pre_fix,0.01416,0.016000231503842055,0.010479536992315892,unresolved,1786536000,2026-08-12T12:00:00+00:00,0.19019346167548362,window_close,no,,,10.6322,below_50%,sl,1787318788,0.016000231503842055,,missing,,0,missing,,,no_consecutive_trend,reconstructed
1185,1786448858,2026-08-11T11:47:38+00:00,SUSHIUSDT,SHORT,confluence,1,0.1632,pre_fix,0.1632,0.17166926673568642,0.1462614665286272,unresolved,1786536000,2026-08-12T12:00:00+00:00,0.04722959052813359,window_close,no,,,7.4969,below_50%,sl,1787173662,0.1723,,missing,,0,missing,,,no_consecutive_trend,reconstructed
1186,1786449389,2026-08-11T11:56:29+00:00,0GUSDT,SHORT,confluence,1,0.1642,pre_fix,0.1642,0.17355405708775037,0.1454918858244993,unresolved,1786536000,2026-08-12T12:00:00+00:00,0.8659344201146054,window_close,no,,,9.121,below_50%,tp,1787012249,0.1442,,missing,,0,missing,,,no_consecutive_trend,reconstructed
1187,1786449394,2026-08-11T11:56:34+00:00,EDGEUSDT,SHORT,confluence,1,0.069,pre_fix,0.069,0.07324206062436621,0.0605158787512676,unresolved,1786536000,2026-08-12T12:00:00+00:00,1.5464182577494676,window_close,no,,,16.9796,below_50%,sl,1787358456,0.0749,,missing,,0,missing,,,no_consecutive_trend,reconstructed
1188,1786449396,2026-08-11T11:56:36+00:00,FFUSDT,SHORT,confluence,1,0.0656,pre_fix,0.0656,0.06893198766532589,0.05893602466934823,unresolved,1786536000,2026-08-12T12:00:00+00:00,0.030012115903262904,window_close,no,,,10.8636,below_50%,sl,1787309877,0.06912,,missing,,0,missing,,,no_consecutive_trend,reconstructed
1189,1786449688,2026-08-11T12:01:28+00:00,USARUSDT,SHORT,confluence,1,18.25,pre_fix,18.25,19.374005653991357,16.001988692017285,sl_first,1786469400,2026-08-11T17:30:00+00:00,-1.0,stop_touch,no,,,17.0804,below_50%,sl,1786714696,19.39,,missing,,0,missing,,,no_consecutive_trend,reconstructed
1190,1786449691,2026-08-11T12:01:31+00:00,GUNUSDT,SHORT,confluence,1,0.003514,pre_fix,0.003514,0.0038970411536545083,0.002747917692690984,unresolved,1786536900,2026-08-12T12:15:00+00:00,0.36549597520864885,window_close,no,,,15.7976,below_50%,open,,,,missing,,0,missing,,,no_consecutive_trend,reconstructed
1191,1786449694,2026-08-11T12:01:34+00:00,SOPHUSDT,SHORT,confluence,1,0.003709,pre_fix,0.003709,0.003863526610237883,0.003399946779524234,sl_first,1786456800,2026-08-11T14:00:00+00:00,-1.0,stop_touch,no,,,12.4443,below_50%,sl,1786456317,0.003869,,missing,,0,missing,,,no_consecutive_trend,reconstructed
1192,1786449696,2026-08-11T12:01:36+00:00,BIOUSDT,SHORT,confluence,1,0.02575,pre_fix,0.02575,0.02725579744145634,0.02273840511708732,unresolved,1786536900,2026-08-12T12:15:00+00:00,0.7637149382374894,window_close,no,,,9.8155,below_50%,sl,1787152388,0.02737,,missing,,0,missing,,,no_consecutive_trend,reconstructed
1193,1786449698,2026-08-11T12:01:38+00:00,BBUSDT,SHORT,confluence,1,0.01305,pre_fix,0.01305,0.014012337543591236,0.01112532491281753,unresolved,1786536900,2026-08-12T12:15:00+00:00,0.5195682152585556,window_close,no,,,9.8145,below_50%,tp,1786914154,0.01112532491281753,,missing,,0,missing,,,no_consecutive_trend,reconstructed
1194,1786449700,2026-08-11T12:01:40+00:00,MIRAUSDT,SHORT,confluence,1,0.04083,pre_fix,0.04083,0.042446411059417086,0.03759717788116582,unresolved,1786536900,2026-08-12T12:15:00+00:00,0.19796944479914638,window_close,no,,,4.914,below_50%,tp,1787022599,0.03729,,missing,,0,missing,,,no_consecutive_trend,reconstructed
1195,1786449703,2026-08-11T12:01:43+00:00,BONKUSDT,SHORT,confluence,1,2.344e-06,pre_fix,2.344e-06,2.463783994851526e-06,2.104432010296948e-06,unresolved,1786536900,2026-08-12T12:15:00+00:00,0.7597008274168512,window_close,no,,,7.5594,below_50%,sl,1787173662,2.464e-06,,missing,,0,missing,,,no_consecutive_trend,reconstructed
1196,1786449983,2026-08-11T12:06:23+00:00,IBMUSDT,SHORT,confluence,1,238.65,pre_fix,238.65,244.61624999999998,226.71750000000006,unresolved,1786536900,2026-08-12T12:15:00+00:00,0.17766603813115556,window_close,no,,,2.7052,below_50%,open,,,,missing,,0,missing,,,no_consecutive_trend,reconstructed
1197,1786449988,2026-08-11T12:06:28+00:00,TRXUSDT,SHORT,confluence,1,0.33704,pre_fix,0.33704,0.345466,0.32018800000000003,unresolved,1786536900,2026-08-12T12:15:00+00:00,0.05221932114882465,window_close,no,,,2.1887,below_50%,sl,1787380071,0.34548,,missing,,0,missing,,,no_consecutive_trend,reconstructed
1198,1786449994,2026-08-11T12:06:34+00:00,SOONUSDT,SHORT,confluence,1,0.2145,pre_fix,0.2145,0.23125723788061694,0.1809855242387661,unresolved,1786536900,2026-08-12T12:15:00+00:00,0.14918926483055692,window_close,no,,,7.9981,below_50%,open,,,,missing,,0,missing,,,no_consecutive_trend,reconstructed
1199,1786449997,2026-08-11T12:06:37+00:00,RATSUSDT,SHORT,confluence,1,3.877e-05,pre_fix,3.877e-05,4.4389344209732445e-05,2.753131158053512e-05,unresolved,1786536900,2026-08-12T12:15:00+00:00,0.19575237944934176,window_close,no,,,14.7242,below_50%,sl,1787060906,4.4389344209732445e-05,,missing,,0,missing,,,no_consecutive_trend,reconstructed
1200,1786449999,2026-08-11T12:06:39+00:00,STORJUSDT,SHORT,confluence,1,0.04258,pre_fix,0.04258,0.044301858205062834,0.03913628358987433,sl_first,1786513500,2026-08-12T05:45:00+00:00,-1.0,stop_touch,no,,,8.4459,below_50%,sl,1786517239,0.04707,,missing,,0,missing,,,no_consecutive_trend,reconstructed
1201,1786450001,2026-08-11T12:06:41+00:00,SANDUSDT,SHORT,confluence,1,0.0407,pre_fix,0.0407,0.0417858731095562,0.0385282537808876,unresolved,1786536900,2026-08-12T12:15:00+00:00,0.6722700779452545,window_close,no,,,4.488,below_50%,tp,1786570081,0.03842,,missing,,0,missing,,,no_consecutive_trend,reconstructed
1202,1786450292,2026-08-11T12:11:32+00:00,TAUSDT,SHORT,confluence,1,0.0624,pre_fix,0.0624,0.07175999999999999,0.04992,unresolved,1786536900,2026-08-12T12:15:00+00:00,0.04914529914529866,window_close,no,,,2.7935,below_50%,open,,,,missing,,0,missing,,,no_consecutive_trend,reconstructed
1203,1786450299,2026-08-11T12:11:39+00:00,POLUSDT,SHORT,confluence,1,0.07549,pre_fix,0.07549,0.07737725,0.07171550000000002,unresolved,1786536900,2026-08-12T12:15:00+00:00,0.0635845807391684,window_close,no,,,4.3201,below_50%,sl,1786975332,0.0781,,missing,,0,missing,,,no_consecutive_trend,reconstructed
1204,1786450302,2026-08-11T12:11:42+00:00,YFIUSDT,SHORT,confluence,1,1962.1,pre_fix,1962.1,2012.2749526647187,1861.7500946705622,unresolved,1786536900,2026-08-12T12:15:00+00:00,-0.4643751266831564,window_close,no,,,5.4112,below_50%,sl,1787151972,2013.3,,missing,,0,missing,,,no_consecutive_trend,reconstructed
1205,1786450305,2026-08-11T12:11:45+00:00,TAKEUSDT,SHORT,confluence,1,0.05268,pre_fix,0.05268,0.0644837022907749,0.029072595418450205,unresolved,1786536900,2026-08-12T12:15:00+00:00,0.5633825588093033,window_close,no,,,20.4836,below_50%,open,,,,missing,,0,missing,,,no_consecutive_trend,reconstructed
1206,1786450307,2026-08-11T12:11:47+00:00,BSBUSDT,SHORT,confluence,1,0.13555,pre_fix,0.13555,0.15062731885407235,0.10539536229185531,unresolved,1786536900,2026-08-12T12:15:00+00:00,0.25999317504260544,window_close,no,,,11.9479,below_50%,tp,1787422406,0.10537,,missing,,0,missing,,,no_consecutive_trend,reconstructed
1207,1786450309,2026-08-11T12:11:49+00:00,TIAUSDT,SHORT,confluence,1,0.3168,pre_fix,0.3168,0.32819629218625607,0.29400741562748794,unresolved,1786536900,2026-08-12T12:15:00+00:00,0.7107574874017949,window_close,no,,,5.6724,below_50%,tp,1787022599,0.2936,,missing,,0,missing,,,no_consecutive_trend,reconstructed
1256,1786456134,2026-08-11T13:48:54+00:00,GOOGLXUSDT,SHORT,confluence,1,351.5,pre_fix,351.5,360.28749999999997,333.92500000000007,unresolved,1786543200,2026-08-12T14:00:00+00:00,0.7453769559032759,window_close,no,,,2.1093,below_50%,open,,,,missing,,0,missing,,,no_consecutive_trend,reconstructed
1264,1786457038,2026-08-11T14:03:58+00:00,RAVEUSDT,LONG,confluence,1,0.3074,pre_fix,0.3074,0.2893560038553745,0.343487992289251,unresolved,1786544100,2026-08-12T14:15:00+00:00,-0.08867215372779605,window_close,no,,,6.5854,below_50%,sl,1786646061,0.2893,,missing,,0,missing,,,no_consecutive_trend,reconstructed
1274,1786457641,2026-08-11T14:14:01+00:00,ZECUSDT,SHORT,confluence,1,481.91,pre_fix,481.91,499.15523192722833,447.4195361455434,unresolved,1786544100,2026-08-12T14:15:00+00:00,-0.41344761439494,window_close,no,,,5.1019,below_50%,sl,1786949826,514.44,,missing,,0,missing,,,no_consecutive_trend,reconstructed
1285,1786458855,2026-08-11T14:34:15+00:00,UNIUSDT,LONG,confluence,1,3.81,pre_fix,3.81,3.684917258658041,4.060165482683917,sl_first,1786464900,2026-08-11T16:15:00+00:00,-1.0,stop_touch,no,,,6.0854,below_50%,sl,1786518297,3.617,,missing,,0,missing,,,no_consecutive_trend,reconstructed
1294,1786460413,2026-08-11T15:00:13+00:00,ACEUSDT,LONG,confluence,1,0.1063,pre_fix,0.1063,0.09022660476353458,0.13844679047293085,unresolved,1786547700,2026-08-12T15:15:00+00:00,0.09954337440605575,window_close,no,,,21.9256,below_50%,tp,1786686314,0.1398,,missing,,0,missing,,,no_consecutive_trend,reconstructed
1300,1786460439,2026-08-11T15:00:39+00:00,UNIUSDT,SHORT,confluence,1,3.75,pre_fix,3.75,3.9167769884559447,3.4164460230881106,unresolved,1786547700,2026-08-12T15:15:00+00:00,1.4810196675619112,window_close,yes,1786458855,confluence,7.9625,below_50%,tp,1786703162,3.4164460230881106,,missing,,0,missing,,,no_consecutive_trend,reconstructed
1302,1786460445,2026-08-11T15:00:45+00:00,AVAXUSDT,SHORT,confluence,1,6.317,pre_fix,6.317,6.49939546872992,5.952209062540161,sl_first,1786537800,2026-08-12T12:30:00+00:00,-1.0,stop_touch,no,,,5.3359,below_50%,sl,1786596141,6.5,,missing,,0,missing,,,no_consecutive_trend,reconstructed
1305,1786460459,2026-08-11T15:00:59+00:00,ARUSDT,SHORT,confluence,1,1.781,pre_fix,1.781,1.8370952641073877,1.6688094717852244,unresolved,1786547700,2026-08-12T15:15:00+00:00,0.0,window_close,no,,,5.6948,below_50%,sl,1786867709,1.8370952641073877,,missing,,0,missing,,,no_consecutive_trend,reconstructed
1306,1786460461,2026-08-11T15:01:01+00:00,EIGENUSDT,SHORT,confluence,1,0.1753,pre_fix,0.1753,0.18369294105846928,0.15851411788306147,unresolved,1786547700,2026-08-12T15:15:00+00:00,0.19063639180278366,window_close,no,,,5.6387,below_50%,sl,1787172758,0.18369294105846928,,missing,,0,missing,,,no_consecutive_trend,reconstructed
1309,1786460472,2026-08-11T15:01:12+00:00,AAVEUSDT,SHORT,confluence,1,87.42,pre_fix,87.42,89.86963099792928,82.52073800414145,sl_first,1786504500,2026-08-12T03:15:00+00:00,-1.0,stop_touch,no,,,4.0087,below_50%,sl,1786506495,89.89,,missing,,0,missing,,,no_consecutive_trend,reconstructed
1317,1786461562,2026-08-11T15:19:22+00:00,ZKUSDT,SHORT,confluence,1,0.00764,pre_fix,0.00764,0.007925628694540339,0.007068742610919322,unresolved,1786548600,2026-08-12T15:30:00+00:00,1.0153041537605183,window_close,no,,,3.3722,below_50%,sl,1786975332,0.00806,,missing,,0,missing,,,no_consecutive_trend,reconstructed
1347,1786484107,2026-08-11T21:35:07+00:00,HEIUSDT,LONG,confluence,1,0.15055,pre_fix,0.15055,0.11869385134287766,0.21426229731424462,unresolved,1786571100,2026-08-12T21:45:00+00:00,-0.5258011626039752,window_close,no,,,26.4266,below_50%,open,,,,missing,,0,missing,,,no_consecutive_trend,reconstructed
1370,1786497618,2026-08-12T01:20:18+00:00,BNBUSDT,LONG,confluence,1,617.9,pre_fix,617.9,610.168092951079,633.3638140978421,sl_first,1786515300,2026-08-12T06:15:00+00:00,-1.0,stop_touch,no,,,3.67,below_50%,sl,1786515026,610.168092951079,,missing,,0,missing,,,no_consecutive_trend,reconstructed
1372,1786497627,2026-08-12T01:20:27+00:00,ONEUSDT,LONG,confluence,1,0.000803,pre_fix,0.000803,0.000782925,0.0008351200000000001,ambiguous,1786498200,2026-08-12T01:30:00+00:00,nan,both_barriers_same_candle,no,,,62.5654,at_or_above_50%,sl,1786498127,0.000655,,missing,,0,missing,,,no_consecutive_trend,reconstructed
1379,1786498224,2026-08-12T01:30:24+00:00,ONEUSDT,LONG,confluence,1,0.000638,pre_fix,0.000638,0.00062205,0.00066352,tp_first,1786499100,2026-08-12T01:45:00+00:00,1.5999999999999972,target_touch,no,,,116.0,at_or_above_50%,tp,1786499015,0.00075,,missing,,0,missing,,,no_consecutive_trend,reconstructed
1382,1786498232,2026-08-12T01:30:32+00:00,XAIUSDT,SHORT,confluence,1,0.006472,pre_fix,0.006472,0.0069093784159376575,0.005597243168124686,unresolved,1786585500,2026-08-13T01:45:00+00:00,0.34752515090197306,window_close,no,,,6.7151,below_50%,sl,1786704288,0.007019,,missing,,0,missing,,,no_consecutive_trend,reconstructed
1394,1786499474,2026-08-12T01:51:14+00:00,TSTBSCUSDT,LONG,confluence,1,0.015386,pre_fix,0.015386,0.01151640725781218,0.023125185484375643,unresolved,1786586400,2026-08-13T02:00:00+00:00,-0.15893145376644666,window_close,no,,,39.153,below_50%,open,,,,missing,,0,missing,,,no_consecutive_trend,reconstructed
1404,1786501214,2026-08-12T02:20:14+00:00,PROMUSDT,LONG,confluence,1,2.601,pre_fix,2.601,2.2138521414358587,3.375295717128282,tp_first,1786504500,2026-08-12T03:15:00+00:00,1.999999999999999,target_touch,no,,,93.5243,at_or_above_50%,sl,1786637401,2.21,,missing,,0,missing,,,no_consecutive_trend,reconstructed
1419,1786503364,2026-08-12T02:56:04+00:00,TRBUSDT,LONG,confluence,1,14.47,pre_fix,14.47,14.203086183250413,15.003827633499174,sl_first,1786503600,2026-08-12T03:00:00+00:00,-1.0,stop_touch,no,,,4.4596,below_50%,sl,1786503985,14.08,,missing,,0,missing,,,no_consecutive_trend,reconstructed
1427,1786504526,2026-08-12T03:15:26+00:00,TUTUSDT,LONG,confluence,1,0.072693,pre_fix,0.072693,0.016610673651043947,0.1848576526979121,unresolved,1786591800,2026-08-13T03:30:00+00:00,-0.19030950915962974,window_close,no,,,72.8463,at_or_above_50%,open,,,,missing,,0,missing,,,no_consecutive_trend,reconstructed
1436,1786506919,2026-08-12T03:55:19+00:00,CATIUSDT,LONG,confluence,1,0.04401,pre_fix,0.04401,0.04131385336458803,0.04940229327082394,unresolved,1786593600,2026-08-13T04:00:00+00:00,-0.36719071099362754,window_close,no,,,5.5085,below_50%,tp,1786788405,0.04956,,missing,,0,missing,,,no_consecutive_trend,reconstructed
1445,1786510618,2026-08-12T04:56:58+00:00,THEUSDT,LONG,confluence,1,0.059,pre_fix,0.059,0.05356706010013113,0.06986587979973773,unresolved,1786597200,2026-08-13T05:00:00+00:00,0.38653105661093223,window_close,no,,,11.0357,below_50%,tp,1787290361,0.0701,,missing,,0,missing,,,no_consecutive_trend,reconstructed
1455,1786512063,2026-08-12T05:21:03+00:00,INXUSDT,LONG,confluence,1,0.0078,pre_fix,0.0078,0.00635752181245848,0.010684956375083038,unresolved,1786599000,2026-08-13T05:30:00+00:00,-0.09012267992874455,window_close,no,,,84.4262,at_or_above_50%,open,,,,missing,,0,missing,,,no_consecutive_trend,reconstructed
1491,1786521378,2026-08-12T07:56:18+00:00,STORJUSDT,SHORT,confluence,1,0.05306,pre_fix,0.05306,0.05549007641478385,0.048199847170432304,sl_first,1786521600,2026-08-12T08:00:00+00:00,-1.0,stop_touch,no,,,21.9802,below_50%,tp,1786532898,0.04803,,missing,,0,missing,,,no_consecutive_trend,reconstructed
1492,1786521684,2026-08-12T08:01:24+00:00,AVAAIUSDT,LONG,confluence,1,0.008971,pre_fix,0.008971,0.008436174095005786,0.01004065180998843,tp_first,1786525200,2026-08-12T09:00:00+00:00,2.000000000000003,target_touch,no,,,11.5497,below_50%,tp,1786526235,0.010158,,missing,,0,missing,,,no_consecutive_trend,reconstructed
1493,1786521983,2026-08-12T08:06:23+00:00,SOXXUSDT,LONG,confluence,1,541.4,pre_fix,541.4,532.7492158496266,558.7015683007468,unresolved,1786608900,2026-08-13T08:15:00+00:00,0.6473401604591311,window_close,no,,,1.9838,below_50%,tp,1786631783,558.7015683007468,,missing,,0,missing,,,no_consecutive_trend,reconstructed
1494,1786522294,2026-08-12T08:11:34+00:00,CRDOUSDT,LONG,confluence,1,255.63,pre_fix,255.63,247.97093726303302,270.94812547393394,tp_first,1786547700,2026-08-12T15:15:00+00:00,2.0,target_touch,no,,,6.983,below_50%,tp,1786552194,271.7,,missing,,0,missing,,,no_consecutive_trend,reconstructed
1495,1786522304,2026-08-12T08:11:44+00:00,ONDSUSDT,LONG,confluence,1,9.974,pre_fix,9.974,9.655013270374695,10.61197345925061,unresolved,1786608900,2026-08-13T08:15:00+00:00,1.1693276408023014,window_close,no,,,9.1635,below_50%,sl,1786623089,9.655013270374695,,missing,,0,missing,,,no_consecutive_trend,reconstructed
1496,1786522305,2026-08-12T08:11:45+00:00,SOXXUSDT,SHORT,confluence,1,540.8,pre_fix,540.8,554.3199999999999,513.76,unresolved,1786608900,2026-08-13T08:15:00+00:00,-0.45857988165680874,window_close,yes,1786521983,confluence,1.9838,below_50%,sl,1786628434,554.3199999999999,,missing,,0,missing,,,no_consecutive_trend,reconstructed
1497,1786522895,2026-08-12T08:21:35+00:00,HOMEUSDT,SHORT,confluence,1,0.00986,pre_fix,0.00986,0.011361906175287895,0.006856187649424212,unresolved,1786609800,2026-08-13T08:30:00+00:00,-0.13316411057545696,window_close,no,,,21.9363,below_50%,sl,1786682326,0.011361906175287895,,missing,,0,missing,,,no_consecutive_trend,reconstructed
1498,1786523542,2026-08-12T08:32:22+00:00,JASMYUSDT,SHORT,confluence,1,0.00403,pre_fix,0.00403,0.004149921042051173,0.0037901579158976526,unresolved,1786610700,2026-08-13T08:45:00+00:00,-0.3752469060500423,window_close,no,,,3.3538,below_50%,sl,1786680555,0.004261,,missing,,0,missing,,,no_consecutive_trend,reconstructed
1503,1786530949,2026-08-12T10:35:49+00:00,RAREUSDT,LONG,confluence,1,0.01435,pre_fix,0.01435,0.013774644930624963,0.015500710138750071,ambiguous,1786531500,2026-08-12T10:45:00+00:00,nan,both_barriers_same_candle,no,,,7.8399,below_50%,tp,1786531666,0.01557,,missing,,0,missing,,,no_consecutive_trend,reconstructed
1504,1786530950,2026-08-12T10:35:50+00:00,XPDUSDT,LONG,confluence,1,1393.55,pre_fix,1393.55,1372.8554423864784,1434.9391152270427,sl_first,1786558500,2026-08-12T18:15:00+00:00,-1.0,stop_touch,no,,,2.2523,below_50%,sl,1786558386,1372.67,,missing,,0,missing,,,no_consecutive_trend,reconstructed
1507,1786533245,2026-08-12T11:14:05+00:00,SCRTUSDT,LONG,confluence,1,0.03841,pre_fix,0.03841,0.03577637064887478,0.04367725870225043,sl_first,1786533300,2026-08-12T11:15:00+00:00,-1.0,stop_touch,no,,,19.8347,below_50%,sl,1786534971,0.03557,,missing,,0,missing,,,no_consecutive_trend,reconstructed
1508,1786533245,2026-08-12T11:14:05+00:00,XPTUSDT,LONG,confluence,1,1784.16,pre_fix,1784.16,1756.5199682580035,1839.4400634839933,sl_first,1786570200,2026-08-12T21:30:00+00:00,-1.0,stop_touch,no,,,2.4717,below_50%,sl,1786570081,1754.1,,missing,,0,missing,,,no_consecutive_trend,reconstructed
1509,1786533791,2026-08-12T11:23:11+00:00,IOTAUSDT,SHORT,confluence,1,0.0345,pre_fix,0.0345,0.03565587699060837,0.03218824601878327,unresolved,1786620600,2026-08-13T11:30:00+00:00,0.34605758506316037,window_close,no,,,3.7316,below_50%,tp,1786861279,0.03184,,missing,,0,missing,,,no_consecutive_trend,reconstructed
1510,1786534092,2026-08-12T11:28:12+00:00,AVAAIUSDT,LONG,confluence,1,0.010783,pre_fix,0.010783,0.010130307068033808,0.01208838586393238,sl_first,1786536900,2026-08-12T12:15:00+00:00,-1.0,stop_touch,no,,,26.5485,below_50%,sl,1786536583,0.009467,,missing,,0,missing,,,no_consecutive_trend,reconstructed
1511,1786534390,2026-08-12T11:33:10+00:00,SOMIUSDT,SHORT,confluence,1,0.0909,pre_fix,0.0909,0.10453499999999999,0.07271999999999999,unresolved,1786621500,2026-08-13T11:45:00+00:00,0.08800880088008751,window_close,no,,,13.0485,below_50%,sl,1787302093,0.1051,,missing,,0,missing,,,no_consecutive_trend,reconstructed
1512,1786534693,2026-08-12T11:38:13+00:00,FLOCKUSDT,SHORT,confluence,1,0.03023,pre_fix,0.03023,0.03150101979983546,0.02768796040032908,unresolved,1786621500,2026-08-13T11:45:00+00:00,0.18095705513775293,window_close,no,,,7.125,below_50%,sl,1787217595,0.03156,,missing,,0,missing,,,no_consecutive_trend,reconstructed
1513,1786534693,2026-08-12T11:38:13+00:00,NILUSDT,LONG,confluence,1,0.04119,pre_fix,0.04119,0.03683952996268622,0.04989094007462755,unresolved,1786621500,2026-08-13T11:45:00+00:00,-0.08734688361045038,window_close,no,,,19.0297,below_50%,tp,1786780582,0.05307,,missing,,0,missing,,,no_consecutive_trend,reconstructed
1515,1786535589,2026-08-12T11:53:09+00:00,EWJUSDT,LONG,confluence,1,97.32,pre_fix,97.32,96.42620874139067,99.10758251721866,unresolved,1786622400,2026-08-13T12:00:00+00:00,0.46990837732457913,window_close,no,,,1.3646,below_50%,sl,1787044206,96.32,,missing,,0,missing,,,no_consecutive_trend,reconstructed
1516,1786535894,2026-08-12T11:58:14+00:00,FLOCKUSDT,LONG,confluence,1,0.03073,pre_fix,0.03073,0.029776735150123405,0.03263652969975319,sl_first,1786545900,2026-08-12T14:45:00+00:00,-1.0,stop_touch,yes,1786534693,confluence,8.7994,below_50%,sl,1786546895,0.02962,,missing,,0,missing,,,no_consecutive_trend,reconstructed
1517,1786536781,2026-08-12T12:13:01+00:00,POWERUSDT,LONG,confluence,1,0.10058,pre_fix,0.10058,0.09453421436506795,0.11267157126986412,sl_first,1786592700,2026-08-13T03:45:00+00:00,-1.0,stop_touch,no,,,11.1962,below_50%,sl,1786604175,0.09451,,missing,,0,missing,,,no_consecutive_trend,reconstructed
1518,1786537383,2026-08-12T12:23:03+00:00,METUSDT,LONG,confluence,1,0.1649,pre_fix,0.1649,0.15936511799333988,0.1759697640133202,sl_first,1786553100,2026-08-12T16:45:00+00:00,-1.0,stop_touch,no,,,8.982,below_50%,sl,1786553360,0.159,,missing,,0,missing,,,no_consecutive_trend,reconstructed
1521,1786538305,2026-08-12T12:38:25+00:00,SKUUUSDT,SHORT,confluence,1,19.761,pre_fix,19.761,22.725149999999996,15.8088,unresolved,1786625100,2026-08-13T12:45:00+00:00,-0.2894590354739138,window_close,no,,,15.2185,below_50%,sl,1786631270,22.894,,missing,,0,missing,,,no_consecutive_trend,reconstructed
1522,1786538318,2026-08-12T12:38:38+00:00,IONQUSDT,LONG,confluence,1,44.63,pre_fix,44.63,43.370598050009306,47.1488038999814,sl_first,1786542300,2026-08-12T13:45:00+00:00,-1.0,stop_touch,no,,,4.3142,below_50%,tp,1786628434,47.1488038999814,,missing,,0,missing,,,no_consecutive_trend,reconstructed
1523,1786538318,2026-08-12T12:38:38+00:00,GRASSUSDT,SHORT,confluence,1,0.32,pre_fix,0.32,0.3365970162187162,0.28680596756256765,unresolved,1786625100,2026-08-13T12:45:00+00:00,-0.13857912589169477,window_close,no,,,10.0516,below_50%,sl,1786898301,0.3372,,missing,,0,missing,,,no_consecutive_trend,reconstructed
1524,1786538318,2026-08-12T12:38:38+00:00,HOODXUSDT,SHORT,confluence,1,95.98,pre_fix,95.98,98.3795,91.18100000000003,unresolved,1786625100,2026-08-13T12:45:00+00:00,0.1625338612210887,window_close,no,,,3.0179,below_50%,sl,1786629166,99.28,,missing,,0,missing,,,no_consecutive_trend,reconstructed
1525,1786538320,2026-08-12T12:38:40+00:00,GDXUSDT,LONG,confluence,1,91.98,pre_fix,91.98,90.36490988861942,95.21018022276117,sl_first,1786602600,2026-08-13T06:30:00+00:00,-1.0,stop_touch,no,,,2.6646,below_50%,sl,1786602777,90.28,,missing,,0,missing,,,no_consecutive_trend,reconstructed
1526,1786538584,2026-08-12T12:43:04+00:00,TSEMUSDT,LONG,confluence,1,262.16,pre_fix,262.16,250.80498296140547,284.87003407718913,unresolved,1786625100,2026-08-13T12:45:00+00:00,-0.513429436537564,window_close,no,,,7.7765,below_50%,sl,1786682721,250.80498296140547,,missing,,0,missing,,,no_consecutive_trend,reconstructed
1527,1786538884,2026-08-12T12:48:04+00:00,FLNCUSDT,SHORT,confluence,1,13.494,pre_fix,13.494,13.988372874407679,12.505254251184642,unresolved,1786626000,2026-08-13T13:00:00+00:00,0.6938082928011721,window_close,no,,,4.6414,below_50%,tp,1786994136,12.505254251184642,,missing,,0,missing,,,no_consecutive_trend,reconstructed
1528,1786539187,2026-08-12T12:53:07+00:00,FIGHTUSDT,LONG,confluence,1,0.004059,pre_fix,0.004059,0.0038786237611954056,0.004419752477609189,unresolved,1786626000,2026-08-13T13:00:00+00:00,-0.18849489392465446,window_close,no,,,13.7789,below_50%,tp,1786820575,0.004419752477609189,,missing,,0,missing,,,no_consecutive_trend,reconstructed
1531,1786541581,2026-08-12T13:33:01+00:00,ALABUSDT,SHORT,confluence,1,334.3,pre_fix,334.3,350.3822061774712,302.1355876450577,unresolved,1786628700,2026-08-13T13:45:00+00:00,1.0321966909772748,window_close,no,,,9.1294,below_50%,tp,1787045896,302.1355876450577,,missing,,0,missing,,,no_consecutive_trend,reconstructed
1532,1786541582,2026-08-12T13:33:02+00:00,FLEXUSDT,LONG,confluence,1,127.91,pre_fix,127.91,124.70690106845042,134.31619786309915,sl_first,1786564800,2026-08-12T20:00:00+00:00,-1.0,stop_touch,no,,,6.9988,below_50%,sl,1786565027,124.66,,missing,,0,missing,,,no_consecutive_trend,reconstructed
1535,1786541586,2026-08-12T13:33:06+00:00,LRCXUSDT,LONG,confluence,1,326.7,pre_fix,326.7,318.74723500301417,342.60552999397163,unresolved,1786628700,2026-08-13T13:45:00+00:00,0.03772272915315798,window_close,no,,,6.4964,below_50%,tp,1786639317,343.6,,missing,,0,missing,,,no_consecutive_trend,reconstructed
1536,1786541888,2026-08-12T13:38:08+00:00,SKHYUSDT,SHORT,confluence,1,148.46,pre_fix,148.46,154.3542897451889,136.6714205096222,sl_first,1786545000,2026-08-12T14:30:00+00:00,-1.0,stop_touch,no,,,9.6347,below_50%,sl,1786562469,154.4,,missing,,0,missing,,,no_consecutive_trend,reconstructed
1537,1786541890,2026-08-12T13:38:10+00:00,SNDKUSDT,SHORT,confluence,1,1328.58,pre_fix,1328.58,1389.85186005223,1206.0362798955398,unresolved,1786628700,2026-08-13T13:45:00+00:00,-0.764951479521703,window_close,no,,,9.1967,below_50%,sl,1786629166,1390.51,,missing,,0,missing,,,no_consecutive_trend,reconstructed
1538,1786541892,2026-08-12T13:38:12+00:00,INTWUSDT,SHORT,confluence,1,24.15,pre_fix,24.15,27.772499999999997,19.32,unresolved,1786628700,2026-08-13T13:45:00+00:00,-0.06073153899240925,window_close,no,,,12.2955,below_50%,tp,1787228065,19.32,,missing,,0,missing,,,no_consecutive_trend,reconstructed
1539,1786541893,2026-08-12T13:38:13+00:00,MUUUSDT,SHORT,confluence,1,28.36,pre_fix,28.36,30.414468314566427,24.251063370867143,unresolved,1786628700,2026-08-13T13:45:00+00:00,-0.5840927268100727,window_close,no,,,16.18,below_50%,sl,1786631783,30.7,,missing,,0,missing,,,no_consecutive_trend,reconstructed
1540,1786541897,2026-08-12T13:38:17+00:00,SKHYNIXUSDT,SHORT,confluence,1,1088.9,pre_fix,1088.9,1138.1494522283147,990.401095543371,sl_first,1786580100,2026-08-13T00:15:00+00:00,-1.0,stop_touch,no,,,8.8203,below_50%,sl,1786594225,1150.4,,missing,,0,missing,,,no_consecutive_trend,reconstructed
1541,1786541902,2026-08-12T13:38:22+00:00,AMDUSDT,SHORT,confluence,1,482.8,pre_fix,482.8,494.90429840730684,458.59140318538635,sl_first,1786628700,2026-08-13T13:45:00+00:00,-1.0,stop_touch,no,,,5.3284,below_50%,sl,1786629166,494.90429840730684,,missing,,0,missing,,,no_consecutive_trend,reconstructed
1542,1786541903,2026-08-12T13:38:23+00:00,WDCUSDT,SHORT,confluence,1,457.5,pre_fix,457.5,475.4733039909572,421.55339201808556,unresolved,1786628700,2026-08-13T13:45:00+00:00,-0.46735981343364635,window_close,no,,,6.289,below_50%,sl,1786629960,475.4733039909572,,missing,,0,missing,,,no_consecutive_trend,reconstructed
1543,1786542186,2026-08-12T13:43:06+00:00,AMATUSDT,SHORT,confluence,1,548.6,pre_fix,548.6,565.6051498139254,514.5897003721492,unresolved,1786628700,2026-08-13T13:45:00+00:00,-0.09996971615079875,window_close,no,,,5.7542,below_50%,tp,1786651451,514.5897003721492,,missing,,0,missing,,,no_consecutive_trend,reconstructed
1544,1786542189,2026-08-12T13:43:09+00:00,TERUSDT,LONG,confluence,1,398.4,pre_fix,398.4,387.6213710814915,419.95725783701704,unresolved,1786628700,2026-08-13T13:45:00+00:00,0.7978751346780804,window_close,no,,,7.4502,below_50%,tp,1786635117,419.95725783701704,,missing,,0,missing,,,no_consecutive_trend,reconstructed
1545,1786542478,2026-08-12T13:47:58+00:00,MAVIAUSDT,LONG,confluence,1,0.02981,pre_fix,0.02981,0.0286557945480854,0.0321184109038292,unresolved,1786629600,2026-08-13T14:00:00+00:00,-0.25125509459251405,window_close,no,,,4.4792,below_50%,tp,1786739462,0.0322,,missing,,0,missing,,,no_consecutive_trend,reconstructed
1549,1786545192,2026-08-12T14:33:12+00:00,KSTRUSDT,SHORT,confluence,1,25.39,pre_fix,25.39,26.024749999999997,24.120500000000007,unresolved,1786632300,2026-08-13T14:45:00+00:00,0.5829066561638485,window_close,no,,,3.5366,below_50%,tp,1787207222,23.93,,missing,,0,missing,,,no_consecutive_trend,reconstructed
1552,1786546701,2026-08-12T14:58:21+00:00,HUMAUSDT,SHORT,confluence,1,0.02022,pre_fix,0.02022,0.021208168565284093,0.01824366286943181,unresolved,1786633200,2026-08-13T15:00:00+00:00,0.44526816118007256,window_close,no,,,5.3125,below_50%,sl,1786810084,0.02155,,missing,,0,missing,,,no_consecutive_trend,reconstructed
1554,1786547604,2026-08-12T15:13:24+00:00,EVOLUSDT,SHORT,confluence,1,52.96,pre_fix,52.96,60.903999999999996,42.368,unresolved,1786634100,2026-08-13T15:15:00+00:00,0.34239677744209474,window_close,no,,,6.6639,below_50%,open,,,,missing,,0,missing,,,no_consecutive_trend,reconstructed
1562,1786558049,2026-08-12T18:07:29+00:00,EULUSDT,SHORT,confluence,1,1.1952,pre_fix,1.1952,1.2824861421687028,1.0206277156625945,unresolved,1786644900,2026-08-13T18:15:00+00:00,0.4330584335706107,window_close,no,,,10.0764,below_50%,sl,1787173177,1.2824861421687028,,missing,,0,missing,,,no_consecutive_trend,reconstructed
1564,1786558549,2026-08-12T18:15:49+00:00,2ZUSDT,SHORT,confluence,1,0.05743,pre_fix,0.05743,0.06604449999999999,0.045944000000000006,unresolved,1786645800,2026-08-13T18:30:00+00:00,0.9518834523187658,window_close,no,,,16.8588,below_50%,open,,,,missing,,0,missing,,,no_consecutive_trend,reconstructed
1566,1786559453,2026-08-12T18:30:53+00:00,SPCXUSDT,LONG,confluence,1,148.22,pre_fix,148.22,142.8032976847881,159.05340463042378,sl_first,1786629600,2026-08-13T14:00:00+00:00,-1.0,stop_touch,no,,,13.2198,below_50%,sl,1786629542,142.37,,missing,,0,missing,,,no_consecutive_trend,reconstructed
1567,1786559453,2026-08-12T18:30:53+00:00,TRUTHUSDT,LONG,confluence,1,0.013777,pre_fix,0.013777,0.013382954678148712,0.014565090643702577,sl_first,1786636800,2026-08-13T16:00:00+00:00,-1.0,stop_touch,no,,,4.5217,below_50%,sl,1786680555,0.013381,,missing,,0,missing,,,no_consecutive_trend,reconstructed
1568,1786560047,2026-08-12T18:40:47+00:00,EDENUSDT,LONG,confluence,1,0.04526,pre_fix,0.04526,0.04289928818787718,0.049981423624245645,tp_first,1786636800,2026-08-13T16:00:00+00:00,2.0,target_touch,no,,,5.7934,below_50%,tp,1786638925,0.05004,,missing,,0,missing,,,no_consecutive_trend,reconstructed
1569,1786563339,2026-08-12T19:35:39+00:00,PIEVERSEUSDT,LONG,confluence,1,0.7643,pre_fix,0.7643,0.7287119555997007,0.8354760888005985,sl_first,1786638600,2026-08-13T16:30:00+00:00,-1.0,stop_touch,no,,,6.0414,below_50%,sl,1786638538,0.7283,,missing,,0,missing,,,no_consecutive_trend,reconstructed
1570,1786563339,2026-08-12T19:35:39+00:00,QNTXUSDT,LONG,confluence,1,71.83,pre_fix,71.83,68.61390893331958,78.26218213336082,sl_first,1786633200,2026-08-13T15:00:00+00:00,-1.0,stop_touch,no,,,33.2404,below_50%,sl,1786633023,68.48,,missing,,0,missing,,,no_consecutive_trend,reconstructed
1571,1786563649,2026-08-12T19:40:49+00:00,OKBUSDT,LONG,confluence,1,97.92,pre_fix,97.92,96.02792603644444,101.70414792711114,tp_first,1786585500,2026-08-13T01:45:00+00:00,2.0000000000000075,target_touch,no,,,3.2698,below_50%,tp,1786594225,103.12,,missing,,0,missing,,,no_consecutive_trend,reconstructed
1572,1786564244,2026-08-12T19:50:44+00:00,MNTUSDT,LONG,confluence,1,0.4633,pre_fix,0.4633,0.45342295331228033,0.4830540933754393,sl_first,1786633200,2026-08-13T15:00:00+00:00,-1.0,stop_touch,no,,,8.1314,below_50%,sl,1786637784,0.4533,,missing,,0,missing,,,no_consecutive_trend,reconstructed
1577,1786568718,2026-08-12T21:05:18+00:00,KOMAUSDT,LONG,confluence,1,0.014532,pre_fix,0.014532,0.013433242604187202,0.016729514791625596,sl_first,1786612500,2026-08-13T09:15:00+00:00,-1.0,stop_touch,no,,,11.214,below_50%,sl,1786612506,0.013407,,missing,,0,missing,,,no_consecutive_trend,reconstructed
1578,1786569730,2026-08-12T21:22:10+00:00,TRADOORUSDT,LONG,confluence,1,0.631,pre_fix,0.631,0.5900103848210465,0.7129792303579069,unresolved,1786656600,2026-08-13T21:30:00+00:00,0.21956780908304654,window_close,no,,,6.2818,below_50%,sl,1787395810,0.584,,missing,,0,missing,,,no_consecutive_trend,reconstructed
1579,1786570242,2026-08-12T21:30:42+00:00,GWEIUSDT,SHORT,confluence,1,0.024936,pre_fix,0.024936,0.02693088,0.020946239999999998,sl_first,1786609800,2026-08-13T08:30:00+00:00,-1.0,stop_touch,no,,,10.8078,below_50%,sl,1786684518,0.027076,,missing,,0,missing,,,no_consecutive_trend,reconstructed
1586,1786594604,2026-08-13T04:16:44+00:00,AMATUSDT,LONG,confluence,1,557.5,pre_fix,557.5,546.0533225377412,580.3933549245176,sl_first,1786623300,2026-08-13T12:15:00+00:00,-1.0,stop_touch,no,,,5.2284,below_50%,sl,1786623532,546.0533225377412,,missing,,0,missing,,,no_consecutive_trend,reconstructed
1589,1786595450,2026-08-13T04:30:50+00:00,AIOUSDT,SHORT,confluence,1,0.04402,pre_fix,0.04402,0.047541599999999996,0.0369768,unresolved,1786682700,2026-08-14T04:45:00+00:00,0.701385733757383,window_close,no,,,12.665,below_50%,sl,1786734006,0.047541599999999996,,missing,,0,missing,,,no_consecutive_trend,reconstructed
1590,1786596053,2026-08-13T04:40:53+00:00,SEIUSDT,SHORT,confluence,1,0.04145,pre_fix,0.04145,0.042556626981196284,0.039236746037607434,unresolved,1786682700,2026-08-14T04:45:00+00:00,0.6144798667974894,window_close,no,,,4.8756,below_50%,tp,1786916554,0.03921,,missing,,0,missing,,,no_consecutive_trend,reconstructed
1593,1786601435,2026-08-13T06:10:35+00:00,ACUUSDT,LONG,confluence,1,0.13993,pre_fix,0.13993,0.1294416958833388,0.16090660823332242,sl_first,1786602600,2026-08-13T06:30:00+00:00,-1.0,stop_touch,no,,,48.9208,below_50%,sl,1786602777,0.12644,,missing,,0,missing,,,no_consecutive_trend,reconstructed
1594,1786601435,2026-08-13T06:10:35+00:00,STGUSDT,LONG,confluence,1,0.1437,pre_fix,0.1437,0.13623476022188077,0.15863047955623844,unresolved,1786688100,2026-08-14T06:15:00+00:00,-0.013395417022383012,window_close,no,,,7.3408,below_50%,tp,1787309728,0.1588,,missing,,0,missing,,,no_consecutive_trend,reconstructed
1595,1786601435,2026-08-13T06:10:35+00:00,NIGHTUSDT,SHORT,confluence,1,0.01813,pre_fix,0.01813,0.018959281333859813,0.016471437332280375,unresolved,1786688100,2026-08-14T06:15:00+00:00,0.6873421319481403,window_close,no,,,6.3817,below_50%,sl,1787152627,0.019,,missing,,0,missing,,,no_consecutive_trend,reconstructed
1598,1786601974,2026-08-13T06:19:34+00:00,TRIAUSDT,SHORT,confluence,1,0.00849,pre_fix,0.00849,0.008865643713341191,0.007738712573317616,unresolved,1786689000,2026-08-14T06:30:00+00:00,0.1331048496866109,window_close,no,,,4.5567,below_50%,sl,1787078374,0.00904,,missing,,0,missing,,,no_consecutive_trend,reconstructed
1600,1786602581,2026-08-13T06:29:41+00:00,UPUSDT,LONG,confluence,1,0.3938,pre_fix,0.3938,0.38307613602605495,0.41524772794789006,unresolved,1786689000,2026-08-14T06:30:00+00:00,0.5408498293238193,window_close,no,,,3.8178,below_50%,tp,1786780582,0.4186,,missing,,0,missing,,,no_consecutive_trend,reconstructed
1601,1786603178,2026-08-13T06:39:38+00:00,FFUSDT,LONG,confluence,1,0.06631,pre_fix,0.06631,0.0643746829384169,0.07018063412316618,sl_first,1786684500,2026-08-14T05:15:00+00:00,-1.0,stop_touch,no,,,3.3967,below_50%,sl,1786684842,0.06436,,missing,,0,missing,,,no_consecutive_trend,reconstructed
1602,1786603778,2026-08-13T06:49:38+00:00,HOMEUSDT,LONG,confluence,1,0.01046,pre_fix,0.01046,0.0096232,0.012133600000000001,unresolved,1786690800,2026-08-14T07:00:00+00:00,1.075525812619502,window_close,no,,,18.9128,below_50%,sl,1786765905,0.00928,,missing,,0,missing,,,no_consecutive_trend,reconstructed
1603,1786604972,2026-08-13T07:09:32+00:00,ATUSDT,LONG,confluence,1,0.17534,pre_fix,0.17534,0.16714445964748267,0.19173108070503464,sl_first,1786605300,2026-08-13T07:15:00+00:00,-1.0,stop_touch,no,,,12.587,below_50%,sl,1786607476,0.16607,,missing,,0,missing,,,no_consecutive_trend,reconstructed
1604,1786604972,2026-08-13T07:09:32+00:00,TAKEUSDT,LONG,confluence,1,0.04931,pre_fix,0.04931,0.0453652,0.0571996,sl_first,1786618800,2026-08-13T11:00:00+00:00,-1.0,stop_touch,no,,,16.185,below_50%,sl,1786619554,0.044,,missing,,0,missing,,,no_consecutive_trend,reconstructed
1605,1786606168,2026-08-13T07:29:28+00:00,NOTUSDT,LONG,confluence,1,0.000379,pre_fix,0.000379,0.0003684136535584079,0.0004001726928831841,tp_first,1786628700,2026-08-13T13:45:00+00:00,1.999999999999995,target_touch,no,,,5.6342,below_50%,tp,1786628434,0.0004001726928831841,,missing,,0,missing,,,no_consecutive_trend,reconstructed
1606,1786606466,2026-08-13T07:34:26+00:00,BSVUSDT,LONG,confluence,1,15.05,pre_fix,15.05,14.648121325885294,15.853757348229417,sl_first,1786634100,2026-08-13T15:15:00+00:00,-1.0,stop_touch,no,,,5.1748,below_50%,sl,1786634280,14.64,,missing,,0,missing,,,no_consecutive_trend,reconstructed
1611,1786609043,2026-08-13T08:17:23+00:00,AKTUSDT,LONG,confluence,1,0.5445,pre_fix,0.5445,0.5258899400561833,0.5817201198876334,sl_first,1786678200,2026-08-14T03:30:00+00:00,-1.0,stop_touch,no,,,6.2622,below_50%,sl,1786680555,0.5225,,missing,,0,missing,,,no_consecutive_trend,reconstructed
1612,1786609641,2026-08-13T08:27:21+00:00,RESOLVUSDT,SHORT,confluence,1,0.01708,pre_fix,0.01708,0.017853754735437568,0.015532490529124868,unresolved,1786696200,2026-08-14T08:30:00+00:00,0.5169596794438961,window_close,no,,,4.5956,below_50%,sl,1786863023,0.01788,,missing,,0,missing,,,no_consecutive_trend,reconstructed
1613,1786611445,2026-08-13T08:57:25+00:00,REUSDT,SHORT,confluence,1,0.44329,pre_fix,0.44329,0.47750810965368057,0.3748537806926389,unresolved,1786698000,2026-08-14T09:00:00+00:00,-0.07656764288024147,window_close,no,,,7.3108,below_50%,sl,1787157528,0.48825,,missing,,0,missing,,,no_consecutive_trend,reconstructed
1616,1786612953,2026-08-13T09:22:33+00:00,DOGSUSDT,SHORT,confluence,1,3.545e-05,pre_fix,3.545e-05,3.6939947499980825e-05,3.247010500003835e-05,unresolved,1786699800,2026-08-14T09:30:00+00:00,0.5906248374599268,window_close,no,,,4.0739,below_50%,sl,1787173662,3.6939947499980825e-05,,missing,,0,missing,,,no_consecutive_trend,reconstructed
1617,1786613244,2026-08-13T09:27:24+00:00,PNUTUSDT,LONG,confluence,1,0.04165,pre_fix,0.04165,0.04035247173790224,0.04424505652419552,unresolved,1786699800,2026-08-14T09:30:00+00:00,-0.03853480610831912,window_close,no,,,6.0567,below_50%,sl,1786717067,0.04031,,missing,,0,missing,,,no_consecutive_trend,reconstructed
1618,1786613244,2026-08-13T09:27:24+00:00,AVNTUSDT,LONG,confluence,1,0.0996,pre_fix,0.0996,0.09546494425183726,0.10787011149632547,tp_first,1786614300,2026-08-13T09:45:00+00:00,2.0,target_touch,no,,,11.7514,below_50%,tp,1786614447,0.10787011149632547,,missing,,0,missing,,,no_consecutive_trend,reconstructed
1619,1786613987,2026-08-13T09:39:47+00:00,XMRUSDT,LONG,confluence,1,405.43,pre_fix,405.43,394.5877766861911,427.1144466276178,sl_first,1786649400,2026-08-13T19:30:00+00:00,-1.0,stop_touch,no,,,3.9113,below_50%,sl,1786649167,394.33,,missing,,0,missing,,,no_consecutive_trend,reconstructed
1620,1786614541,2026-08-13T09:49:01+00:00,AVNTUSDT,LONG,confluence,1,0.1062,pre_fix,0.1062,0.10156137282326584,0.11547725435346834,sl_first,1786615200,2026-08-13T10:00:00+00:00,-1.0,stop_touch,no,,,24.1808,below_50%,sl,1786615824,0.1004,,missing,,0,missing,,,no_consecutive_trend,reconstructed
1621,1786615148,2026-08-13T09:59:08+00:00,BARDUSDT,SHORT,confluence,1,0.1183,pre_fix,0.1183,0.12241355356945392,0.11007289286109216,tp_first,1786637700,2026-08-13T16:15:00+00:00,2.0,target_touch,no,,,7.6077,below_50%,tp,1786637784,0.1097,,missing,,0,missing,,,no_consecutive_trend,reconstructed
1625,1786617034,2026-08-13T10:30:34+00:00,MYXUSDT,LONG,confluence,1,0.079,pre_fix,0.079,0.07584235129170755,0.0853152974165849,tp_first,1786638600,2026-08-13T16:30:00+00:00,2.0,target_touch,no,,,10.4972,below_50%,tp,1786638139,0.0855,,missing,,0,missing,,,no_consecutive_trend,reconstructed
