strategy,activation_threshold,step_pct,n,baseline_total_r,alt_total_r,delta_total_r,baseline_avg_r,alt_avg_r,delta_avg_r,baseline_wr_pct,alt_wr_pct,alt_positive_n,alt_negative_n,activated_n,trail_exit_n,baseline_2r_to_alt_loss_n,baseline_sl_to_alt_positive_n
bb_squeeze_inverted_test,+0.3R,2.0,25,5.0,3.519151,-1.480849,0.2,0.140766,-0.059234,80.0,80.0,20,5,18,7,0,2
bb_squeeze_inverted_test,+0.3R,3.0,25,5.0,4.112071,-0.887929,0.2,0.164483,-0.035517,80.0,76.0,19,6,18,5,0,1
bb_squeeze_inverted_test,+0.3R,4.0,25,5.0,3.614968,-1.385032,0.2,0.144599,-0.055401,80.0,72.0,18,7,18,5,0,1
bb_squeeze_inverted_test,+0.3R,5.0,25,5.0,3.561301,-1.438699,0.2,0.142452,-0.057548,80.0,72.0,18,7,18,4,0,1
bb_squeeze_inverted_test,+0.3R,6.0,25,5.0,4.959115,-0.040885,0.2,0.198365,-0.001635,80.0,76.0,19,6,18,2,0,0
bb_squeeze_inverted_test,+0.3R,8.0,25,5.0,4.51403,-0.48597,0.2,0.180561,-0.019439,80.0,76.0,19,6,18,2,0,0
bb_squeeze_inverted_test,+0.3R,10.0,25,5.0,4.08665,-0.91335,0.2,0.163466,-0.036534,80.0,76.0,19,6,18,2,0,0
bb_squeeze_inverted_test,+0.5R,2.0,25,5.0,3.5,-1.5,0.2,0.14,-0.06,80.0,76.0,19,6,0,0,0,0
bb_squeeze_inverted_test,+0.5R,3.0,25,5.0,3.5,-1.5,0.2,0.14,-0.06,80.0,76.0,19,6,0,0,0,0
bb_squeeze_inverted_test,+0.5R,4.0,25,5.0,3.5,-1.5,0.2,0.14,-0.06,80.0,76.0,19,6,0,0,0,0
bb_squeeze_inverted_test,+0.5R,5.0,25,5.0,3.5,-1.5,0.2,0.14,-0.06,80.0,76.0,19,6,0,0,0,0
bb_squeeze_inverted_test,+0.5R,6.0,25,5.0,3.5,-1.5,0.2,0.14,-0.06,80.0,76.0,19,6,0,0,0,0
bb_squeeze_inverted_test,+0.5R,8.0,25,5.0,3.5,-1.5,0.2,0.14,-0.06,80.0,76.0,19,6,0,0,0,0
bb_squeeze_inverted_test,+0.5R,10.0,25,5.0,3.5,-1.5,0.2,0.14,-0.06,80.0,76.0,19,6,0,0,0,0
bb_squeeze_inverted_test,+0.75R,2.0,25,5.0,3.5,-1.5,0.2,0.14,-0.06,80.0,76.0,19,6,0,0,0,0
bb_squeeze_inverted_test,+0.75R,3.0,25,5.0,3.5,-1.5,0.2,0.14,-0.06,80.0,76.0,19,6,0,0,0,0
bb_squeeze_inverted_test,+0.75R,4.0,25,5.0,3.5,-1.5,0.2,0.14,-0.06,80.0,76.0,19,6,0,0,0,0
bb_squeeze_inverted_test,+0.75R,5.0,25,5.0,3.5,-1.5,0.2,0.14,-0.06,80.0,76.0,19,6,0,0,0,0
bb_squeeze_inverted_test,+0.75R,6.0,25,5.0,3.5,-1.5,0.2,0.14,-0.06,80.0,76.0,19,6,0,0,0,0
bb_squeeze_inverted_test,+0.75R,8.0,25,5.0,3.5,-1.5,0.2,0.14,-0.06,80.0,76.0,19,6,0,0,0,0
bb_squeeze_inverted_test,+0.75R,10.0,25,5.0,3.5,-1.5,0.2,0.14,-0.06,80.0,76.0,19,6,0,0,0,0
bb_squeeze_inverted_test,+1R,2.0,25,5.0,3.5,-1.5,0.2,0.14,-0.06,80.0,76.0,19,6,0,0,0,0
bb_squeeze_inverted_test,+1R,3.0,25,5.0,3.5,-1.5,0.2,0.14,-0.06,80.0,76.0,19,6,0,0,0,0
bb_squeeze_inverted_test,+1R,4.0,25,5.0,3.5,-1.5,0.2,0.14,-0.06,80.0,76.0,19,6,0,0,0,0
bb_squeeze_inverted_test,+1R,5.0,25,5.0,3.5,-1.5,0.2,0.14,-0.06,80.0,76.0,19,6,0,0,0,0
bb_squeeze_inverted_test,+1R,6.0,25,5.0,3.5,-1.5,0.2,0.14,-0.06,80.0,76.0,19,6,0,0,0,0
bb_squeeze_inverted_test,+1R,8.0,25,5.0,3.5,-1.5,0.2,0.14,-0.06,80.0,76.0,19,6,0,0,0,0
bb_squeeze_inverted_test,+1R,10.0,25,5.0,3.5,-1.5,0.2,0.14,-0.06,80.0,76.0,19,6,0,0,0,0
bb_squeeze_inverted_test,any_profit,2.0,25,5.0,3.185407,-1.814593,0.2,0.127416,-0.072584,80.0,68.0,17,8,23,13,0,2
bb_squeeze_inverted_test,any_profit,3.0,25,5.0,3.064511,-1.935489,0.2,0.12258,-0.07742,80.0,68.0,17,8,23,10,0,1
bb_squeeze_inverted_test,any_profit,4.0,25,5.0,1.330524,-3.669476,0.2,0.053221,-0.146779,80.0,64.0,16,9,23,10,0,1
bb_squeeze_inverted_test,any_profit,5.0,25,5.0,3.561301,-1.438699,0.2,0.142452,-0.057548,80.0,72.0,18,7,23,7,0,1
bb_squeeze_inverted_test,any_profit,6.0,25,5.0,4.959115,-0.040885,0.2,0.198365,-0.001635,80.0,76.0,19,6,23,5,0,0
bb_squeeze_inverted_test,any_profit,8.0,25,5.0,4.51403,-0.48597,0.2,0.180561,-0.019439,80.0,76.0,19,6,23,5,0,0
bb_squeeze_inverted_test,any_profit,10.0,25,5.0,4.08665,-0.91335,0.2,0.163466,-0.036534,80.0,76.0,19,6,23,5,0,0
ema_cross,+0.3R,2.0,344,112.0,73.827043,-38.172957,0.325581,0.214613,-0.110968,44.186,54.3605,187,157,259,211,22,68
ema_cross,+0.3R,3.0,344,112.0,101.131915,-10.868085,0.325581,0.293988,-0.031593,44.186,52.3256,180,164,259,181,19,55
ema_cross,+0.3R,4.0,344,112.0,108.896157,-3.103843,0.325581,0.316559,-0.009023,44.186,49.1279,169,175,259,162,10,35
ema_cross,+0.3R,5.0,344,112.0,123.780704,11.780704,0.325581,0.359828,0.034246,44.186,48.2558,166,178,259,145,10,30
ema_cross,+0.3R,6.0,344,112.0,123.204257,11.204257,0.325581,0.358152,0.032571,44.186,46.5116,160,184,259,138,12,23
ema_cross,+0.3R,8.0,344,112.0,119.278099,7.278099,0.325581,0.346739,0.021157,44.186,44.4767,153,191,259,132,10,16
ema_cross,+0.3R,10.0,344,112.0,116.61231,4.61231,0.325581,0.338989,0.013408,44.186,44.186,152,192,259,127,6,12
ema_cross,+0.5R,2.0,344,112.0,79.421326,-32.578674,0.325581,0.230876,-0.094705,44.186,57.8488,199,145,232,183,15,68
ema_cross,+0.5R,3.0,344,112.0,102.105459,-9.894541,0.325581,0.296818,-0.028763,44.186,54.9419,189,155,232,153,14,57
ema_cross,+0.5R,4.0,344,112.0,111.122751,-0.877249,0.325581,0.323031,-0.00255,44.186,51.7442,178,166,232,135,8,39
ema_cross,+0.5R,5.0,344,112.0,124.557394,12.557394,0.325581,0.362085,0.036504,44.186,50.0,172,172,232,118,7,32
ema_cross,+0.5R,6.0,344,112.0,123.774373,11.774373,0.325581,0.359809,0.034228,44.186,47.9651,165,179,232,111,9,25
ema_cross,+0.5R,8.0,344,112.0,119.28225,7.28225,0.325581,0.346751,0.021169,44.186,45.3488,156,188,232,105,8,16
ema_cross,+0.5R,10.0,344,112.0,118.551251,6.551251,0.325581,0.344626,0.019044,44.186,44.7674,154,190,232,99,5,12
ema_cross,+0.75R,2.0,344,112.0,94.441477,-17.558523,0.325581,0.274539,-0.051042,44.186,58.1395,200,144,204,149,9,60
ema_cross,+0.75R,3.0,344,112.0,111.322656,-0.677344,0.325581,0.323612,-0.001969,44.186,54.6512,188,156,204,120,7,49
ema_cross,+0.75R,4.0,344,112.0,111.633745,-0.366255,0.325581,0.324517,-0.001065,44.186,52.0349,179,165,204,107,5,36
ema_cross,+0.75R,5.0,344,112.0,124.790975,12.790975,0.325581,0.362764,0.037183,44.186,50.5814,174,170,204,90,6,32
ema_cross,+0.75R,6.0,344,112.0,125.529855,13.529855,0.325581,0.364912,0.039331,44.186,48.8372,168,176,204,83,7,25
ema_cross,+0.75R,8.0,344,112.0,119.226394,7.226394,0.325581,0.346588,0.021007,44.186,45.6395,157,187,204,78,7,16
ema_cross,+0.75R,10.0,344,112.0,120.372799,8.372799,0.325581,0.349921,0.02434,44.186,45.6395,157,187,204,72,4,13
ema_cross,+1R,2.0,344,112.0,88.366172,-23.633828,0.325581,0.256878,-0.068703,44.186,54.6512,188,156,177,119,6,44
ema_cross,+1R,3.0,344,112.0,105.142196,-6.857804,0.325581,0.305646,-0.019935,44.186,53.1977,183,161,177,91,6,41
ema_cross,+1R,4.0,344,112.0,108.136123,-3.863877,0.325581,0.314349,-0.011232,44.186,50.8721,175,169,177,79,5,32
ema_cross,+1R,5.0,344,112.0,123.207238,11.207238,0.325581,0.358161,0.032579,44.186,49.4186,170,174,177,62,6,29
ema_cross,+1R,6.0,344,112.0,124.871694,12.871694,0.325581,0.362999,0.037418,44.186,48.2558,166,178,177,56,6,23
ema_cross,+1R,8.0,344,112.0,121.494458,9.494458,0.325581,0.353182,0.0276,44.186,46.2209,159,185,177,51,6,17
ema_cross,+1R,10.0,344,112.0,118.470494,6.470494,0.325581,0.344391,0.01881,44.186,45.9302,158,186,177,48,4,14
ema_cross,any_profit,2.0,344,112.0,73.405466,-38.594534,0.325581,0.213388,-0.112193,44.186,45.6395,157,187,303,255,35,57
ema_cross,any_profit,3.0,344,112.0,99.783174,-12.216826,0.325581,0.290067,-0.035514,44.186,47.3837,163,181,303,226,27,49
ema_cross,any_profit,4.0,344,112.0,111.893285,-0.106715,0.325581,0.325271,-0.00031,44.186,47.093,162,182,303,205,13,32
ema_cross,any_profit,5.0,344,112.0,123.570962,11.570962,0.325581,0.359218,0.033637,44.186,46.5116,160,184,303,188,12,27
ema_cross,any_profit,6.0,344,112.0,120.980171,8.980171,0.325581,0.351687,0.026105,44.186,45.6395,157,187,303,181,13,22
ema_cross,any_profit,8.0,344,112.0,119.097855,7.097855,0.325581,0.346215,0.020633,44.186,44.186,152,192,303,174,10,15
ema_cross,any_profit,10.0,344,112.0,116.89358,4.89358,0.325581,0.339807,0.014226,44.186,44.186,152,192,303,169,6,12
ema_cross_confirmed,+0.3R,2.0,129,88.5,37.237418,-51.262582,0.686047,0.288662,-0.397384,56.5891,66.6667,86,43,104,83,13,26
ema_cross_confirmed,+0.3R,3.0,129,88.5,61.29459,-27.20541,0.686047,0.475152,-0.210895,56.5891,63.5659,82,47,104,67,13,22
ema_cross_confirmed,+0.3R,4.0,129,88.5,94.134972,5.634972,0.686047,0.729728,0.043682,56.5891,66.6667,86,43,104,48,7,20
ema_cross_confirmed,+0.3R,5.0,129,88.5,101.33535,12.83535,0.686047,0.785545,0.099499,56.5891,65.1163,84,45,104,42,5,17
ema_cross_confirmed,+0.3R,6.0,129,88.5,107.963883,19.463883,0.686047,0.836929,0.150883,56.5891,63.5659,82,47,104,36,3,13
ema_cross_confirmed,+0.3R,8.0,129,88.5,101.917547,13.417547,0.686047,0.790059,0.104012,56.5891,62.0155,80,49,104,35,3,11
ema_cross_confirmed,+0.3R,10.0,129,88.5,102.967314,14.467314,0.686047,0.798196,0.11215,56.5891,59.6899,77,52,104,31,3,7
ema_cross_confirmed,+0.5R,2.0,129,88.5,41.853095,-46.646905,0.686047,0.324443,-0.361604,56.5891,68.9922,89,40,96,73,6,22
ema_cross_confirmed,+0.5R,3.0,129,88.5,57.607513,-30.892487,0.686047,0.44657,-0.239477,56.5891,63.5659,82,47,96,59,13,22
ema_cross_confirmed,+0.5R,4.0,129,88.5,90.658154,2.158154,0.686047,0.702776,0.01673,56.5891,67.4419,87,42,96,40,5,19
ema_cross_confirmed,+0.5R,5.0,129,88.5,97.487794,8.987794,0.686047,0.755719,0.069673,56.5891,66.6667,86,43,96,34,4,18
ema_cross_confirmed,+0.5R,6.0,129,88.5,105.17091,16.67091,0.686047,0.815278,0.129232,56.5891,65.1163,84,45,96,28,2,14
ema_cross_confirmed,+0.5R,8.0,129,88.5,99.145028,10.645028,0.686047,0.768566,0.08252,56.5891,62.0155,80,49,96,27,3,11
ema_cross_confirmed,+0.5R,10.0,129,88.5,101.117489,12.617489,0.686047,0.783857,0.09781,56.5891,59.6899,77,52,96,23,3,7
ema_cross_confirmed,+0.75R,2.0,129,88.5,55.211849,-33.288151,0.686047,0.427999,-0.258048,56.5891,68.9922,89,40,89,62,3,19
ema_cross_confirmed,+0.75R,3.0,129,88.5,72.147667,-16.352333,0.686047,0.559284,-0.126762,56.5891,65.8915,85,44,89,46,7,19
ema_cross_confirmed,+0.75R,4.0,129,88.5,93.060597,4.560597,0.686047,0.7214,0.035353,56.5891,66.6667,86,43,89,31,4,17
ema_cross_confirmed,+0.75R,5.0,129,88.5,98.437454,9.937454,0.686047,0.763081,0.077035,56.5891,67.4419,87,42,89,26,2,16
ema_cross_confirmed,+0.75R,6.0,129,88.5,102.724803,14.224803,0.686047,0.796316,0.11027,56.5891,64.3411,83,46,89,21,2,12
ema_cross_confirmed,+0.75R,8.0,129,88.5,98.192192,9.692192,0.686047,0.76118,0.075133,56.5891,62.0155,80,49,89,20,3,10
ema_cross_confirmed,+0.75R,10.0,129,88.5,99.161083,10.661083,0.686047,0.768691,0.082644,56.5891,59.6899,77,52,89,17,3,7
ema_cross_confirmed,+1R,2.0,129,88.5,63.402118,-25.097882,0.686047,0.491489,-0.194557,56.5891,67.4419,87,42,83,55,1,15
ema_cross_confirmed,+1R,3.0,129,88.5,74.507474,-13.992526,0.686047,0.577577,-0.108469,56.5891,64.3411,83,46,83,40,5,15
ema_cross_confirmed,+1R,4.0,129,88.5,91.784235,3.284235,0.686047,0.711506,0.025459,56.5891,65.8915,85,44,83,27,3,15
ema_cross_confirmed,+1R,5.0,129,88.5,96.856893,8.356893,0.686047,0.750829,0.064782,56.5891,65.8915,85,44,83,22,2,14
ema_cross_confirmed,+1R,6.0,129,88.5,102.215633,13.715633,0.686047,0.792369,0.106323,56.5891,64.3411,83,46,83,17,2,12
ema_cross_confirmed,+1R,8.0,129,88.5,98.620241,10.120241,0.686047,0.764498,0.078451,56.5891,61.2403,79,50,83,15,3,9
ema_cross_confirmed,+1R,10.0,129,88.5,98.355617,9.855617,0.686047,0.762447,0.0764,56.5891,59.6899,77,52,83,13,3,7
ema_cross_confirmed,any_profit,2.0,129,88.5,39.396883,-49.103117,0.686047,0.305402,-0.380644,56.5891,53.4884,69,60,121,100,21,19
ema_cross_confirmed,any_profit,3.0,129,88.5,62.857435,-25.642565,0.686047,0.487267,-0.19878,56.5891,58.1395,75,54,121,84,16,19
ema_cross_confirmed,any_profit,4.0,129,88.5,97.270011,8.770011,0.686047,0.754031,0.067985,56.5891,63.5659,82,47,121,65,9,19
ema_cross_confirmed,any_profit,5.0,129,88.5,103.706396,15.206396,0.686047,0.803926,0.117879,56.5891,64.3411,83,46,121,60,6,17
ema_cross_confirmed,any_profit,6.0,129,88.5,109.014206,20.514206,0.686047,0.845071,0.159025,56.5891,62.0155,80,49,121,54,4,12
ema_cross_confirmed,any_profit,8.0,129,88.5,104.141516,15.641516,0.686047,0.807299,0.121252,56.5891,61.2403,79,50,121,52,3,10
ema_cross_confirmed,any_profit,10.0,129,88.5,104.570894,16.070894,0.686047,0.810627,0.124581,56.5891,59.6899,77,52,121,48,3,7
high_rejection_short,+0.3R,2.0,53,10.0,8.280593,-1.719407,0.188679,0.156238,-0.032442,39.6226,64.1509,34,19,39,38,2,15
high_rejection_short,+0.3R,3.0,53,10.0,9.342092,-0.657908,0.188679,0.176266,-0.012413,39.6226,64.1509,34,19,39,37,1,14
high_rejection_short,+0.3R,4.0,53,10.0,8.30495,-1.69505,0.188679,0.156697,-0.031982,39.6226,60.3774,32,21,39,34,3,14
high_rejection_short,+0.3R,5.0,53,10.0,9.324918,-0.675082,0.188679,0.175942,-0.012737,39.6226,50.9434,27,26,39,31,5,11
high_rejection_short,+0.3R,6.0,53,10.0,11.11572,1.11572,0.188679,0.209731,0.021051,39.6226,47.1698,25,28,39,29,4,8
high_rejection_short,+0.3R,8.0,53,10.0,4.436432,-5.563568,0.188679,0.083706,-0.104973,39.6226,41.5094,22,31,39,29,5,6
high_rejection_short,+0.3R,10.0,53,10.0,2.219706,-7.780294,0.188679,0.041881,-0.146798,39.6226,39.6226,21,32,39,26,5,5
high_rejection_short,+0.5R,2.0,53,10.0,10.64203,0.64203,0.188679,0.200793,0.012114,39.6226,69.8113,37,16,37,35,0,16
high_rejection_short,+0.5R,3.0,53,10.0,8.616854,-1.383146,0.188679,0.162582,-0.026097,39.6226,67.9245,36,17,37,35,0,15
high_rejection_short,+0.5R,4.0,53,10.0,7.630438,-2.369562,0.188679,0.143971,-0.044709,39.6226,60.3774,32,21,37,32,3,14
high_rejection_short,+0.5R,5.0,53,10.0,8.691951,-1.308049,0.188679,0.163999,-0.02468,39.6226,50.9434,27,26,37,29,5,11
high_rejection_short,+0.5R,6.0,53,10.0,10.674821,0.674821,0.188679,0.201412,0.012732,39.6226,47.1698,25,28,37,27,4,8
high_rejection_short,+0.5R,8.0,53,10.0,4.341785,-5.658215,0.188679,0.08192,-0.106759,39.6226,41.5094,22,31,37,27,5,6
high_rejection_short,+0.5R,10.0,53,10.0,2.219706,-7.780294,0.188679,0.041881,-0.146798,39.6226,39.6226,21,32,37,24,5,5
high_rejection_short,+0.75R,2.0,53,10.0,9.776446,-0.223554,0.188679,0.184461,-0.004218,39.6226,62.2642,33,20,32,30,2,14
high_rejection_short,+0.75R,3.0,53,10.0,8.036641,-1.963359,0.188679,0.151635,-0.037045,39.6226,60.3774,32,21,32,29,2,13
high_rejection_short,+0.75R,4.0,53,10.0,5.87458,-4.12542,0.188679,0.110841,-0.077838,39.6226,58.4906,31,22,32,27,2,12
high_rejection_short,+0.75R,5.0,53,10.0,6.231967,-3.768033,0.188679,0.117584,-0.071095,39.6226,50.9434,27,26,32,24,4,10
high_rejection_short,+0.75R,6.0,53,10.0,8.266928,-1.733072,0.188679,0.15598,-0.032699,39.6226,49.0566,26,27,32,22,4,9
high_rejection_short,+0.75R,8.0,53,10.0,3.492702,-6.507298,0.188679,0.0659,-0.122779,39.6226,43.3962,23,30,32,22,5,7
high_rejection_short,+0.75R,10.0,53,10.0,2.021322,-7.978678,0.188679,0.038138,-0.150541,39.6226,41.5094,22,31,32,19,5,6
high_rejection_short,+1R,2.0,53,10.0,6.27545,-3.72455,0.188679,0.118405,-0.070275,39.6226,54.717,29,24,28,26,2,10
high_rejection_short,+1R,3.0,53,10.0,4.939925,-5.060075,0.188679,0.093206,-0.095473,39.6226,54.717,29,24,28,25,2,10
high_rejection_short,+1R,4.0,53,10.0,3.747328,-6.252672,0.188679,0.070704,-0.117975,39.6226,54.717,29,24,28,23,2,10
high_rejection_short,+1R,5.0,53,10.0,5.074178,-4.925822,0.188679,0.095739,-0.09294,39.6226,52.8302,28,25,28,20,3,10
high_rejection_short,+1R,6.0,53,10.0,7.540471,-2.459529,0.188679,0.142273,-0.046406,39.6226,50.9434,27,26,28,18,3,9
high_rejection_short,+1R,8.0,53,10.0,2.892764,-7.107236,0.188679,0.05458,-0.134099,39.6226,43.3962,23,30,28,18,5,7
high_rejection_short,+1R,10.0,53,10.0,2.021322,-7.978678,0.188679,0.038138,-0.150541,39.6226,41.5094,22,31,28,15,5,6
high_rejection_short,any_profit,2.0,53,10.0,11.562363,1.562363,0.188679,0.218158,0.029479,39.6226,58.4906,31,22,44,43,3,13
high_rejection_short,any_profit,3.0,53,10.0,12.239569,2.239569,0.188679,0.230935,0.042256,39.6226,62.2642,33,20,44,42,1,13
high_rejection_short,any_profit,4.0,53,10.0,10.510452,0.510452,0.188679,0.19831,0.009631,39.6226,58.4906,31,22,44,39,3,13
high_rejection_short,any_profit,5.0,53,10.0,10.745812,0.745812,0.188679,0.202751,0.014072,39.6226,49.0566,26,27,44,36,5,10
high_rejection_short,any_profit,6.0,53,10.0,11.752005,1.752005,0.188679,0.221736,0.033057,39.6226,47.1698,25,28,44,34,4,8
high_rejection_short,any_profit,8.0,53,10.0,4.662147,-5.337853,0.188679,0.087965,-0.100714,39.6226,41.5094,22,31,44,34,5,6
high_rejection_short,any_profit,10.0,53,10.0,2.219706,-7.780294,0.188679,0.041881,-0.146798,39.6226,39.6226,21,32,44,31,5,5
low_rejection_long,+0.3R,2.0,29,4.0,8.902952,4.902952,0.137931,0.306998,0.169067,37.931,62.069,18,11,20,18,2,10
low_rejection_long,+0.3R,3.0,29,4.0,8.721831,4.721831,0.137931,0.300753,0.162822,37.931,44.8276,13,16,20,17,3,6
low_rejection_long,+0.3R,4.0,29,4.0,10.244002,6.244002,0.137931,0.353241,0.21531,37.931,51.7241,15,14,20,15,2,6
low_rejection_long,+0.3R,5.0,29,4.0,7.645521,3.645521,0.137931,0.263639,0.125708,37.931,51.7241,15,14,20,15,2,6
low_rejection_long,+0.3R,6.0,29,4.0,5.50569,1.50569,0.137931,0.189851,0.05192,37.931,48.2759,14,15,20,15,2,5
low_rejection_long,+0.3R,8.0,29,4.0,6.413532,2.413532,0.137931,0.221156,0.083225,37.931,41.3793,12,17,20,13,2,3
low_rejection_long,+0.3R,10.0,29,4.0,6.714579,2.714579,0.137931,0.231537,0.093606,37.931,41.3793,12,17,20,12,2,3
low_rejection_long,+0.5R,2.0,29,4.0,9.589861,5.589861,0.137931,0.330685,0.192754,37.931,62.069,18,11,19,17,2,10
low_rejection_long,+0.5R,3.0,29,4.0,9.772554,5.772554,0.137931,0.336985,0.199054,37.931,51.7241,15,14,19,16,3,7
low_rejection_long,+0.5R,4.0,29,4.0,10.877194,6.877194,0.137931,0.375076,0.237145,37.931,55.1724,16,13,19,14,2,7
low_rejection_long,+0.5R,5.0,29,4.0,8.272117,4.272117,0.137931,0.285245,0.147314,37.931,55.1724,16,13,19,14,2,7
low_rejection_long,+0.5R,6.0,29,4.0,6.093308,2.093308,0.137931,0.210114,0.072183,37.931,51.7241,15,14,19,14,2,6
low_rejection_long,+0.5R,8.0,29,4.0,6.988648,2.988648,0.137931,0.240988,0.103057,37.931,41.3793,12,17,19,12,2,3
low_rejection_long,+0.5R,10.0,29,4.0,6.714579,2.714579,0.137931,0.231537,0.093606,37.931,41.3793,12,17,19,11,2,3
low_rejection_long,+0.75R,2.0,29,4.0,9.999854,5.999854,0.137931,0.344823,0.206892,37.931,65.5172,19,10,17,15,2,11
low_rejection_long,+0.75R,3.0,29,4.0,9.637373,5.637373,0.137931,0.332323,0.194392,37.931,58.6207,17,12,17,14,3,9
low_rejection_long,+0.75R,4.0,29,4.0,10.208642,6.208642,0.137931,0.352022,0.214091,37.931,55.1724,16,13,17,12,2,7
low_rejection_long,+0.75R,5.0,29,4.0,7.87105,3.87105,0.137931,0.271416,0.133484,37.931,55.1724,16,13,17,12,2,7
low_rejection_long,+0.75R,6.0,29,4.0,5.959727,1.959727,0.137931,0.205508,0.067577,37.931,51.7241,15,14,17,12,2,6
low_rejection_long,+0.75R,8.0,29,4.0,6.988648,2.988648,0.137931,0.240988,0.103057,37.931,41.3793,12,17,17,10,2,3
low_rejection_long,+0.75R,10.0,29,4.0,6.714579,2.714579,0.137931,0.231537,0.093606,37.931,41.3793,12,17,17,9,2,3
low_rejection_long,+1R,2.0,29,4.0,5.61137,1.61137,0.137931,0.193496,0.055564,37.931,51.7241,15,14,12,9,2,6
low_rejection_long,+1R,3.0,29,4.0,3.964202,-0.035798,0.137931,0.136697,-0.001234,37.931,48.2759,14,15,12,9,3,6
low_rejection_long,+1R,4.0,29,4.0,5.74014,1.74014,0.137931,0.197936,0.060005,37.931,48.2759,14,15,12,7,2,5
low_rejection_long,+1R,5.0,29,4.0,4.607218,0.607218,0.137931,0.15887,0.020939,37.931,48.2759,14,15,12,7,2,5
low_rejection_long,+1R,6.0,29,4.0,3.522037,-0.477963,0.137931,0.12145,-0.016481,37.931,48.2759,14,15,12,7,2,5
low_rejection_long,+1R,8.0,29,4.0,5.367227,1.367227,0.137931,0.185077,0.047146,37.931,41.3793,12,17,12,5,2,3
low_rejection_long,+1R,10.0,29,4.0,5.628406,1.628406,0.137931,0.194083,0.056152,37.931,41.3793,12,17,12,4,2,3
low_rejection_long,any_profit,2.0,29,4.0,7.130088,3.130088,0.137931,0.245865,0.107934,37.931,58.6207,17,12,21,20,3,10
low_rejection_long,any_profit,3.0,29,4.0,9.316057,5.316057,0.137931,0.321243,0.183312,37.931,44.8276,13,16,21,18,3,6
low_rejection_long,any_profit,4.0,29,4.0,10.682195,6.682195,0.137931,0.368352,0.230421,37.931,51.7241,15,14,21,16,2,6
low_rejection_long,any_profit,5.0,29,4.0,7.927681,3.927681,0.137931,0.273368,0.135437,37.931,51.7241,15,14,21,16,2,6
low_rejection_long,any_profit,6.0,29,4.0,5.631817,1.631817,0.137931,0.194201,0.05627,37.931,48.2759,14,15,21,16,2,5
low_rejection_long,any_profit,8.0,29,4.0,6.413532,2.413532,0.137931,0.221156,0.083225,37.931,41.3793,12,17,21,14,2,3
low_rejection_long,any_profit,10.0,29,4.0,6.714579,2.714579,0.137931,0.231537,0.093606,37.931,41.3793,12,17,21,13,2,3
overheated_24h,+0.3R,2.0,408,83.8,59.717957,-24.082043,0.205392,0.146368,-0.059025,40.4412,59.8039,244,164,307,278,23,107
overheated_24h,+0.3R,3.0,408,83.8,60.275832,-23.524168,0.205392,0.147735,-0.057657,40.4412,52.451,214,194,307,256,26,85
overheated_24h,+0.3R,4.0,408,83.8,98.483266,14.683266,0.205392,0.241381,0.035988,40.4412,50.4902,206,202,307,219,20,68
overheated_24h,+0.3R,5.0,408,83.8,112.636092,28.836092,0.205392,0.276069,0.070677,40.4412,49.5098,202,206,307,197,16,58
overheated_24h,+0.3R,6.0,408,83.8,115.195897,31.395897,0.205392,0.282343,0.076951,40.4412,47.549,194,214,307,183,12,46
overheated_24h,+0.3R,8.0,408,83.8,130.229397,46.429397,0.205392,0.31919,0.113798,40.4412,45.5882,186,222,307,159,5,30
overheated_24h,+0.3R,10.0,408,83.8,120.587986,36.787986,0.205392,0.295559,0.090167,40.4412,43.6275,178,230,307,154,8,27
overheated_24h,+0.5R,2.0,408,83.8,63.011645,-20.788355,0.205392,0.15444,-0.050952,40.4412,63.2353,258,150,267,234,9,104
overheated_24h,+0.5R,3.0,408,83.8,56.730698,-27.069302,0.205392,0.139046,-0.066346,40.4412,54.4118,222,186,267,214,21,84
overheated_24h,+0.5R,4.0,408,83.8,93.618286,9.818286,0.205392,0.229457,0.024064,40.4412,51.9608,212,196,267,179,15,68
overheated_24h,+0.5R,5.0,408,83.8,107.371858,23.571858,0.205392,0.263166,0.057774,40.4412,50.7353,207,201,267,158,12,59
overheated_24h,+0.5R,6.0,408,83.8,109.991899,26.191899,0.205392,0.269588,0.064196,40.4412,48.0392,196,212,267,145,11,47
overheated_24h,+0.5R,8.0,408,83.8,131.818171,48.018171,0.205392,0.323084,0.117692,40.4412,46.3235,189,219,267,119,3,31
overheated_24h,+0.5R,10.0,408,83.8,121.275691,37.475691,0.205392,0.297244,0.091852,40.4412,44.1176,180,228,267,115,7,28
overheated_24h,+0.75R,2.0,408,83.8,67.521852,-16.278148,0.205392,0.165495,-0.039897,40.4412,60.2941,246,162,236,194,1,82
overheated_24h,+0.75R,3.0,408,83.8,63.871686,-19.928314,0.205392,0.156548,-0.048844,40.4412,55.1471,225,183,236,173,10,74
overheated_24h,+0.75R,4.0,408,83.8,85.532078,1.732078,0.205392,0.209637,0.004245,40.4412,50.9804,208,200,236,143,10,58
overheated_24h,+0.75R,5.0,408,83.8,94.361731,10.561731,0.205392,0.231279,0.025887,40.4412,49.5098,202,206,236,125,11,52
overheated_24h,+0.75R,6.0,408,83.8,102.382772,18.582772,0.205392,0.250938,0.045546,40.4412,47.3039,193,215,236,111,9,41
overheated_24h,+0.75R,8.0,408,83.8,125.134929,41.334929,0.205392,0.306703,0.101311,40.4412,45.8333,187,221,236,87,3,29
overheated_24h,+0.75R,10.0,408,83.8,116.938563,33.138563,0.205392,0.286614,0.081222,40.4412,43.8725,179,229,236,83,6,26
overheated_24h,+1R,2.0,408,83.8,69.496154,-14.303846,0.205392,0.170334,-0.035058,40.4412,55.6373,227,181,215,167,1,64
overheated_24h,+1R,3.0,408,83.8,64.23294,-19.56706,0.205392,0.157434,-0.047958,40.4412,53.4314,218,190,215,147,7,62
overheated_24h,+1R,4.0,408,83.8,88.843879,5.043879,0.205392,0.217755,0.012362,40.4412,50.2451,205,203,215,115,7,49
overheated_24h,+1R,5.0,408,83.8,94.702275,10.902275,0.205392,0.232113,0.026721,40.4412,48.2843,197,211,215,99,9,43
overheated_24h,+1R,6.0,408,83.8,97.485273,13.685273,0.205392,0.238934,0.033542,40.4412,46.3235,189,219,215,88,7,34
overheated_24h,+1R,8.0,408,83.8,116.658749,32.858749,0.205392,0.285928,0.080536,40.4412,45.098,184,224,215,66,2,25
overheated_24h,+1R,10.0,408,83.8,109.516033,25.716033,0.205392,0.268422,0.063029,40.4412,43.3824,177,231,215,63,6,24
overheated_24h,any_profit,2.0,408,83.8,65.174817,-18.625183,0.205392,0.159742,-0.04565,40.4412,49.5098,202,206,358,331,36,82
overheated_24h,any_profit,3.0,408,83.8,73.397377,-10.402623,0.205392,0.179896,-0.025497,40.4412,48.2843,197,211,358,308,31,75
overheated_24h,any_profit,4.0,408,83.8,107.845191,24.045191,0.205392,0.264326,0.058934,40.4412,47.0588,192,216,358,270,22,57
overheated_24h,any_profit,5.0,408,83.8,115.999125,32.199125,0.205392,0.284312,0.078919,40.4412,47.0588,192,216,358,248,18,51
overheated_24h,any_profit,6.0,408,83.8,117.696978,33.896978,0.205392,0.288473,0.083081,40.4412,45.3431,185,223,358,234,14,40
overheated_24h,any_profit,8.0,408,83.8,129.885425,46.085425,0.205392,0.318347,0.112954,40.4412,44.3627,181,227,358,210,6,26
overheated_24h,any_profit,10.0,408,83.8,118.41542,34.61542,0.205392,0.290234,0.084842,40.4412,42.402,173,235,358,205,9,23
overheated_confirmed,+0.3R,2.0,212,57.5,38.136345,-19.363655,0.271226,0.179888,-0.091338,42.9245,58.9623,125,87,157,134,14,49
overheated_confirmed,+0.3R,3.0,212,57.5,35.845751,-21.654249,0.271226,0.169084,-0.102143,42.9245,52.8302,112,100,157,126,19,42
overheated_confirmed,+0.3R,4.0,212,57.5,49.090594,-8.409406,0.271226,0.231559,-0.039667,42.9245,52.3585,111,101,157,108,15,37
overheated_confirmed,+0.3R,5.0,212,57.5,53.885339,-3.614661,0.271226,0.254176,-0.01705,42.9245,48.1132,102,110,157,98,14,27
overheated_confirmed,+0.3R,6.0,212,57.5,62.298914,4.798914,0.271226,0.293863,0.022636,42.9245,46.6981,99,113,157,89,9,19
overheated_confirmed,+0.3R,8.0,212,57.5,67.792933,10.292933,0.271226,0.319778,0.048552,42.9245,45.283,96,116,157,78,7,12
overheated_confirmed,+0.3R,10.0,212,57.5,62.794854,5.294854,0.271226,0.296202,0.024976,42.9245,44.3396,94,118,157,75,7,10
overheated_confirmed,+0.5R,2.0,212,57.5,44.338557,-13.161443,0.271226,0.209144,-0.062082,42.9245,63.6792,135,77,145,119,5,49
overheated_confirmed,+0.5R,3.0,212,57.5,38.386527,-19.113473,0.271226,0.181069,-0.090158,42.9245,55.1887,117,95,145,111,14,40
overheated_confirmed,+0.5R,4.0,212,57.5,54.587524,-2.912476,0.271226,0.257488,-0.013738,42.9245,53.7736,114,98,145,92,11,34
overheated_confirmed,+0.5R,5.0,212,57.5,59.366029,1.866029,0.271226,0.280028,0.008802,42.9245,50.0,106,106,145,82,11,26
overheated_confirmed,+0.5R,6.0,212,57.5,63.986881,6.486881,0.271226,0.301825,0.030598,42.9245,47.6415,101,111,145,75,7,18
overheated_confirmed,+0.5R,8.0,212,57.5,67.081521,9.581521,0.271226,0.316422,0.045196,42.9245,45.283,96,116,145,65,6,11
overheated_confirmed,+0.5R,10.0,212,57.5,63.099557,5.599557,0.271226,0.297639,0.026413,42.9245,44.8113,95,117,145,62,6,10
overheated_confirmed,+0.75R,2.0,212,57.5,39.59567,-17.90433,0.271226,0.186772,-0.084454,42.9245,58.4906,124,88,123,97,4,37
overheated_confirmed,+0.75R,3.0,212,57.5,38.481271,-19.018729,0.271226,0.181515,-0.089711,42.9245,54.2453,115,97,123,86,8,32
overheated_confirmed,+0.75R,4.0,212,57.5,56.167925,-1.332075,0.271226,0.264943,-0.006283,42.9245,54.2453,115,97,123,67,6,30
overheated_confirmed,+0.75R,5.0,212,57.5,59.601475,2.101475,0.271226,0.281139,0.009913,42.9245,50.4717,107,105,123,58,7,23
overheated_confirmed,+0.75R,6.0,212,57.5,62.824785,5.324785,0.271226,0.296343,0.025117,42.9245,48.1132,102,110,123,51,6,17
overheated_confirmed,+0.75R,8.0,212,57.5,62.276142,4.776142,0.271226,0.293755,0.022529,42.9245,44.8113,95,117,123,44,7,11
overheated_confirmed,+0.75R,10.0,212,57.5,60.027753,2.527753,0.271226,0.28315,0.011923,42.9245,44.8113,95,117,123,41,6,10
overheated_confirmed,+1R,2.0,212,57.5,36.034909,-21.465091,0.271226,0.169976,-0.10125,42.9245,53.7736,114,98,107,79,4,27
overheated_confirmed,+1R,3.0,212,57.5,35.571764,-21.928236,0.271226,0.167791,-0.103435,42.9245,52.3585,111,101,107,68,5,25
overheated_confirmed,+1R,4.0,212,57.5,48.450588,-9.049412,0.271226,0.228541,-0.042686,42.9245,50.9434,108,104,107,52,7,24
overheated_confirmed,+1R,5.0,212,57.5,52.578014,-4.921986,0.271226,0.248009,-0.023217,42.9245,48.5849,103,109,107,43,7,19
overheated_confirmed,+1R,6.0,212,57.5,57.663303,0.163303,0.271226,0.271997,0.00077,42.9245,46.6981,99,113,107,36,6,14
overheated_confirmed,+1R,8.0,212,57.5,58.967841,1.467841,0.271226,0.27815,0.006924,42.9245,44.8113,95,117,107,29,6,10
overheated_confirmed,+1R,10.0,212,57.5,56.6062,-0.8938,0.271226,0.26701,-0.004216,42.9245,44.3396,94,118,107,27,6,9
overheated_confirmed,any_profit,2.0,212,57.5,33.412488,-24.087512,0.271226,0.157606,-0.11362,42.9245,49.0566,104,108,179,157,26,42
overheated_confirmed,any_profit,3.0,212,57.5,38.557003,-18.942997,0.271226,0.181873,-0.089354,42.9245,46.6981,99,113,179,147,25,37
overheated_confirmed,any_profit,4.0,212,57.5,51.635983,-5.864017,0.271226,0.243566,-0.02766,42.9245,48.1132,102,110,179,129,19,33
overheated_confirmed,any_profit,5.0,212,57.5,55.832542,-1.667458,0.271226,0.263361,-0.007865,42.9245,46.2264,98,114,179,119,16,26
overheated_confirmed,any_profit,6.0,212,57.5,64.629819,7.129819,0.271226,0.304858,0.033631,42.9245,45.7547,97,115,179,110,11,19
overheated_confirmed,any_profit,8.0,212,57.5,66.468751,8.968751,0.271226,0.313532,0.042305,42.9245,43.3962,92,120,179,100,9,10
overheated_confirmed,any_profit,10.0,212,57.5,62.83865,5.33865,0.271226,0.296409,0.025182,42.9245,43.8679,93,119,179,96,7,9
overheated_early,+0.3R,2.0,175,59.0,32.273725,-26.726275,0.337143,0.184421,-0.152722,44.5714,72.0,126,49,143,132,11,61
overheated_early,+0.3R,3.0,175,59.0,42.376671,-16.623329,0.337143,0.242152,-0.09499,44.5714,61.7143,108,67,143,120,11,45
overheated_early,+0.3R,4.0,175,59.0,56.349233,-2.650767,0.337143,0.321996,-0.015147,44.5714,56.0,98,77,143,104,9,33
overheated_early,+0.3R,5.0,175,59.0,56.104283,-2.895717,0.337143,0.320596,-0.016547,44.5714,49.7143,87,88,143,95,15,27
overheated_early,+0.3R,6.0,175,59.0,67.006049,8.006049,0.337143,0.382892,0.045749,44.5714,49.1429,86,89,143,85,11,20
overheated_early,+0.3R,8.0,175,59.0,69.717119,10.717119,0.337143,0.398384,0.061241,44.5714,46.8571,82,93,143,74,10,15
overheated_early,+0.3R,10.0,175,59.0,65.57244,6.57244,0.337143,0.3747,0.037557,44.5714,46.8571,82,93,143,71,9,15
overheated_early,+0.5R,2.0,175,59.0,40.335542,-18.664458,0.337143,0.230489,-0.106654,44.5714,73.7143,129,46,132,118,4,55
overheated_early,+0.5R,3.0,175,59.0,40.61506,-18.38494,0.337143,0.232086,-0.105057,44.5714,64.5714,113,62,132,108,6,44
overheated_early,+0.5R,4.0,175,59.0,54.362981,-4.637019,0.337143,0.310646,-0.026497,44.5714,59.4286,104,71,132,93,6,35
overheated_early,+0.5R,5.0,175,59.0,54.626049,-4.373951,0.337143,0.312149,-0.024994,44.5714,53.1429,93,82,132,84,10,27
overheated_early,+0.5R,6.0,175,59.0,65.597552,6.597552,0.337143,0.374843,0.0377,44.5714,50.8571,89,86,132,74,9,20
overheated_early,+0.5R,8.0,175,59.0,69.780116,10.780116,0.337143,0.398744,0.061601,44.5714,48.0,84,91,132,63,9,15
overheated_early,+0.5R,10.0,175,59.0,66.654485,7.654485,0.337143,0.380883,0.04374,44.5714,48.0,84,91,132,60,8,15
overheated_early,+0.75R,2.0,175,59.0,39.668828,-19.331172,0.337143,0.226679,-0.110464,44.5714,67.4286,118,57,119,102,3,43
overheated_early,+0.75R,3.0,175,59.0,37.49531,-21.50469,0.337143,0.214259,-0.122884,44.5714,61.7143,108,67,119,94,5,37
overheated_early,+0.75R,4.0,175,59.0,51.51064,-7.48936,0.337143,0.294347,-0.042796,44.5714,58.8571,103,72,119,78,5,32
overheated_early,+0.75R,5.0,175,59.0,51.226166,-7.773834,0.337143,0.292721,-0.044422,44.5714,52.5714,92,83,119,70,9,25
overheated_early,+0.75R,6.0,175,59.0,67.145482,8.145482,0.337143,0.383688,0.046546,44.5714,52.0,91,84,119,58,6,19
overheated_early,+0.75R,8.0,175,59.0,71.626252,12.626252,0.337143,0.409293,0.07215,44.5714,49.7143,87,88,119,48,7,16
overheated_early,+0.75R,10.0,175,59.0,68.242871,9.242871,0.337143,0.389959,0.052816,44.5714,48.5714,85,90,119,46,7,15
overheated_early,+1R,2.0,175,59.0,46.690957,-12.309043,0.337143,0.266805,-0.070337,44.5714,60.0,105,70,104,81,2,29
overheated_early,+1R,3.0,175,59.0,52.303678,-6.696322,0.337143,0.298878,-0.038265,44.5714,59.4286,104,71,104,69,2,29
overheated_early,+1R,4.0,175,59.0,57.07618,-1.92382,0.337143,0.32615,-0.010993,44.5714,58.2857,102,73,104,57,3,28
overheated_early,+1R,5.0,175,59.0,66.036102,7.036102,0.337143,0.377349,0.040206,44.5714,54.8571,96,79,104,45,4,23
overheated_early,+1R,6.0,175,59.0,69.896416,10.896416,0.337143,0.399408,0.062265,44.5714,52.5714,92,83,104,39,5,19
overheated_early,+1R,8.0,175,59.0,75.374597,16.374597,0.337143,0.430712,0.093569,44.5714,50.2857,88,87,104,31,5,15
overheated_early,+1R,10.0,175,59.0,70.9387,11.9387,0.337143,0.405364,0.068221,44.5714,48.5714,85,90,104,30,6,14
overheated_early,any_profit,2.0,175,59.0,30.067019,-28.932981,0.337143,0.171812,-0.165331,44.5714,53.7143,94,81,167,156,22,41
overheated_early,any_profit,3.0,175,59.0,42.85946,-16.14054,0.337143,0.244911,-0.092232,44.5714,51.4286,90,85,167,144,18,35
overheated_early,any_profit,4.0,175,59.0,60.131467,1.131467,0.337143,0.343608,0.006466,44.5714,50.8571,89,86,167,128,12,28
overheated_early,any_profit,5.0,175,59.0,57.874477,-1.125523,0.337143,0.330711,-0.006432,44.5714,46.2857,81,94,167,120,17,23
overheated_early,any_profit,6.0,175,59.0,68.019705,9.019705,0.337143,0.388684,0.051541,44.5714,46.2857,81,94,167,110,13,17
overheated_early,any_profit,8.0,175,59.0,72.66202,13.66202,0.337143,0.415212,0.078069,44.5714,46.2857,81,94,167,98,11,15
overheated_early,any_profit,10.0,175,59.0,67.034727,8.034727,0.337143,0.383056,0.045913,44.5714,46.8571,82,93,167,95,9,15
oversold_24h,+0.3R,2.0,478,49.0,-6.181453,-55.181453,0.10251,-0.012932,-0.115442,39.5397,51.8828,248,230,330,297,8,103
oversold_24h,+0.3R,3.0,478,49.0,-13.254073,-62.254073,0.10251,-0.027728,-0.130239,39.5397,42.2594,202,276,330,268,17,68
oversold_24h,+0.3R,4.0,478,49.0,-12.651108,-61.651108,0.10251,-0.026467,-0.128977,39.5397,39.3305,188,290,330,245,21,51
oversold_24h,+0.3R,5.0,478,49.0,-4.511491,-53.511491,0.10251,-0.009438,-0.111949,39.5397,39.1213,187,291,330,226,25,44
oversold_24h,+0.3R,6.0,478,49.0,-2.765228,-51.765228,0.10251,-0.005785,-0.108295,39.5397,38.0753,182,296,330,215,23,38
oversold_24h,+0.3R,8.0,478,49.0,4.04403,-44.95597,0.10251,0.00846,-0.09405,39.5397,37.8661,181,297,330,200,15,30
oversold_24h,+0.3R,10.0,478,49.0,16.491537,-32.508463,0.10251,0.034501,-0.068009,39.5397,37.2385,178,300,330,185,10,22
oversold_24h,+0.5R,2.0,478,49.0,-19.803433,-68.803433,0.10251,-0.04143,-0.14394,39.5397,50.2092,240,238,275,240,5,87
oversold_24h,+0.5R,3.0,478,49.0,-24.179405,-73.179405,0.10251,-0.050585,-0.153095,39.5397,43.9331,210,268,275,214,9,62
oversold_24h,+0.5R,4.0,478,49.0,-21.987116,-70.987116,0.10251,-0.045998,-0.148509,39.5397,42.4686,203,275,275,192,12,55
oversold_24h,+0.5R,5.0,478,49.0,-11.231888,-60.231888,0.10251,-0.023498,-0.126008,39.5397,41.6318,199,279,275,172,18,47
oversold_24h,+0.5R,6.0,478,49.0,-8.604944,-57.604944,0.10251,-0.018002,-0.120512,39.5397,39.5397,189,289,275,161,18,39
oversold_24h,+0.5R,8.0,478,49.0,4.267949,-44.732051,0.10251,0.008929,-0.093582,39.5397,38.7029,185,293,275,145,13,31
oversold_24h,+0.5R,10.0,478,49.0,14.424876,-34.575124,0.10251,0.030178,-0.072333,39.5397,37.2385,178,300,275,132,10,22
oversold_24h,+0.75R,2.0,478,49.0,-14.384385,-63.384385,0.10251,-0.030093,-0.132603,39.5397,51.2552,245,233,231,187,6,79
oversold_24h,+0.75R,3.0,478,49.0,-21.090698,-70.090698,0.10251,-0.044123,-0.146633,39.5397,43.5146,208,270,231,167,6,53
oversold_24h,+0.75R,4.0,478,49.0,-17.922959,-66.922959,0.10251,-0.037496,-0.140006,39.5397,42.0502,201,277,231,148,7,48
oversold_24h,+0.75R,5.0,478,49.0,-6.387439,-55.387439,0.10251,-0.013363,-0.115873,39.5397,42.4686,203,275,231,127,11,45
oversold_24h,+0.75R,6.0,478,49.0,-5.342262,-54.342262,0.10251,-0.011176,-0.113687,39.5397,41.4226,198,280,231,117,13,41
oversold_24h,+0.75R,8.0,478,49.0,9.195187,-39.804813,0.10251,0.019237,-0.083274,39.5397,39.749,190,288,231,101,10,31
oversold_24h,+0.75R,10.0,478,49.0,15.428283,-33.571717,0.10251,0.032277,-0.070234,39.5397,37.6569,180,298,231,91,9,22
oversold_24h,+1R,2.0,478,49.0,-8.868303,-57.868303,0.10251,-0.018553,-0.121063,39.5397,47.2803,226,252,196,153,6,60
oversold_24h,+1R,3.0,478,49.0,-6.357707,-55.357707,0.10251,-0.013301,-0.115811,39.5397,44.1423,211,267,196,130,6,49
oversold_24h,+1R,4.0,478,49.0,-10.3082,-59.3082,0.10251,-0.021565,-0.124076,39.5397,41.2134,197,281,196,115,6,42
oversold_24h,+1R,5.0,478,49.0,4.043618,-44.956382,0.10251,0.008459,-0.094051,39.5397,42.2594,202,276,196,93,6,39
oversold_24h,+1R,6.0,478,49.0,3.827926,-45.172074,0.10251,0.008008,-0.094502,39.5397,41.841,200,278,196,84,8,38
oversold_24h,+1R,8.0,478,49.0,6.991471,-42.008529,0.10251,0.014627,-0.087884,39.5397,40.1674,192,286,196,72,9,32
oversold_24h,+1R,10.0,478,49.0,12.543677,-36.456323,0.10251,0.026242,-0.076268,39.5397,37.6569,180,298,196,63,9,22
oversold_24h,any_profit,2.0,478,49.0,-0.812816,-49.812816,0.10251,-0.0017,-0.104211,39.5397,38.7029,185,293,410,379,31,75
oversold_24h,any_profit,3.0,478,49.0,-12.545072,-61.545072,0.10251,-0.026245,-0.128755,39.5397,34.1004,163,315,410,351,33,47
oversold_24h,any_profit,4.0,478,49.0,-16.869764,-65.869764,0.10251,-0.035292,-0.137803,39.5397,33.682,161,317,410,329,32,39
oversold_24h,any_profit,5.0,478,49.0,-7.670088,-56.670088,0.10251,-0.016046,-0.118557,39.5397,36.1925,173,305,410,310,31,39
oversold_24h,any_profit,6.0,478,49.0,-2.198642,-51.198642,0.10251,-0.0046,-0.10711,39.5397,36.6109,175,303,410,296,27,36
oversold_24h,any_profit,8.0,478,49.0,3.733643,-45.266357,0.10251,0.007811,-0.094699,39.5397,37.2385,178,300,410,280,17,29
oversold_24h,any_profit,10.0,478,49.0,14.183391,-34.816609,0.10251,0.029672,-0.072838,39.5397,37.0293,177,301,410,265,11,22
