symbol,cohort,pump_ts,pump_utc,pump_episode_end_ts,support,pump_high,correction_ts,correction_utc,liq_window_start_ts,liq_window_end_ts,long_liq_notional_usd,hour_futures_notional_usd,liq_threshold_usd,flow_ts,flow_utc,flow_notional_usd,flow_baseline_median_usd,flow_threshold_usd,outcome_ts,outcome_utc,support_retest_ts,support_retest_utc,outcome,reason
WLDUSDT,primary,1780342200,2026-06-01T19:30:00+00:00,1780344000,,0.4458,,,,,,,,,,,,,,,,,not_reached,correction_not_found_in_12h
WLDUSDT,primary,1780348500,2026-06-01T21:15:00+00:00,1780352100,0.4056,0.4463,1780388100,2026-06-02T08:15:00+00:00,1780388100,1780391700,7622.2046000014325,1999824.9456,100000.0,,,,,,,,,,not_reached,long_liquidation_threshold_not_met
WLDUSDT,primary,1780353900,2026-06-01T22:45:00+00:00,1780353900,0.4056,0.4463,1780388100,2026-06-02T08:15:00+00:00,1780388100,1780391700,7622.2046000014325,1999824.9456,100000.0,,,,,,,,,,not_reached,long_liquidation_threshold_not_met
WLDUSDT,primary,1780470900,2026-06-03T07:15:00+00:00,1780472700,,0.4589,,,,,,,,,,,,,,,,,not_reached,correction_not_found_in_12h
WLDUSDT,primary,1780476300,2026-06-03T08:45:00+00:00,1780477200,,0.4663,,,,,,,,,,,,,,,,,not_reached,correction_not_found_in_12h
WLDUSDT,primary,1780479000,2026-06-03T09:30:00+00:00,1780501500,0.4705,0.5393,1780538400,2026-06-04T02:00:00+00:00,1780538400,1780542000,46622.920700003764,7860041.491999999,157200.82984,,,,,,,,,,not_reached,long_liquidation_threshold_not_met
ENAUSDT,primary,1780481700,2026-06-03T10:15:00+00:00,1780486200,,0.10743,,,,,,,,,,,,,,,,,not_reached,correction_not_found_in_12h
ENAUSDT,primary,1780495200,2026-06-03T14:00:00+00:00,1780495200,0.10019,0.1136,1780538400,2026-06-04T02:00:00+00:00,1780538400,1780542000,3694.4408700013323,1328270.4748,100000.0,,,,,,,,,,not_reached,long_liquidation_threshold_not_met
WLDUSDT,primary,1780503300,2026-06-03T16:15:00+00:00,1780505100,0.4705,0.543,1780538400,2026-06-04T02:00:00+00:00,1780538400,1780542000,46622.920700003764,7860041.491999999,157200.82984,,,,,,,,,,not_reached,long_liquidation_threshold_not_met
PROMUSDT,primary,1780512300,2026-06-03T18:45:00+00:00,1780512300,,1.049,,,,,,,,,,,,,,,,,not_reached,correction_not_found_in_12h
WLDUSDT,primary,1780590600,2026-06-04T16:30:00+00:00,1780593300,0.5467,0.6313,1780594200,2026-06-04T17:30:00+00:00,1780594200,1780597800,14084.793199999316,6763504.667199999,135270.093344,,,,,,,,,,not_reached,long_liquidation_threshold_not_met
WLDUSDT,primary,1780596900,2026-06-04T18:15:00+00:00,1780599600,0.5383,0.6313,1780600500,2026-06-04T19:15:00+00:00,1780600500,1780604100,45536.53070602886,2446223.9756,100000.0,,,,,,,,,,not_reached,long_liquidation_threshold_not_met
WLDUSDT,primary,1780601400,2026-06-04T19:30:00+00:00,1780603200,0.521,0.6313,1780604100,2026-06-04T20:15:00+00:00,1780604100,1780607700,28085.01649995832,2563824.7533,100000.0,,,,,,,,,,not_reached,long_liquidation_threshold_not_met
ZECUSDT,primary,1780671600,2026-06-05T15:00:00+00:00,1780671600,320.75,357.96,1780672500,2026-06-05T15:15:00+00:00,1780672500,1780676100,1783745.4799999995,7159993.2817,143199.86563400002,,,,,,,,,,not_reached,missing_5m_candle:1780676100
ZECUSDT,primary,1780689600,2026-06-05T20:00:00+00:00,1780696800,351.28,383.33,1780720200,2026-06-06T04:30:00+00:00,1780720200,1780723800,2165417.2299999995,7819433.1625,156388.66324999998,,,,,,,,,,not_reached,missing_5m_candle:1780723800
ZECUSDT,primary,1780702200,2026-06-05T23:30:00+00:00,1780705800,356.19,399.75,1780715700,2026-06-06T03:15:00+00:00,1780715700,1780719300,871437.6300000001,4402257.7926,100000.0,,,,,,,,,,not_reached,missing_5m_candle:1780719300
ZECUSDT,primary,1780712100,2026-06-06T02:15:00+00:00,1780712100,356.19,399.75,1780715700,2026-06-06T03:15:00+00:00,1780715700,1780719300,871437.6300000001,4402257.7926,100000.0,,,,,,,,,,not_reached,missing_5m_candle:1780719300
ZECUSDT,primary,1780713900,2026-06-06T02:45:00+00:00,1780714800,356.19,399.75,1780715700,2026-06-06T03:15:00+00:00,1780715700,1780719300,871437.6300000001,4402257.7926,100000.0,,,,,,,,,,not_reached,missing_5m_candle:1780719300
WLDUSDT,primary,1780794900,2026-06-07T01:15:00+00:00,1780796700,0.4153,0.4731,1780823700,2026-06-07T09:15:00+00:00,1780823700,1780827300,11590.576400001937,2218779.9820999997,100000.0,,,,,,,,,,not_reached,long_liquidation_threshold_not_met
ZECUSDT,primary,1780812900,2026-06-07T06:15:00+00:00,1780814700,,416.29,,,,,,,,,,,,,,,,,not_reached,correction_not_found_in_12h
WLDUSDT,primary,1780855200,2026-06-07T18:00:00+00:00,1780855200,0.4576,0.5133,1780858800,2026-06-07T19:00:00+00:00,1780858800,1780862400,5276.906400001304,1608730.2192,100000.0,,,,,,,,,,not_reached,long_liquidation_threshold_not_met
SOXLUSDT,primary,1780930800,2026-06-08T15:00:00+00:00,1780930800,,220.15,,,,,,,,,,,,,,,,,not_reached,correction_not_found_in_12h
WLDUSDT,primary,1780941600,2026-06-08T18:00:00+00:00,1780949700,0.5032,0.5788,1780953300,2026-06-08T21:15:00+00:00,1780953300,1780956900,200798.22096678597,2413383.6825,100000.0,,,,,,,,,,not_reached,missing_5m_candle:1780956900
SOXLUSDT,primary,1781049600,2026-06-10T00:00:00+00:00,1781052300,186.64,205.01,1781065800,2026-06-10T04:30:00+00:00,1781065800,1781069400,0,110396.9566,100000.0,,,,,,,,,,not_reached,long_liquidation_threshold_not_met
SOXLUSDT,primary,1781208900,2026-06-11T20:15:00+00:00,1781208900,,225.46,,,,,,,,,,,,,,,,,not_reached,correction_not_found_in_12h
SOXLUSDT,primary,1781212500,2026-06-11T21:15:00+00:00,1781212500,,225.46,,,,,,,,,,,,,,,,,not_reached,correction_not_found_in_12h
SOXLUSDT,primary,1781217900,2026-06-11T22:45:00+00:00,1781217900,,228.83,,,,,,,,,,,,,,,,,not_reached,correction_not_found_in_12h
SOXLUSDT,primary,1781223300,2026-06-12T00:15:00+00:00,1781223300,210.94,231.12,1781247600,2026-06-12T07:00:00+00:00,1781247600,1781251200,2553.12,154819.2561,100000.0,,,,,,,,,,not_reached,long_liquidation_threshold_not_met
SOXLUSDT,primary,1781225100,2026-06-12T00:45:00+00:00,1781226000,210.94,234.0,1781247600,2026-06-12T07:00:00+00:00,1781247600,1781251200,2553.12,154819.2561,100000.0,,,,,,,,,,not_reached,long_liquidation_threshold_not_met
TRUMPUSDT,primary,1781256600,2026-06-12T09:30:00+00:00,1781270100,2.002,2.217,1781271000,2026-06-12T13:30:00+00:00,1781271000,1781274600,56676.84400000287,2213937.4229,100000.0,,,,,,,,,,not_reached,long_liquidation_threshold_not_met
TRUMPUSDT,primary,1781271900,2026-06-12T13:45:00+00:00,1781271900,1.967,2.217,1781272800,2026-06-12T14:00:00+00:00,1781272800,1781276400,15580.682000000452,2126505.3287,100000.0,,,,,,,,,,not_reached,long_liquidation_threshold_not_met
TRUMPUSDT,primary,1781275500,2026-06-12T14:45:00+00:00,1781278200,1.996,2.217,1781288100,2026-06-12T18:15:00+00:00,1781288100,1781291700,45775.075,989658.6259999999,100000.0,,,,,,,,,,not_reached,long_liquidation_threshold_not_met
ZHIPUUSDT,primary,1781487000,2026-06-15T01:30:00+00:00,1781514900,169.54,189.69,1781516700,2026-06-15T09:45:00+00:00,1781516700,1781520300,6063.049999999999,1291.1358,100000.0,,,,,,,,,,not_reached,long_liquidation_threshold_not_met
WLDUSDT,primary,1781492400,2026-06-15T03:00:00+00:00,1781500500,,0.6091,,,,,,,,,,,,,,,,,not_reached,correction_not_found_in_12h
WLDUSDT,primary,1781502300,2026-06-15T05:45:00+00:00,1781502300,,0.6091,,,,,,,,,,,,,,,,,not_reached,correction_not_found_in_12h
SPCXUSDT,primary,1781561700,2026-06-15T22:15:00+00:00,1781561700,,197.71,,,,,,,,,,,,,,,,,not_reached,correction_not_found_in_12h
SPCXUSDT,primary,1781565300,2026-06-15T23:15:00+00:00,1781566200,,202.06,,,,,,,,,,,,,,,,,not_reached,correction_not_found_in_12h
SPCXUSDT,primary,1781568900,2026-06-16T00:15:00+00:00,1781572500,209.03,227.92,1781573400,2026-06-16T01:30:00+00:00,1781573400,1781577000,1398361.520000001,6391954.4496,127839.088992,,,,,,,,,,not_reached,missing_5m_candle:1781577000
SPCXUSDT,primary,1781575200,2026-06-16T02:00:00+00:00,1781577000,206.09,227.92,1781587800,2026-06-16T05:30:00+00:00,1781587800,1781591400,382669.79000000027,2567695.0038,100000.0,,,,,,,,,,not_reached,missing_5m_candle:1781591400
SPCXUSDT,primary,1781578800,2026-06-16T03:00:00+00:00,1781579700,206.09,227.92,1781587800,2026-06-16T05:30:00+00:00,1781587800,1781591400,382669.79000000027,2567695.0038,100000.0,,,,,,,,,,not_reached,missing_5m_candle:1781591400
ZHIPUUSDT,primary,1781674200,2026-06-17T05:30:00+00:00,1781676000,192.28,220.0,1781676900,2026-06-17T06:15:00+00:00,1781676900,1781680500,0,69204.66589999999,100000.0,,,,,,,,,,not_reached,long_liquidation_threshold_not_met
ZHIPUUSDT,primary,1781678700,2026-06-17T06:45:00+00:00,1781681400,200.39,220.0,1781682300,2026-06-17T07:45:00+00:00,1781682300,1781685900,0,32572.146299999997,100000.0,,,,,,,,,,not_reached,long_liquidation_threshold_not_met
ZHIPUUSDT,primary,1781748000,2026-06-18T02:00:00+00:00,1781774100,,259.27,,,,,,,,,,,,,,,,,not_reached,correction_not_found_in_12h
BTRUSDT,primary,1782006300,2026-06-21T01:45:00+00:00,1782033300,0.02363,0.02833,1782034200,2026-06-21T09:30:00+00:00,1782034200,1782037800,0,45453.788,100000.0,,,,,,,,,,not_reached,long_liquidation_threshold_not_met
ZHIPUUSDT,primary,1782091800,2026-06-22T01:30:00+00:00,1782091800,303.0,364.83,1782092700,2026-06-22T01:45:00+00:00,1782092700,1782096300,33178.720000000016,79068.3528,100000.0,,,,,,,,,,not_reached,long_liquidation_threshold_not_met
ZHIPUUSDT,primary,1782093600,2026-06-22T02:00:00+00:00,1782094500,306.89,370.58,1782095400,2026-06-22T02:30:00+00:00,1782095400,1782099000,114617.41000000003,60868.888300000006,100000.0,,,,,,,,,,not_reached,missing_5m_candle:1782099000
ZHIPUUSDT,primary,1782099000,2026-06-22T03:30:00+00:00,1782099000,314.68,370.58,1782099900,2026-06-22T03:45:00+00:00,1782099900,1782103500,0,52904.6858,100000.0,,,,,,,,,,not_reached,long_liquidation_threshold_not_met
ZHIPUUSDT,primary,1782100800,2026-06-22T04:00:00+00:00,1782103500,304.54,370.58,1782104400,2026-06-22T05:00:00+00:00,1782104400,1782108000,2857.59,33149.8842,100000.0,,,,,,,,,,not_reached,long_liquidation_threshold_not_met
ZHIPUUSDT,primary,1782112500,2026-06-22T07:15:00+00:00,1782112500,306.66,370.58,1782113400,2026-06-22T07:30:00+00:00,1782113400,1782117000,0,10264.6624,100000.0,,,,,,,,,,not_reached,long_liquidation_threshold_not_met
ZHIPUUSDT,primary,1782118800,2026-06-22T09:00:00+00:00,1782119700,311.59,370.58,1782120600,2026-06-22T09:30:00+00:00,1782120600,1782124200,0,92328.68590000001,100000.0,,,,,,,,,,not_reached,long_liquidation_threshold_not_met
SOXLUSDT,primary,1782336600,2026-06-24T21:30:00+00:00,1782336600,,265.84,,,,,,,,,,,,,,,,,not_reached,correction_not_found_in_12h
MUUSDT,primary,1782342000,2026-06-24T23:00:00+00:00,1782345600,,1226.15,,,,,,,,,,,,,,,,,not_reached,correction_not_found_in_12h
SOXLUSDT,primary,1782343800,2026-06-24T23:30:00+00:00,1782343800,,265.84,,,,,,,,,,,,,,,,,not_reached,correction_not_found_in_12h
MUUSDT,primary,1782349200,2026-06-25T01:00:00+00:00,1782359100,,1226.15,,,,,,,,,,,,,,,,,not_reached,correction_not_found_in_12h
SOXLUSDT,primary,1782350100,2026-06-25T01:15:00+00:00,1782351900,225.77,265.84,1782395100,2026-06-25T13:45:00+00:00,1782395100,1782398700,35343558.14064079,6687736.2798,133754.725596,,,,,,,,,,not_reached,missing_5m_candle:1782398700
SOXLUSDT,primary,1782355500,2026-06-25T02:45:00+00:00,1782358200,225.77,265.84,1782395100,2026-06-25T13:45:00+00:00,1782395100,1782398700,35343558.14064079,6687736.2798,133754.725596,,,,,,,,,,not_reached,missing_5m_candle:1782398700
DRAMUSDT,primary,1782356400,2026-06-25T03:00:00+00:00,1782356400,73.66,81.55,1782395100,2026-06-25T13:45:00+00:00,1782395100,1782398700,4884.22,1177681.5750000002,100000.0,,,,,,,,,,not_reached,long_liquidation_threshold_not_met
SOXLUSDT,primary,1782770400,2026-06-29T22:00:00+00:00,1782770400,,239.08,,,,,,,,,,,,,,,,,not_reached,correction_not_found_in_12h
BEUSDT,primary,1782849600,2026-06-30T20:00:00+00:00,1782854100,320.9,350.2,1782871200,2026-07-01T02:00:00+00:00,1782871200,1782874800,0,15579.018,100000.0,,,,,,,,,,not_reached,long_liquidation_threshold_not_met
UNIUSDT,primary,1783012500,2026-07-02T17:15:00+00:00,1783012500,,3.287,,,,,,,,,,,,,,,,,not_reached,correction_not_found_in_12h
ZHIPUUSDT,primary,1783042200,2026-07-03T01:30:00+00:00,1783057500,229.45,262.36,1783058400,2026-07-03T06:00:00+00:00,1783058400,1783062000,0,12853.6645,100000.0,,,,,,,,,,not_reached,long_liquidation_threshold_not_met
ZHIPUUSDT,primary,1783476000,2026-07-08T02:00:00+00:00,1783477800,,234.77,,,,,,,,,,,,,,,,,not_reached,correction_not_found_in_12h
ZHIPUUSDT,primary,1783479600,2026-07-08T03:00:00+00:00,1783503000,216.67,242.56,1783509300,2026-07-08T11:15:00+00:00,1783509300,1783512900,0,37421.1388,100000.0,,,,,,,,,,not_reached,long_liquidation_threshold_not_met
SOXLUSDT,primary,1783530000,2026-07-08T17:00:00+00:00,1783530900,,176.59,,,,,,,,,,,,,,,,,not_reached,correction_not_found_in_12h
SOXLUSDT,primary,1783533600,2026-07-08T18:00:00+00:00,1783533600,,176.97,,,,,,,,,,,,,,,,,not_reached,correction_not_found_in_12h
SOXLUSDT,primary,1783538100,2026-07-08T19:15:00+00:00,1783538100,,176.97,,,,,,,,,,,,,,,,,not_reached,correction_not_found_in_12h
ZHIPUUSDT,primary,1783560600,2026-07-09T01:30:00+00:00,1783563300,241.0,277.59,1783564200,2026-07-09T02:30:00+00:00,1783564200,1783567800,0,130216.1679,100000.0,,,,,,,,,,not_reached,long_liquidation_threshold_not_met
ZHIPUUSDT,primary,1783567800,2026-07-09T03:30:00+00:00,1783568700,247.97,277.59,1783569600,2026-07-09T04:00:00+00:00,1783569600,1783573200,0,11915.3888,100000.0,,,,,,,,,,not_reached,long_liquidation_threshold_not_met
ZHIPUUSDT,primary,1783571400,2026-07-09T04:30:00+00:00,1783573200,236.77,277.59,1783574100,2026-07-09T05:15:00+00:00,1783574100,1783577700,0,29688.0795,100000.0,,,,,,,,,,not_reached,long_liquidation_threshold_not_met
ZHIPUUSDT,primary,1783584000,2026-07-09T08:00:00+00:00,1783586700,248.2,277.59,1783587600,2026-07-09T09:00:00+00:00,1783587600,1783591200,0,14049.8604,100000.0,,,,,,,,,,not_reached,long_liquidation_threshold_not_met
PUMPUSDT,primary,1784080800,2026-07-15T02:00:00+00:00,1784080800,,0.001664,,,,,,,,,,,,,,,,,not_reached,correction_not_found_in_12h
PUMPUSDT,primary,1784087100,2026-07-15T03:45:00+00:00,1784088000,,0.001668,,,,,,,,,,,,,,,,,not_reached,correction_not_found_in_12h
PUMPUSDT,primary,1784089800,2026-07-15T04:30:00+00:00,1784090700,,0.001669,,,,,,,,,,,,,,,,,not_reached,correction_not_found_in_12h
PROMUSDT,primary,1784486700,2026-07-19T18:45:00+00:00,1784486700,,1.602,,,,,,,,,,,,,,,,,not_reached,correction_not_found_in_12h
PROMUSDT,primary,1784488500,2026-07-19T19:15:00+00:00,1784488500,,1.633,,,,,,,,,,,,,,,,,not_reached,correction_not_found_in_12h
PROMUSDT,primary,1784490300,2026-07-19T19:45:00+00:00,1784500200,1.524,1.792,1784501100,2026-07-19T22:45:00+00:00,1784501100,1784504700,9454.888000000194,146294.0016,100000.0,,,,,,,,,,not_reached,long_liquidation_threshold_not_met
PUMPUSDT,primary,1784495700,2026-07-19T21:15:00+00:00,1784495700,,0.001919,,,,,,,,,,,,,,,,,not_reached,correction_not_found_in_12h
PUMPUSDT,primary,1784497500,2026-07-19T21:45:00+00:00,1784497500,,0.00194,,,,,,,,,,,,,,,,,not_reached,correction_not_found_in_12h
PUMPUSDT,primary,1784499300,2026-07-19T22:15:00+00:00,1784515500,,0.002071,,,,,,,,,,,,,,,,,not_reached,correction_not_found_in_12h
PROMUSDT,primary,1784502000,2026-07-19T23:00:00+00:00,1784502000,1.587,1.792,1784502900,2026-07-19T23:15:00+00:00,1784502900,1784506500,2968.4819999990937,52426.463800000005,100000.0,,,,,,,,,,not_reached,long_liquidation_threshold_not_met
PROMUSDT,primary,1784552400,2026-07-20T13:00:00+00:00,1784571300,2.051,2.58,1784572200,2026-07-20T18:30:00+00:00,1784572200,1784575800,0,443765.84929999994,100000.0,,,,,,,,,,not_reached,long_liquidation_threshold_not_met
PROMUSDT,primary,1784574000,2026-07-20T19:00:00+00:00,1784577600,2.021,2.58,1784578500,2026-07-20T20:15:00+00:00,1784578500,1784582100,0,305342.84500000003,100000.0,,,,,,,,,,not_reached,long_liquidation_threshold_not_met
ZHIPUUSDT,primary,1784602800,2026-07-21T03:00:00+00:00,1784629800,,158.64,,,,,,,,,,,,,,,,,not_reached,correction_not_found_in_12h
PROMUSDT,primary,1784718900,2026-07-22T11:15:00+00:00,1784722500,1.58,1.768,1784723400,2026-07-22T12:30:00+00:00,1784723400,1784727000,397.964,139233.75710000002,100000.0,,,,,,,,,,not_reached,long_liquidation_threshold_not_met
PROMUSDT,primary,1784727900,2026-07-22T13:45:00+00:00,1784729700,1.544,1.768,1784730600,2026-07-22T14:30:00+00:00,1784730600,1784734200,14925.677999999745,40347.87329999999,100000.0,,,,,,,,,,not_reached,long_liquidation_threshold_not_met
PROMUSDT,primary,1784835900,2026-07-23T19:45:00+00:00,1784835900,1.526,1.809,1784864700,2026-07-24T03:45:00+00:00,1784864700,1784868300,197137.28600000206,634125.0527000001,100000.0,,,,,,,,,,not_reached,missing_5m_candle:1784868300
PROMUSDT,primary,1784837700,2026-07-23T20:15:00+00:00,1784837700,1.526,1.819,1784864700,2026-07-24T03:45:00+00:00,1784864700,1784868300,197137.28600000206,634125.0527000001,100000.0,,,,,,,,,,not_reached,missing_5m_candle:1784868300
PROMUSDT,primary,1784916000,2026-07-24T18:00:00+00:00,1784921400,,1.859,,,,,,,,,,,,,,,,,not_reached,correction_not_found_in_12h
PROMUSDT,primary,1784923200,2026-07-24T20:00:00+00:00,1784923200,1.736,1.915,1784936700,2026-07-24T23:45:00+00:00,1784936700,1784940300,10504.42300000299,72152.51280000001,100000.0,,,,,,,,,,not_reached,long_liquidation_threshold_not_met
PROMUSDT,primary,1784979900,2026-07-25T11:45:00+00:00,1784979900,1.966,2.164,1784980800,2026-07-25T12:00:00+00:00,1784980800,1784984400,0,285124.69899999996,100000.0,,,,,,,,,,not_reached,long_liquidation_threshold_not_met
BEUSDT,primary,1785276000,2026-07-28T22:00:00+00:00,1785276900,,190.6,,,,,,,,,,,,,,,,,not_reached,correction_not_found_in_12h
BEUSDT,primary,1785283200,2026-07-29T00:00:00+00:00,1785292200,177.8,194.2,1785297600,2026-07-29T04:00:00+00:00,1785297600,1785301200,0,32451.295,100000.0,,,,,,,,,,not_reached,long_liquidation_threshold_not_met
BEUSDT,primary,1785417300,2026-07-30T13:15:00+00:00,1785446100,,221.3,,,,,,,,,,,,,,,,,not_reached,correction_not_found_in_12h
SOXLUSDT,primary,1785417300,2026-07-30T13:15:00+00:00,1785438000,,117.98,,,,,,,,,,,,,,,,,not_reached,correction_not_found_in_12h
SNDKUSDT,primary,1785418200,2026-07-30T13:30:00+00:00,1785446100,,1346.65,,,,,,,,,,,,,,,,,not_reached,correction_not_found_in_12h
DRAMUSDT,primary,1785420900,2026-07-30T14:15:00+00:00,1785421800,,51.22,,,,,,,,,,,,,,,,,not_reached,correction_not_found_in_12h
INTCUSDT,primary,1785420900,2026-07-30T14:15:00+00:00,1785420900,,93.83,,,,,,,,,,,,,,,,,not_reached,correction_not_found_in_12h
MUUSDT,primary,1785420900,2026-07-30T14:15:00+00:00,1785438900,,882.45,,,,,,,,,,,,,,,,,not_reached,correction_not_found_in_12h
DRAMUSDT,primary,1785424500,2026-07-30T15:15:00+00:00,1785434400,,51.91,,,,,,,,,,,,,,,,,not_reached,correction_not_found_in_12h
INTCUSDT,primary,1785426300,2026-07-30T15:45:00+00:00,1785427200,,94.09,,,,,,,,,,,,,,,,,not_reached,correction_not_found_in_12h
INTCUSDT,primary,1785429900,2026-07-30T16:45:00+00:00,1785429900,,94.09,,,,,,,,,,,,,,,,,not_reached,correction_not_found_in_12h
SOXLUSDT,primary,1785439800,2026-07-30T19:30:00+00:00,1785439800,,117.98,,,,,,,,,,,,,,,,,not_reached,correction_not_found_in_12h
MUUSDT,primary,1785442500,2026-07-30T20:15:00+00:00,1785442500,,894.06,,,,,,,,,,,,,,,,,not_reached,correction_not_found_in_12h
SOXLUSDT,primary,1785442500,2026-07-30T20:15:00+00:00,1785443400,,119.65,,,,,,,,,,,,,,,,,not_reached,correction_not_found_in_12h
ZHIPUUSDT,primary,1785462300,2026-07-31T01:45:00+00:00,1785462300,129.62,141.99,1785465000,2026-07-31T02:30:00+00:00,1785465000,1785468600,0,208322.05529999998,100000.0,,,,,,,,,,not_reached,long_liquidation_threshold_not_met
ZHIPUUSDT,primary,1786068900,2026-08-07T02:15:00+00:00,1786086000,,164.71,,,,,,,,,,,,,,,,,not_reached,correction_not_found_in_12h
ZHIPUUSDT,primary,1786087800,2026-08-07T07:30:00+00:00,1786088700,,164.71,,,,,,,,,,,,,,,,,not_reached,correction_not_found_in_12h
ZHIPUUSDT,primary,1786090500,2026-08-07T08:15:00+00:00,1786092300,,164.71,,,,,,,,,,,,,,,,,not_reached,correction_not_found_in_12h
SPCXUSDT,primary,1786131900,2026-08-07T19:45:00+00:00,1786137300,,134.26,,,,,,,,,,,,,,,,,not_reached,correction_not_found_in_12h
PROMUSDT,primary,1786404600,2026-08-10T23:30:00+00:00,1786413600,1.606,2.818,1786414500,2026-08-11T02:15:00+00:00,1786414500,1786418100,1127307.689999991,2466592.4852000005,100000.0,1786418100,2026-08-11T03:15:00+00:00,71887.6262,895.4811,2686.4433,1786419000,2026-08-11T03:30:00+00:00,,,success_continuation,continuation_high_above_large_flow_candle
BTRUSDT,primary,1786422600,2026-08-11T04:30:00+00:00,1786450500,0.03098,0.03388,1786451400,2026-08-11T12:30:00+00:00,1786451400,1786455000,1.92812,424141.30779999995,100000.0,,,,,,,,,,not_reached,long_liquidation_threshold_not_met
PROMUSDT,primary,1786444200,2026-08-11T10:30:00+00:00,1786444200,2.006,2.409,1786445100,2026-08-11T10:45:00+00:00,1786445100,1786448700,0,189505.5705,100000.0,,,,,,,,,,not_reached,long_liquidation_threshold_not_met
PROMUSDT,primary,1786496400,2026-08-12T01:00:00+00:00,1786528800,2.988,3.464,1786529700,2026-08-12T10:15:00+00:00,1786529700,1786533300,376.56,1367081.619,100000.0,,,,,,,,,,not_reached,long_liquidation_threshold_not_met
PROMUSDT,primary,1786534200,2026-08-12T11:30:00+00:00,1786549500,2.56,3.335,1786550400,2026-08-12T16:00:00+00:00,1786550400,1786554000,108117.38699999829,2038205.6025999999,100000.0,1786555800,2026-08-12T17:30:00+00:00,271356.9589,69676.1352,209028.4056,1786556700,2026-08-12T17:45:00+00:00,,,success_continuation,continuation_high_above_large_flow_candle
SNDKUSDT,primary,1786634100,2026-08-13T15:15:00+00:00,1786634100,,1575.17,,,,,,,,,,,,,,,,,not_reached,correction_not_found_in_12h
SNDKUSDT,primary,1786636800,2026-08-13T16:00:00+00:00,1786638600,,1575.17,,,,,,,,,,,,,,,,,not_reached,correction_not_found_in_12h
SNDKUSDT,primary,1786640400,2026-08-13T17:00:00+00:00,1786643100,,1575.17,,,,,,,,,,,,,,,,,not_reached,correction_not_found_in_12h
SNDKUSDT,primary,1786644900,2026-08-13T18:15:00+00:00,1786645800,,1575.17,,,,,,,,,,,,,,,,,not_reached,correction_not_found_in_12h
SNDKUSDT,primary,1786655700,2026-08-13T21:15:00+00:00,1786655700,,1575.17,,,,,,,,,,,,,,,,,not_reached,correction_not_found_in_12h
PROMUSDT,primary,1786664700,2026-08-13T23:45:00+00:00,1786668300,2.457,2.781,1786669200,2026-08-14T01:00:00+00:00,1786669200,1786672800,495.48699999999997,352114.4756,100000.0,,,,,,,,,,not_reached,long_liquidation_threshold_not_met
PROMUSDT,primary,1786671900,2026-08-14T01:45:00+00:00,1786671900,2.538,2.781,1786674600,2026-08-14T02:30:00+00:00,1786674600,1786678200,18629.957000001763,142379.47950000002,100000.0,,,,,,,,,,not_reached,long_liquidation_threshold_not_met
MSTRXUSDT,primary,1787156100,2026-08-19T16:15:00+00:00,1787156100,,106.74,,,,,,,,,,,,,,,,,not_reached,correction_not_found_in_12h
HYPEUSDT,primary,1787166000,2026-08-19T19:00:00+00:00,1787181300,,72.637,,,,,,,,,,,,,,,,,not_reached,correction_not_found_in_12h
BMNRUSDT,primary,1787173200,2026-08-19T21:00:00+00:00,1787176800,,22.11,,,,,,,,,,,,,,,,,not_reached,correction_not_found_in_12h
ETHUSDT,control,1787173200,2026-08-19T21:00:00+00:00,1787178600,,2337.8,,,,,,,,,,,,,,,,,not_reached,correction_not_found_in_12h
TRUMPUSDT,primary,1787173200,2026-08-19T21:00:00+00:00,1787195700,1.656,1.863,1787196600,2026-08-20T03:30:00+00:00,1787196600,1787200200,3847.155999999466,1086002.6607,100000.0,,,,,,,,,,not_reached,long_liquidation_threshold_not_met
WLDUSDT,primary,1787175900,2026-08-19T21:45:00+00:00,1787175900,,0.3723,,,,,,,,,,,,,,,,,not_reached,correction_not_found_in_12h
PUMPUSDT,primary,1787238000,2026-08-20T15:00:00+00:00,1787238000,,0.003778,,,,,,,,,,,,,,,,,not_reached,correction_not_found_in_12h
PROMUSDT,primary,1787240700,2026-08-20T15:45:00+00:00,1787241600,,2.152,,,,,,,,,,,,,,,,,not_reached,correction_not_found_in_12h
PROMUSDT,primary,1787244300,2026-08-20T16:45:00+00:00,1787244300,,2.152,,,,,,,,,,,,,,,,,not_reached,correction_not_found_in_12h
XRPUSDT,primary,1787247000,2026-08-20T17:30:00+00:00,1787247000,1.2232,1.3436,1787251500,2026-08-20T18:45:00+00:00,1787251500,1787255100,7834.084959999943,13358466.4682,267169.329364,,,,,,,,,,not_reached,long_liquidation_threshold_not_met
ENAUSDT,primary,1787262300,2026-08-20T21:45:00+00:00,1787268600,,0.11883,,,,,,,,,,,,,,,,,not_reached,correction_not_found_in_12h
ENAUSDT,primary,1787270400,2026-08-21T00:00:00+00:00,1787273100,,0.11989,,,,,,,,,,,,,,,,,not_reached,correction_not_found_in_12h
ENAUSDT,primary,1787283900,2026-08-21T03:45:00+00:00,1787283900,,0.12548,,,,,,,,,,,,,,,,,not_reached,correction_not_found_in_12h
PROMUSDT,primary,1787284800,2026-08-21T04:00:00+00:00,1787284800,2.177,2.411,1787290200,2026-08-21T05:30:00+00:00,1787290200,1787293800,0,38188.9906,100000.0,,,,,,,,,,not_reached,long_liquidation_threshold_not_met
ENAUSDT,primary,1787285700,2026-08-21T04:15:00+00:00,1787285700,,0.12628,,,,,,,,,,,,,,,,,not_reached,correction_not_found_in_12h
ENAUSDT,primary,1787291100,2026-08-21T05:45:00+00:00,1787291100,,0.13072,,,,,,,,,,,,,,,,,not_reached,correction_not_found_in_12h
ENAUSDT,primary,1787301000,2026-08-21T08:30:00+00:00,1787301900,0.13102,0.14489,1787302800,2026-08-21T09:00:00+00:00,1787302800,1787306400,357.037579999637,5029187.453399999,100583.74906799999,,,,,,,,,,not_reached,long_liquidation_threshold_not_met
ZECUSDT,primary,1787309100,2026-08-21T10:45:00+00:00,1787310000,,666.0,,,,,,,,,,,,,,,,,not_reached,correction_not_found_in_12h
ENAUSDT,primary,1787310000,2026-08-21T11:00:00+00:00,1787310900,,0.14489,,,,,,,,,,,,,,,,,not_reached,correction_not_found_in_12h
PROMUSDT,primary,1787320800,2026-08-21T14:00:00+00:00,1787322600,,2.621,,,,,,,,,,,,,,,,,not_reached,correction_not_found_in_12h
PROMUSDT,primary,1787324400,2026-08-21T15:00:00+00:00,1787325300,2.574,2.8,1787327100,2026-08-21T15:45:00+00:00,1787327100,1787330700,6657.244,413871.3439,100000.0,,,,,,,,,,not_reached,long_liquidation_threshold_not_met
ENAUSDT,primary,1787325300,2026-08-21T15:15:00+00:00,1787325300,0.135,0.15489,1787337900,2026-08-21T18:45:00+00:00,1787337900,1787341500,3855.8591700055654,5216790.3730999995,104335.807462,,,,,,,,,,not_reached,long_liquidation_threshold_not_met
PROMUSDT,primary,1787329800,2026-08-21T16:30:00+00:00,1787329800,2.627,2.927,1787330700,2026-08-21T16:45:00+00:00,1787330700,1787334300,32725.115,584446.2457,100000.0,,,,,,,,,,not_reached,long_liquidation_threshold_not_met
ZECUSDT,primary,1787363100,2026-08-22T01:45:00+00:00,1787373900,696.92,859.39,1787374800,2026-08-22T05:00:00+00:00,1787374800,1787378400,48412580.63,35407550.7801,708151.015602,1787387400,2026-08-22T08:30:00+00:00,1514111.3933,479932.2058,1439796.6173999999,1787388300,2026-08-22T08:45:00+00:00,,,success_continuation,continuation_high_above_large_flow_candle
TRUMPUSDT,primary,1787364900,2026-08-22T02:15:00+00:00,1787396400,2.602,3.679,1787397300,2026-08-22T11:15:00+00:00,1787397300,1787400900,100770.12700000274,7734520.9037,154690.418074,,,,,,,,,,not_reached,long_liquidation_threshold_not_met
ENAUSDT,primary,1787371200,2026-08-22T04:00:00+00:00,1787373900,0.13636,0.16568,1787374800,2026-08-22T05:00:00+00:00,1787374800,1787378400,20181.262530023352,4848630.7573,100000.0,,,,,,,,,,not_reached,long_liquidation_threshold_not_met
SUIUSDT,primary,1787371200,2026-08-22T04:00:00+00:00,1787371200,0.7645,0.9388,1787374800,2026-08-22T05:00:00+00:00,1787374800,1787378400,157016.11980000784,13731983.5636,274639.671272,,,,,,,,,,not_reached,long_liquidation_threshold_not_met
WLDUSDT,primary,1787371200,2026-08-22T04:00:00+00:00,1787373900,0.3365,0.4632,1787374800,2026-08-22T05:00:00+00:00,1787374800,1787378400,228285.18650002146,11880351.2059,237607.024118,,,,,,,,,,not_reached,long_liquidation_threshold_not_met
XRPUSDT,primary,1787371200,2026-08-22T04:00:00+00:00,1787373900,1.3712,1.6743,1787374800,2026-08-22T05:00:00+00:00,1787374800,1787378400,374725.55422359926,140621114.56890002,2812422.2913780003,,,,,,,,,,not_reached,long_liquidation_threshold_not_met
PEPEUSDT,primary,1787372100,2026-08-22T04:15:00+00:00,1787373000,3.619e-06,4.558e-06,1787374800,2026-08-22T05:00:00+00:00,1787374800,1787378400,0.0366158224486,16977320.335,339546.40670000005,,,,,,,,,,not_reached,long_liquidation_threshold_not_met
ADAUSDT,primary,1787373000,2026-08-22T04:30:00+00:00,1787373900,0.2049,0.2588,1787374800,2026-08-22T05:00:00+00:00,1787374800,1787378400,22479.708399995063,12327498.555,246549.9711,,,,,,,,,,not_reached,long_liquidation_threshold_not_met
DOGEUSDT,primary,1787373000,2026-08-22T04:30:00+00:00,1787373000,0.08213,0.10091,1787374800,2026-08-22T05:00:00+00:00,1787374800,1787378400,555946.8139328976,42183673.3394,843673.4667880001,,,,,,,,,,not_reached,long_liquidation_threshold_not_met
SUIUSDT,primary,1787373000,2026-08-22T04:30:00+00:00,1787373900,0.7645,0.9547,1787374800,2026-08-22T05:00:00+00:00,1787374800,1787378400,157016.11980000784,13731983.5636,274639.671272,,,,,,,,,,not_reached,long_liquidation_threshold_not_met
PUMPUSDT,primary,1787382000,2026-08-22T07:00:00+00:00,1787382000,0.004337,0.004757,1787387400,2026-08-22T08:30:00+00:00,1787387400,1787391000,0.047971,1608143.367,100000.0,,,,,,,,,,not_reached,long_liquidation_threshold_not_met
PUMPUSDT,primary,1787384700,2026-08-22T07:45:00+00:00,1787384700,0.004337,0.004757,1787387400,2026-08-22T08:30:00+00:00,1787387400,1787391000,0.047971,1608143.367,100000.0,,,,,,,,,,not_reached,long_liquidation_threshold_not_met
TRUMPUSDT,primary,1787398200,2026-08-22T11:30:00+00:00,1787398200,2.512,3.679,1787399100,2026-08-22T11:45:00+00:00,1787399100,1787402700,249181.93799999746,7427362.564499999,148547.25129,1787405700,2026-08-22T13:35:00+00:00,1157140.0579,257305.30174999998,771915.90525,1787406300,2026-08-22T13:45:00+00:00,,,success_continuation,continuation_high_above_large_flow_candle
ENAUSDT,primary,1787479200,2026-08-23T10:00:00+00:00,1787480100,0.16549,0.18144,1787495400,2026-08-23T14:30:00+00:00,1787495400,1787499000,408.035619999975,2762361.8954,100000.0,,,,,,,,,,not_reached,long_liquidation_threshold_not_met
ENAUSDT,primary,1787482800,2026-08-23T11:00:00+00:00,1787490000,0.16549,0.18346,1787492700,2026-08-23T13:45:00+00:00,1787492700,1787496300,856.646629999393,2852339.9317999994,100000.0,,,,,,,,,,not_reached,long_liquidation_threshold_not_met
TRUMPUSDT,primary,1787483700,2026-08-23T11:15:00+00:00,1787484600,,2.645,,,,,,,,,,,,,,,,,not_reached,correction_not_found_in_12h
TRUMPUSDT,primary,1787489100,2026-08-23T12:45:00+00:00,1787489100,,2.645,,,,,,,,,,,,,,,,,not_reached,correction_not_found_in_12h
TRUMPUSDT,primary,1787491800,2026-08-23T13:30:00+00:00,1787491800,2.518,2.75,1787530500,2026-08-24T00:15:00+00:00,1787530500,1787534100,95982.32799999998,4073192.9836,100000.0,,,,,,,,,,not_reached,long_liquidation_threshold_not_met
TRUMPUSDT,primary,1787494500,2026-08-23T14:15:00+00:00,1787494500,2.55,2.936,1787495400,2026-08-23T14:30:00+00:00,1787495400,1787499000,1115929.248999984,18718152.657,374363.05314000003,,,,,,,,,,not_reached,large_5m_flow_not_found
PROMUSDT,primary,1787546700,2026-08-24T04:45:00+00:00,1787573700,3.484,4.054,1787574600,2026-08-24T12:30:00+00:00,1787574600,1787578200,57901.17500000694,1379784.5277999998,100000.0,,,,,,,,,,not_reached,long_liquidation_threshold_not_met
BTRUSDT,primary,1787553000,2026-08-24T06:30:00+00:00,1787563800,0.03225,0.03633,1787564700,2026-08-24T09:45:00+00:00,1787564700,1787568300,1.21068,105865.1549,100000.0,,,,,,,,,,not_reached,long_liquidation_threshold_not_met
BTRUSDT,primary,1787566500,2026-08-24T10:15:00+00:00,1787566500,0.03107,0.03633,1787567400,2026-08-24T10:30:00+00:00,1787567400,1787571000,1.21329,28966.913099999998,100000.0,,,,,,,,,,not_reached,long_liquidation_threshold_not_met
PROMUSDT,primary,1787627700,2026-08-25T03:15:00+00:00,1787640300,4.045,4.985,1787641200,2026-08-25T07:00:00+00:00,1787641200,1787644800,236764.27099999826,1610850.5432,100000.0,1787647800,2026-08-25T08:50:00+00:00,182378.2174,53909.5613,161728.6839,1787648400,2026-08-25T09:00:00+00:00,,,success_continuation,continuation_high_above_large_flow_candle
BTRUSDT,primary,1787645700,2026-08-25T08:15:00+00:00,1787645700,0.03195,0.0348,1787665500,2026-08-25T13:45:00+00:00,1787665500,1787669100,0,16410.2734,100000.0,,,,,,,,,,not_reached,long_liquidation_threshold_not_met
BTRUSDT,primary,1787715900,2026-08-26T03:45:00+00:00,1787776200,0.133,0.155,1787777100,2026-08-26T20:45:00+00:00,1787777100,1787780700,220.52465999993203,4959281.7352,100000.0,,,,,,,,,,not_reached,long_liquidation_threshold_not_met
BTRUSDT,primary,1787778000,2026-08-26T21:00:00+00:00,1787778900,0.11775,0.155,1787779800,2026-08-26T21:30:00+00:00,1787779800,1787783400,1971.5600500024022,5116648.6981,102332.97396199999,,,,,,,,,,not_reached,long_liquidation_threshold_not_met
PROMUSDT,primary,1787795100,2026-08-27T01:45:00+00:00,1787796000,4.113,4.648,1787796900,2026-08-27T02:15:00+00:00,1787796900,1787800500,10184.06199999955,994416.6774,100000.0,,,,,,,,,,not_reached,long_liquidation_threshold_not_met
BTRUSDT,primary,1787805000,2026-08-27T04:30:00+00:00,1787806800,0.13905,0.17888,1787807700,2026-08-27T05:15:00+00:00,1787807700,1787811300,5404.3258100012845,8983134.234000001,179662.68468000003,,,,,,,,,,not_reached,long_liquidation_threshold_not_met
BTRUSDT,primary,1787811300,2026-08-27T06:15:00+00:00,1787821200,0.14112,0.17888,1787822100,2026-08-27T09:15:00+00:00,1787822100,1787825700,288.34053000023994,7678151.111,153563.02221999998,,,,,,,,,,not_reached,long_liquidation_threshold_not_met
PROMUSDT,primary,1787811300,2026-08-27T06:15:00+00:00,1787811300,4.523,4.93,1787812200,2026-08-27T06:30:00+00:00,1787812200,1787815800,1593.894,1236238.5163,100000.0,,,,,,,,,,not_reached,long_liquidation_threshold_not_met
BTRUSDT,primary,1787823000,2026-08-27T09:30:00+00:00,1787823000,0.14112,0.17888,1787823900,2026-08-27T09:45:00+00:00,1787823900,1787827500,251.20911000024,6593120.3185,131862.40637,,,,,,,,,,not_reached,long_liquidation_threshold_not_met
TRUMPUSDT,primary,1787843700,2026-08-27T15:15:00+00:00,1787850000,2.501,2.821,1787851800,2026-08-27T17:30:00+00:00,1787851800,1787855400,961496.5501220796,8663741.2485,173274.82497000002,1787855700,2026-08-27T18:35:00+00:00,361809.2121,107474.22205000001,322422.66615000006,1787856300,2026-08-27T18:45:00+00:00,,,success_continuation,continuation_high_above_large_flow_candle
ENAUSDT,primary,1787862600,2026-08-27T20:30:00+00:00,1787866200,0.15665,0.17289,1787890500,2026-08-28T04:15:00+00:00,1787890500,1787894100,5048.8108587634115,2100259.1853,100000.0,,,,,,,,,,not_reached,long_liquidation_threshold_not_met
PROMUSDT,primary,1787912100,2026-08-28T10:15:00+00:00,1787913000,4.964,5.469,1787915700,2026-08-28T11:15:00+00:00,1787915700,1787919300,15610.463,2336632.3691000002,100000.0,,,,,,,,,,not_reached,long_liquidation_threshold_not_met
TRUMPUSDT,primary,1787981400,2026-08-29T05:30:00+00:00,1787981400,2.633,3.073,1787983200,2026-08-29T06:00:00+00:00,1787983200,1787986800,4378723.798238859,14139631.115500001,282792.62231,,,,,,,,,,not_reached,large_5m_flow_not_found
BTRUSDT,primary,1788005700,2026-08-29T12:15:00+00:00,1788011100,0.15435,0.22288,1788012000,2026-08-29T14:00:00+00:00,1788012000,1788015600,10489.865402501908,13295481.0792,265909.621584,,,,,,,,,,not_reached,long_liquidation_threshold_not_met
PROMUSDT,primary,1788019200,2026-08-29T16:00:00+00:00,1788048000,6.331,7.155,1788084000,2026-08-30T10:00:00+00:00,1788084000,1788087600,149347.77499999895,2544172.2933,100000.0,1788091800,2026-08-30T12:10:00+00:00,440488.8003,91312.9838,273938.9514,1788094800,2026-08-30T13:00:00+00:00,,,success_continuation,continuation_high_above_large_flow_candle
