id,strategy,direction,regime,regime_reason,cohort,prior_cohort_n,prior_cohort_wins,prior_cohort_losses,historical_wr_pct,filter_pass,filter_reason
680,overheated_24h,LONG,bull,,overheated_24h|LONG|bull,0,0,0,,no,no_history
699,overheated_24h,LONG,bull,,overheated_24h|LONG|bull,1,1,0,100.0,no,insufficient_history
712,overheated_24h,LONG,bull,,overheated_24h|LONG|bull,2,1,1,50.0,no,insufficient_history
828,overheated_24h,LONG,bear,,overheated_24h|LONG|bear,0,0,0,,no,no_history
1338,overheated_24h,LONG,bear,,overheated_24h|LONG|bear,1,0,1,0.0,no,insufficient_history
1505,overheated_24h,LONG,bear,,overheated_24h|LONG|bear,2,1,1,50.0,no,insufficient_history
1546,overheated_24h,LONG,bear,,overheated_24h|LONG|bear,3,2,1,66.6667,no,insufficient_history
1550,overheated_24h,LONG,bear,,overheated_24h|LONG|bear,3,2,1,66.6667,no,insufficient_history
1563,overheated_24h,LONG,bear,,overheated_24h|LONG|bear,4,2,2,50.0,no,insufficient_history
1694,overheated_24h,LONG,bear,,overheated_24h|LONG|bear,6,3,3,50.0,no,insufficient_history
1795,overheated_24h,LONG,bear,,overheated_24h|LONG|bear,7,3,4,42.8571,no,insufficient_history
1796,overheated_24h,LONG,bear,,overheated_24h|LONG|bear,7,3,4,42.8571,no,insufficient_history
1804,overheated_24h,LONG,bear,,overheated_24h|LONG|bear,7,3,4,42.8571,no,insufficient_history
1806,overheated_24h,LONG,bear,,overheated_24h|LONG|bear,9,4,5,44.4444,no,insufficient_history
1812,overheated_24h,LONG,bear,,overheated_24h|LONG|bear,11,5,6,45.4545,no,insufficient_history
1815,overheated_24h,LONG,bear,,overheated_24h|LONG|bear,12,6,6,50.0,no,insufficient_history
1816,overheated_24h,LONG,bear,,overheated_24h|LONG|bear,12,6,6,50.0,no,insufficient_history
1826,overheated_24h,LONG,bear,,overheated_24h|LONG|bear,14,6,8,42.8571,no,insufficient_history
1827,overheated_24h,LONG,bear,,overheated_24h|LONG|bear,14,6,8,42.8571,no,insufficient_history
1846,overheated_24h,LONG,bear,,overheated_24h|LONG|bear,15,7,8,46.6667,no,insufficient_history
1930,overheated_24h,LONG,bear,,overheated_24h|LONG|bear,17,8,9,47.0588,no,insufficient_history
1931,overheated_24h,LONG,bear,,overheated_24h|LONG|bear,17,8,9,47.0588,no,insufficient_history
1932,overheated_24h,LONG,bear,,overheated_24h|LONG|bear,17,8,9,47.0588,no,insufficient_history
1933,overheated_24h,LONG,bear,,overheated_24h|LONG|bear,17,8,9,47.0588,no,insufficient_history
1937,overheated_24h,LONG,bear,,overheated_24h|LONG|bear,17,8,9,47.0588,no,insufficient_history
1940,overheated_24h,LONG,bear,,overheated_24h|LONG|bear,17,8,9,47.0588,no,insufficient_history
1944,overheated_24h,LONG,bear,,overheated_24h|LONG|bear,17,8,9,47.0588,no,insufficient_history
1948,overheated_24h,LONG,bear,,overheated_24h|LONG|bear,17,8,9,47.0588,no,insufficient_history
1954,overheated_24h,LONG,bear,,overheated_24h|LONG|bear,18,8,10,44.4444,no,insufficient_history
1962,overheated_24h,LONG,bear,,overheated_24h|LONG|bear,20,9,11,45.0,yes,passes
1966,overheated_24h,LONG,bear,,overheated_24h|LONG|bear,21,9,12,42.8571,yes,passes
1967,overheated_24h,LONG,bear,,overheated_24h|LONG|bear,21,9,12,42.8571,yes,passes
1971,overheated_24h,LONG,bear,,overheated_24h|LONG|bear,24,10,14,41.6667,yes,passes
1973,overheated_24h,LONG,bear,,overheated_24h|LONG|bear,27,10,17,37.037,yes,passes
1974,overheated_24h,LONG,bear,,overheated_24h|LONG|bear,27,10,17,37.037,yes,passes
1976,overheated_24h,LONG,bear,,overheated_24h|LONG|bear,27,10,17,37.037,yes,passes
1997,overheated_24h,LONG,bear,,overheated_24h|LONG|bear,29,11,18,37.931,yes,passes
2008,overheated_24h,LONG,bear,,overheated_24h|LONG|bear,29,11,18,37.931,yes,passes
2009,overheated_24h,LONG,bear,,overheated_24h|LONG|bear,29,11,18,37.931,yes,passes
2017,overheated_24h,LONG,bear,,overheated_24h|LONG|bear,31,12,19,38.7097,yes,passes
2019,overheated_24h,LONG,bear,,overheated_24h|LONG|bear,31,12,19,38.7097,yes,passes
2022,overheated_24h,LONG,bear,,overheated_24h|LONG|bear,35,12,23,34.2857,no,below_threshold
2025,overheated_24h,LONG,bear,,overheated_24h|LONG|bear,35,12,23,34.2857,no,below_threshold
2047,overheated_24h,LONG,bear,,overheated_24h|LONG|bear,36,12,24,33.3333,no,below_threshold
2103,overheated_24h,LONG,bear,,overheated_24h|LONG|bear,38,13,25,34.2105,no,below_threshold
2123,overheated_24h,LONG,bear,,overheated_24h|LONG|bear,38,13,25,34.2105,no,below_threshold
2126,overheated_24h,LONG,bear,,overheated_24h|LONG|bear,39,13,26,33.3333,no,below_threshold
2139,overheated_24h,LONG,bear,,overheated_24h|LONG|bear,40,13,27,32.5,no,below_threshold
2157,overheated_24h,LONG,bear,,overheated_24h|LONG|bear,42,14,28,33.3333,no,below_threshold
2160,overheated_24h,LONG,bear,,overheated_24h|LONG|bear,42,14,28,33.3333,no,below_threshold
2161,overheated_24h,LONG,bear,,overheated_24h|LONG|bear,43,14,29,32.5581,no,below_threshold
2183,overheated_24h,LONG,bear,,overheated_24h|LONG|bear,44,14,30,31.8182,no,below_threshold
2185,overheated_24h,LONG,bear,,overheated_24h|LONG|bear,45,14,31,31.1111,no,below_threshold
2191,overheated_24h,LONG,bear,,overheated_24h|LONG|bear,45,14,31,31.1111,no,below_threshold
2212,overheated_24h,LONG,bear,,overheated_24h|LONG|bear,46,14,32,30.4348,no,below_threshold
2216,overheated_24h,LONG,bear,,overheated_24h|LONG|bear,47,14,33,29.7872,no,below_threshold
2218,overheated_24h,LONG,bear,,overheated_24h|LONG|bear,47,14,33,29.7872,no,below_threshold
2241,overheated_24h,LONG,bear,,overheated_24h|LONG|bear,49,15,34,30.6122,no,below_threshold
2243,overheated_24h,LONG,bear,,overheated_24h|LONG|bear,49,15,34,30.6122,no,below_threshold
2249,overheated_24h,LONG,bear,,overheated_24h|LONG|bear,49,15,34,30.6122,no,below_threshold
2261,ema_cross_confirmed,SHORT,bull,,ema_cross_confirmed|SHORT|bull,0,0,0,,no,no_history
2262,overheated_24h,LONG,bull,,overheated_24h|LONG|bull,3,1,2,33.3333,no,insufficient_history
2271,overheated_24h,LONG,bull,,overheated_24h|LONG|bull,3,1,2,33.3333,no,insufficient_history
2274,overheated_24h,LONG,bull,,overheated_24h|LONG|bull,3,1,2,33.3333,no,insufficient_history
2277,overheated_24h,LONG,bull,,overheated_24h|LONG|bull,3,1,2,33.3333,no,insufficient_history
2278,overheated_24h,LONG,bull,,overheated_24h|LONG|bull,3,1,2,33.3333,no,insufficient_history
2283,overheated_24h,LONG,bull,,overheated_24h|LONG|bull,3,1,2,33.3333,no,insufficient_history
2295,ema_cross_confirmed,SHORT,bull,,ema_cross_confirmed|SHORT|bull,0,0,0,,no,no_history
2309,ema_cross_confirmed,SHORT,bull,,ema_cross_confirmed|SHORT|bull,0,0,0,,no,no_history
2310,ema_cross_confirmed,SHORT,bull,,ema_cross_confirmed|SHORT|bull,0,0,0,,no,no_history
2311,ema_cross_confirmed,SHORT,bull,,ema_cross_confirmed|SHORT|bull,0,0,0,,no,no_history
2312,overheated_24h,LONG,bull,,overheated_24h|LONG|bull,3,1,2,33.3333,no,insufficient_history
2314,overheated_24h,LONG,bull,,overheated_24h|LONG|bull,3,1,2,33.3333,no,insufficient_history
2320,ema_cross_confirmed,LONG,bull,,ema_cross_confirmed|LONG|bull,0,0,0,,no,no_history
2324,overheated_24h,LONG,bull,,overheated_24h|LONG|bull,4,1,3,25.0,no,insufficient_history
2326,overheated_24h,LONG,bull,,overheated_24h|LONG|bull,4,1,3,25.0,no,insufficient_history
2330,ema_cross_confirmed,SHORT,bull,,ema_cross_confirmed|SHORT|bull,0,0,0,,no,no_history
2333,ema_cross_confirmed,LONG,bull,,ema_cross_confirmed|LONG|bull,0,0,0,,no,no_history
2349,ema_cross_confirmed,LONG,bull,,ema_cross_confirmed|LONG|bull,0,0,0,,no,no_history
2353,ema_cross_confirmed,SHORT,bull,,ema_cross_confirmed|SHORT|bull,0,0,0,,no,no_history
2372,ema_cross_confirmed,SHORT,bull,,ema_cross_confirmed|SHORT|bull,0,0,0,,no,no_history
2376,ema_cross_confirmed,LONG,bull,,ema_cross_confirmed|LONG|bull,0,0,0,,no,no_history
2383,overheated_24h,LONG,bull,,overheated_24h|LONG|bull,6,1,5,16.6667,no,insufficient_history
2394,overheated_24h,LONG,bull,,overheated_24h|LONG|bull,7,2,5,28.5714,no,insufficient_history
2395,ema_cross_confirmed,SHORT,bull,,ema_cross_confirmed|SHORT|bull,0,0,0,,no,no_history
2418,overheated_24h,LONG,bull,,overheated_24h|LONG|bull,11,2,9,18.1818,no,insufficient_history
2429,ema_cross_confirmed,SHORT,bull,,ema_cross_confirmed|SHORT|bull,0,0,0,,no,no_history
2434,ema_cross_confirmed,SHORT,bull,,ema_cross_confirmed|SHORT|bull,0,0,0,,no,no_history
2443,overheated_24h,LONG,bull,,overheated_24h|LONG|bull,12,2,10,16.6667,no,insufficient_history
2446,ema_cross_confirmed,SHORT,bull,,ema_cross_confirmed|SHORT|bull,0,0,0,,no,no_history
2447,ema_cross_confirmed,LONG,bull,,ema_cross_confirmed|LONG|bull,4,0,4,0.0,no,insufficient_history
2448,ema_cross_confirmed,SHORT,bull,,ema_cross_confirmed|SHORT|bull,0,0,0,,no,no_history
2457,ema_cross_confirmed,SHORT,bull,,ema_cross_confirmed|SHORT|bull,0,0,0,,no,no_history
2459,ema_cross_confirmed,SHORT,bull,,ema_cross_confirmed|SHORT|bull,0,0,0,,no,no_history
2460,ema_cross_confirmed,LONG,bull,,ema_cross_confirmed|LONG|bull,4,0,4,0.0,no,insufficient_history
2465,overheated_24h,LONG,bull,,overheated_24h|LONG|bull,14,2,12,14.2857,no,insufficient_history
2473,ema_cross_confirmed,SHORT,bull,,ema_cross_confirmed|SHORT|bull,0,0,0,,no,no_history
2503,ema_cross_confirmed,SHORT,bull,,ema_cross_confirmed|SHORT|bull,0,0,0,,no,no_history
2505,overheated_24h,LONG,bull,,overheated_24h|LONG|bull,14,2,12,14.2857,no,insufficient_history
2507,ema_cross_confirmed,SHORT,bull,,ema_cross_confirmed|SHORT|bull,0,0,0,,no,no_history
2509,overheated_24h,LONG,bull,,overheated_24h|LONG|bull,14,2,12,14.2857,no,insufficient_history
2523,ema_cross_confirmed,LONG,bull,,ema_cross_confirmed|LONG|bull,4,0,4,0.0,no,insufficient_history
2528,ema_cross_confirmed,SHORT,bull,,ema_cross_confirmed|SHORT|bull,0,0,0,,no,no_history
2531,ema_cross_confirmed,SHORT,bull,,ema_cross_confirmed|SHORT|bull,0,0,0,,no,no_history
2533,overheated_24h,LONG,bull,,overheated_24h|LONG|bull,16,3,13,18.75,no,insufficient_history
2534,ema_cross_confirmed,SHORT,bull,,ema_cross_confirmed|SHORT|bull,0,0,0,,no,no_history
2535,overheated_24h,LONG,bull,,overheated_24h|LONG|bull,16,3,13,18.75,no,insufficient_history
2538,ema_cross_confirmed,SHORT,bull,,ema_cross_confirmed|SHORT|bull,0,0,0,,no,no_history
2551,overheated_24h,LONG,bull,,overheated_24h|LONG|bull,16,3,13,18.75,no,insufficient_history
2555,ema_cross_confirmed,SHORT,bull,,ema_cross_confirmed|SHORT|bull,2,0,2,0.0,no,insufficient_history
2563,overheated_24h,LONG,bull,,overheated_24h|LONG|bull,16,3,13,18.75,no,insufficient_history
2570,ema_cross_confirmed,LONG,bull,,ema_cross_confirmed|LONG|bull,4,0,4,0.0,no,insufficient_history
2573,overheated_24h,LONG,bull,,overheated_24h|LONG|bull,16,3,13,18.75,no,insufficient_history
2582,overheated_24h,LONG,bull,,overheated_24h|LONG|bull,18,3,15,16.6667,no,insufficient_history
2587,overheated_24h,LONG,bull,,overheated_24h|LONG|bull,18,3,15,16.6667,no,insufficient_history
2596,overheated_24h,LONG,bull,,overheated_24h|LONG|bull,18,3,15,16.6667,no,insufficient_history
2602,overheated_24h,LONG,bull,,overheated_24h|LONG|bull,25,5,20,20.0,no,below_threshold
2607,overheated_24h,LONG,bull,,overheated_24h|LONG|bull,25,5,20,20.0,no,below_threshold
2608,overheated_24h,LONG,bull,,overheated_24h|LONG|bull,25,5,20,20.0,no,below_threshold
2609,overheated_24h,LONG,bull,,overheated_24h|LONG|bull,25,5,20,20.0,no,below_threshold
2610,overheated_24h,LONG,bull,,overheated_24h|LONG|bull,25,5,20,20.0,no,below_threshold
2626,overheated_24h,LONG,bull,,overheated_24h|LONG|bull,29,6,23,20.6897,no,below_threshold
2627,overheated_24h,LONG,bull,,overheated_24h|LONG|bull,29,6,23,20.6897,no,below_threshold
2628,overheated_24h,LONG,bull,,overheated_24h|LONG|bull,29,6,23,20.6897,no,below_threshold
2629,overheated_24h,LONG,bull,,overheated_24h|LONG|bull,29,6,23,20.6897,no,below_threshold
2630,overheated_24h,LONG,bull,,overheated_24h|LONG|bull,29,6,23,20.6897,no,below_threshold
2658,overheated_24h,LONG,bull,,overheated_24h|LONG|bull,31,6,25,19.3548,no,below_threshold
2659,overheated_24h,LONG,bull,,overheated_24h|LONG|bull,31,6,25,19.3548,no,below_threshold
2660,overheated_24h,LONG,bull,,overheated_24h|LONG|bull,34,7,27,20.5882,no,below_threshold
2661,overheated_24h,LONG,bull,,overheated_24h|LONG|bull,35,8,27,22.8571,no,below_threshold
2663,overheated_24h,LONG,bull,,overheated_24h|LONG|bull,36,8,28,22.2222,no,below_threshold
2673,overheated_24h,LONG,bull,,overheated_24h|LONG|bull,36,8,28,22.2222,no,below_threshold
2675,overheated_24h,LONG,bull,,overheated_24h|LONG|bull,37,8,29,21.6216,no,below_threshold
2676,ema_cross_confirmed,LONG,bull,,ema_cross_confirmed|LONG|bull,6,2,4,33.3333,no,insufficient_history
2677,overheated_24h,LONG,bull,,overheated_24h|LONG|bull,39,9,30,23.0769,no,below_threshold
2678,overheated_24h,LONG,bull,,overheated_24h|LONG|bull,39,9,30,23.0769,no,below_threshold
2679,overheated_24h,LONG,bull,,overheated_24h|LONG|bull,39,9,30,23.0769,no,below_threshold
2692,ema_cross_confirmed,LONG,bull,,ema_cross_confirmed|LONG|bull,6,2,4,33.3333,no,insufficient_history
2693,ema_cross_confirmed,LONG,bull,,ema_cross_confirmed|LONG|bull,6,2,4,33.3333,no,insufficient_history
2699,ema_cross_confirmed,LONG,bull,,ema_cross_confirmed|LONG|bull,6,2,4,33.3333,no,insufficient_history
2704,ema_cross_confirmed,LONG,bull,,ema_cross_confirmed|LONG|bull,6,2,4,33.3333,no,insufficient_history
2713,ema_cross_confirmed,LONG,bull,,ema_cross_confirmed|LONG|bull,6,2,4,33.3333,no,insufficient_history
2714,ema_cross_confirmed,LONG,bull,,ema_cross_confirmed|LONG|bull,6,2,4,33.3333,no,insufficient_history
2715,ema_cross_confirmed,LONG,bull,,ema_cross_confirmed|LONG|bull,7,3,4,42.8571,no,insufficient_history
2717,ema_cross_confirmed,LONG,bull,,ema_cross_confirmed|LONG|bull,7,3,4,42.8571,no,insufficient_history
2719,overheated_24h,LONG,bull,,overheated_24h|LONG|bull,40,10,30,25.0,no,below_threshold
2723,overheated_24h,LONG,bull,,overheated_24h|LONG|bull,40,10,30,25.0,no,below_threshold
2728,ema_cross_confirmed,LONG,bull,,ema_cross_confirmed|LONG|bull,8,4,4,50.0,no,insufficient_history
2729,ema_cross_confirmed,LONG,bull,,ema_cross_confirmed|LONG|bull,8,4,4,50.0,no,insufficient_history
2730,ema_cross_confirmed,LONG,bull,,ema_cross_confirmed|LONG|bull,8,4,4,50.0,no,insufficient_history
2731,ema_cross_confirmed,LONG,bull,,ema_cross_confirmed|LONG|bull,8,4,4,50.0,no,insufficient_history
2732,ema_cross_confirmed,LONG,bull,,ema_cross_confirmed|LONG|bull,8,4,4,50.0,no,insufficient_history
2733,ema_cross_confirmed,LONG,bull,,ema_cross_confirmed|LONG|bull,8,4,4,50.0,no,insufficient_history
2734,ema_cross_confirmed,LONG,bull,,ema_cross_confirmed|LONG|bull,8,4,4,50.0,no,insufficient_history
2735,ema_cross_confirmed,LONG,bull,,ema_cross_confirmed|LONG|bull,8,4,4,50.0,no,insufficient_history
2736,ema_cross_confirmed,LONG,bull,,ema_cross_confirmed|LONG|bull,8,4,4,50.0,no,insufficient_history
2737,ema_cross_confirmed,LONG,bull,,ema_cross_confirmed|LONG|bull,8,4,4,50.0,no,insufficient_history
2747,ema_cross_confirmed,LONG,bull,,ema_cross_confirmed|LONG|bull,9,5,4,55.5556,no,insufficient_history
2748,ema_cross_confirmed,LONG,bull,,ema_cross_confirmed|LONG|bull,9,5,4,55.5556,no,insufficient_history
2752,ema_cross_confirmed,LONG,bull,,ema_cross_confirmed|LONG|bull,9,5,4,55.5556,no,insufficient_history
2753,ema_cross_confirmed,LONG,bull,,ema_cross_confirmed|LONG|bull,9,5,4,55.5556,no,insufficient_history
2757,ema_cross_confirmed,LONG,bull,,ema_cross_confirmed|LONG|bull,10,6,4,60.0,no,insufficient_history
2758,ema_cross_confirmed,LONG,bull,,ema_cross_confirmed|LONG|bull,10,6,4,60.0,no,insufficient_history
2763,ema_cross_confirmed,LONG,bull,,ema_cross_confirmed|LONG|bull,10,6,4,60.0,no,insufficient_history
2770,ema_cross_confirmed,LONG,bull,,ema_cross_confirmed|LONG|bull,10,6,4,60.0,no,insufficient_history
2771,ema_cross_confirmed,LONG,bull,,ema_cross_confirmed|LONG|bull,10,6,4,60.0,no,insufficient_history
2772,ema_cross_confirmed,LONG,bull,,ema_cross_confirmed|LONG|bull,10,6,4,60.0,no,insufficient_history
2773,ema_cross_confirmed,LONG,bull,,ema_cross_confirmed|LONG|bull,10,6,4,60.0,no,insufficient_history
2774,ema_cross_confirmed,LONG,bull,,ema_cross_confirmed|LONG|bull,10,6,4,60.0,no,insufficient_history
2775,ema_cross_confirmed,LONG,bull,,ema_cross_confirmed|LONG|bull,11,7,4,63.6364,no,insufficient_history
2776,ema_cross_confirmed,SHORT,bull,,ema_cross_confirmed|SHORT|bull,12,6,6,50.0,no,insufficient_history
2778,ema_cross_confirmed,LONG,bull,,ema_cross_confirmed|LONG|bull,11,7,4,63.6364,no,insufficient_history
2779,ema_cross_confirmed,LONG,bull,,ema_cross_confirmed|LONG|bull,11,7,4,63.6364,no,insufficient_history
2785,overheated_24h,LONG,bull,,overheated_24h|LONG|bull,42,11,31,26.1905,no,below_threshold
2786,overheated_24h,LONG,bull,,overheated_24h|LONG|bull,42,11,31,26.1905,no,below_threshold
2791,overheated_24h,LONG,bull,,overheated_24h|LONG|bull,42,11,31,26.1905,no,below_threshold
2792,overheated_24h,LONG,bull,,overheated_24h|LONG|bull,42,11,31,26.1905,no,below_threshold
2793,overheated_24h,LONG,bull,,overheated_24h|LONG|bull,42,11,31,26.1905,no,below_threshold
2794,overheated_24h,LONG,bull,,overheated_24h|LONG|bull,42,11,31,26.1905,no,below_threshold
2796,overheated_24h,LONG,bull,,overheated_24h|LONG|bull,42,11,31,26.1905,no,below_threshold
2800,overheated_24h,LONG,bull,,overheated_24h|LONG|bull,42,11,31,26.1905,no,below_threshold
2824,ema_cross_confirmed,LONG,bull,,ema_cross_confirmed|LONG|bull,15,10,5,66.6667,no,insufficient_history
2825,overheated_24h,LONG,bull,,overheated_24h|LONG|bull,43,12,31,27.907,no,below_threshold
2826,overheated_24h,LONG,bull,,overheated_24h|LONG|bull,43,12,31,27.907,no,below_threshold
2827,overheated_24h,LONG,bull,,overheated_24h|LONG|bull,43,12,31,27.907,no,below_threshold
2828,overheated_24h,LONG,bull,,overheated_24h|LONG|bull,43,12,31,27.907,no,below_threshold
2829,overheated_24h,LONG,bull,,overheated_24h|LONG|bull,43,12,31,27.907,no,below_threshold
2830,overheated_24h,LONG,bull,,overheated_24h|LONG|bull,43,12,31,27.907,no,below_threshold
2831,overheated_24h,LONG,bull,,overheated_24h|LONG|bull,43,12,31,27.907,no,below_threshold
2837,ema_cross_confirmed,SHORT,bull,,ema_cross_confirmed|SHORT|bull,13,6,7,46.1538,no,insufficient_history
2840,overheated_24h,LONG,bull,,overheated_24h|LONG|bull,43,12,31,27.907,no,below_threshold
2842,overheated_24h,LONG,bull,,overheated_24h|LONG|bull,43,12,31,27.907,no,below_threshold
2843,overheated_24h,LONG,bull,,overheated_24h|LONG|bull,43,12,31,27.907,no,below_threshold
2844,overheated_24h,LONG,bull,,overheated_24h|LONG|bull,43,12,31,27.907,no,below_threshold
2846,ema_cross_confirmed,SHORT,bull,,ema_cross_confirmed|SHORT|bull,13,6,7,46.1538,no,insufficient_history
2849,overheated_24h,LONG,bull,,overheated_24h|LONG|bull,45,14,31,31.1111,no,below_threshold
2852,overheated_24h,LONG,bull,,overheated_24h|LONG|bull,45,14,31,31.1111,no,below_threshold
2854,ema_cross_confirmed,LONG,bull,,ema_cross_confirmed|LONG|bull,18,13,5,72.2222,no,insufficient_history
2855,ema_cross_confirmed,LONG,bull,,ema_cross_confirmed|LONG|bull,18,13,5,72.2222,no,insufficient_history
2856,ema_cross_confirmed,LONG,bull,,ema_cross_confirmed|LONG|bull,18,13,5,72.2222,no,insufficient_history
2859,ema_cross_confirmed,LONG,bull,,ema_cross_confirmed|LONG|bull,18,13,5,72.2222,no,insufficient_history
2865,ema_cross_confirmed,LONG,bull,,ema_cross_confirmed|LONG|bull,20,15,5,75.0,yes,passes
2870,ema_cross_confirmed,LONG,bull,,ema_cross_confirmed|LONG|bull,20,15,5,75.0,yes,passes
2874,ema_cross_confirmed,LONG,bull,,ema_cross_confirmed|LONG|bull,20,15,5,75.0,yes,passes
2875,ema_cross_confirmed,LONG,bull,,ema_cross_confirmed|LONG|bull,20,15,5,75.0,yes,passes
2880,ema_cross_confirmed,LONG,bull,,ema_cross_confirmed|LONG|bull,20,15,5,75.0,yes,passes
2881,ema_cross_confirmed,LONG,bull,,ema_cross_confirmed|LONG|bull,20,15,5,75.0,yes,passes
2883,ema_cross_confirmed,LONG,bull,,ema_cross_confirmed|LONG|bull,20,15,5,75.0,yes,passes
2884,overheated_24h,LONG,bull,,overheated_24h|LONG|bull,45,14,31,31.1111,no,below_threshold
2885,overheated_24h,LONG,bull,,overheated_24h|LONG|bull,45,14,31,31.1111,no,below_threshold
2886,overheated_24h,LONG,bull,,overheated_24h|LONG|bull,45,14,31,31.1111,no,below_threshold
2888,overheated_24h,LONG,bull,,overheated_24h|LONG|bull,45,14,31,31.1111,no,below_threshold
2891,overheated_24h,LONG,bull,,overheated_24h|LONG|bull,45,14,31,31.1111,no,below_threshold
2892,overheated_24h,LONG,bull,,overheated_24h|LONG|bull,45,14,31,31.1111,no,below_threshold
2895,overheated_24h,LONG,bull,,overheated_24h|LONG|bull,46,15,31,32.6087,no,below_threshold
2897,ema_cross_confirmed,LONG,bull,,ema_cross_confirmed|LONG|bull,24,19,5,79.1667,yes,passes
2898,ema_cross_confirmed,LONG,bull,,ema_cross_confirmed|LONG|bull,24,19,5,79.1667,yes,passes
2899,ema_cross_confirmed,LONG,bull,,ema_cross_confirmed|LONG|bull,24,19,5,79.1667,yes,passes
2902,overheated_24h,LONG,bull,,overheated_24h|LONG|bull,48,16,32,33.3333,no,below_threshold
2904,overheated_24h,LONG,bull,,overheated_24h|LONG|bull,48,16,32,33.3333,no,below_threshold
2905,overheated_24h,LONG,bull,,overheated_24h|LONG|bull,48,16,32,33.3333,no,below_threshold
2906,overheated_24h,LONG,bull,,overheated_24h|LONG|bull,48,16,32,33.3333,no,below_threshold
2907,overheated_24h,LONG,bull,,overheated_24h|LONG|bull,48,16,32,33.3333,no,below_threshold
2908,overheated_24h,LONG,bull,,overheated_24h|LONG|bull,48,16,32,33.3333,no,below_threshold
2912,overheated_24h,LONG,bull,,overheated_24h|LONG|bull,48,16,32,33.3333,no,below_threshold
2920,ema_cross_confirmed,LONG,bull,,ema_cross_confirmed|LONG|bull,25,20,5,80.0,yes,passes
2926,overheated_24h,LONG,bull,,overheated_24h|LONG|bull,51,18,33,35.2941,yes,passes
2928,ema_cross_confirmed,LONG,bull,,ema_cross_confirmed|LONG|bull,25,20,5,80.0,yes,passes
2929,overheated_24h,LONG,bull,,overheated_24h|LONG|bull,52,18,34,34.6154,no,below_threshold
2930,ema_cross_confirmed,LONG,bull,,ema_cross_confirmed|LONG|bull,26,21,5,80.7692,yes,passes
2944,overheated_24h,LONG,bull,,overheated_24h|LONG|bull,55,20,35,36.3636,yes,passes
2948,overheated_24h,LONG,bull,,overheated_24h|LONG|bull,55,20,35,36.3636,yes,passes
2949,overheated_24h,LONG,bull,,overheated_24h|LONG|bull,55,20,35,36.3636,yes,passes
2955,overheated_24h,LONG,bull,,overheated_24h|LONG|bull,56,20,36,35.7143,yes,passes
2979,overheated_24h,LONG,bull,,overheated_24h|LONG|bull,57,20,37,35.0877,yes,passes
2988,ema_cross_confirmed,LONG,bull,,ema_cross_confirmed|LONG|bull,29,24,5,82.7586,yes,passes
2995,overheated_24h,LONG,bull,,overheated_24h|LONG|bull,62,23,39,37.0968,yes,passes
3003,overheated_24h,LONG,bull,,overheated_24h|LONG|bull,62,23,39,37.0968,yes,passes
3004,overheated_24h,LONG,bull,,overheated_24h|LONG|bull,62,23,39,37.0968,yes,passes
3005,overheated_24h,LONG,bull,,overheated_24h|LONG|bull,62,23,39,37.0968,yes,passes
3007,overheated_24h,LONG,bull,,overheated_24h|LONG|bull,62,23,39,37.0968,yes,passes
3009,overheated_24h,LONG,bull,,overheated_24h|LONG|bull,62,23,39,37.0968,yes,passes
3010,overheated_24h,LONG,bull,,overheated_24h|LONG|bull,62,23,39,37.0968,yes,passes
3011,overheated_24h,LONG,bull,,overheated_24h|LONG|bull,62,23,39,37.0968,yes,passes
3015,overheated_24h,LONG,bull,,overheated_24h|LONG|bull,62,23,39,37.0968,yes,passes
3016,overheated_24h,LONG,bull,,overheated_24h|LONG|bull,62,23,39,37.0968,yes,passes
3045,overheated_24h,LONG,bull,,overheated_24h|LONG|bull,63,23,40,36.5079,yes,passes
3048,overheated_24h,LONG,bull,,overheated_24h|LONG|bull,63,23,40,36.5079,yes,passes
3049,overheated_24h,LONG,bull,,overheated_24h|LONG|bull,63,23,40,36.5079,yes,passes
3053,overheated_24h,LONG,bull,,overheated_24h|LONG|bull,63,23,40,36.5079,yes,passes
3054,overheated_24h,LONG,bull,,overheated_24h|LONG|bull,63,23,40,36.5079,yes,passes
3077,overheated_24h,LONG,bull,,overheated_24h|LONG|bull,70,24,46,34.2857,no,below_threshold
3078,overheated_24h,LONG,bull,,overheated_24h|LONG|bull,70,24,46,34.2857,no,below_threshold
3080,overheated_24h,LONG,bull,,overheated_24h|LONG|bull,70,24,46,34.2857,no,below_threshold
3081,overheated_24h,LONG,bull,,overheated_24h|LONG|bull,70,24,46,34.2857,no,below_threshold
3082,overheated_24h,LONG,bull,,overheated_24h|LONG|bull,71,25,46,35.2113,yes,passes
3095,ema_cross_confirmed,SHORT,bull,,ema_cross_confirmed|SHORT|bull,17,7,10,41.1765,no,insufficient_history
3096,ema_cross_confirmed,LONG,bull,,ema_cross_confirmed|LONG|bull,29,24,5,82.7586,yes,passes
3099,overheated_24h,LONG,bull,,overheated_24h|LONG|bull,75,25,50,33.3333,no,below_threshold
3100,overheated_24h,LONG,bull,,overheated_24h|LONG|bull,75,25,50,33.3333,no,below_threshold
3101,ema_cross_confirmed,LONG,bull,,ema_cross_confirmed|LONG|bull,29,24,5,82.7586,yes,passes
3103,overheated_24h,LONG,bull,,overheated_24h|LONG|bull,75,25,50,33.3333,no,below_threshold
3107,overheated_24h,LONG,bull,,overheated_24h|LONG|bull,75,25,50,33.3333,no,below_threshold
3110,overheated_24h,LONG,bull,,overheated_24h|LONG|bull,75,25,50,33.3333,no,below_threshold
3111,overheated_24h,LONG,bull,,overheated_24h|LONG|bull,75,25,50,33.3333,no,below_threshold
3115,ema_cross_confirmed,LONG,bull,,ema_cross_confirmed|LONG|bull,30,25,5,83.3333,yes,passes
3121,overheated_24h,LONG,bull,,overheated_24h|LONG|bull,77,26,51,33.7662,no,below_threshold
3122,overheated_24h,LONG,bull,,overheated_24h|LONG|bull,77,26,51,33.7662,no,below_threshold
3123,overheated_24h,LONG,bull,,overheated_24h|LONG|bull,77,26,51,33.7662,no,below_threshold
3134,overheated_24h,LONG,bull,,overheated_24h|LONG|bull,79,27,52,34.1772,no,below_threshold
3137,ema_cross_confirmed,LONG,bull,,ema_cross_confirmed|LONG|bull,32,27,5,84.375,yes,passes
3138,ema_cross_confirmed,LONG,bull,,ema_cross_confirmed|LONG|bull,32,27,5,84.375,yes,passes
3150,ema_cross_confirmed,LONG,bull,,ema_cross_confirmed|LONG|bull,33,28,5,84.8485,yes,passes
3163,overheated_24h,LONG,bull,,overheated_24h|LONG|bull,84,32,52,38.0952,yes,passes
3165,ema_cross_confirmed,SHORT,bull,,ema_cross_confirmed|SHORT|bull,19,7,12,36.8421,no,insufficient_history
3210,ema_cross_confirmed,LONG,bull,,ema_cross_confirmed|LONG|bull,35,30,5,85.7143,yes,passes
3211,overheated_24h,LONG,bull,,overheated_24h|LONG|bull,89,36,53,40.4494,yes,passes
3212,overheated_24h,LONG,bull,,overheated_24h|LONG|bull,89,36,53,40.4494,yes,passes
3213,overheated_24h,LONG,bull,,overheated_24h|LONG|bull,89,36,53,40.4494,yes,passes
3214,overheated_24h,LONG,bull,,overheated_24h|LONG|bull,89,36,53,40.4494,yes,passes
3215,overheated_24h,LONG,bull,,overheated_24h|LONG|bull,89,36,53,40.4494,yes,passes
3216,overheated_24h,LONG,bull,,overheated_24h|LONG|bull,89,36,53,40.4494,yes,passes
3217,overheated_24h,LONG,bull,,overheated_24h|LONG|bull,89,36,53,40.4494,yes,passes
3218,overheated_24h,LONG,bull,,overheated_24h|LONG|bull,89,36,53,40.4494,yes,passes
3219,overheated_24h,LONG,bull,,overheated_24h|LONG|bull,89,36,53,40.4494,yes,passes
3222,overheated_24h,LONG,bull,,overheated_24h|LONG|bull,89,36,53,40.4494,yes,passes
3224,overheated_24h,LONG,bull,,overheated_24h|LONG|bull,89,36,53,40.4494,yes,passes
3225,overheated_24h,LONG,bull,,overheated_24h|LONG|bull,89,36,53,40.4494,yes,passes
3226,overheated_24h,LONG,bull,,overheated_24h|LONG|bull,89,36,53,40.4494,yes,passes
3232,overheated_24h,LONG,bull,,overheated_24h|LONG|bull,94,37,57,39.3617,yes,passes
3236,overheated_24h,LONG,bull,,overheated_24h|LONG|bull,96,37,59,38.5417,yes,passes
3237,overheated_24h,LONG,bull,,overheated_24h|LONG|bull,96,37,59,38.5417,yes,passes
3240,overheated_24h,LONG,bull,,overheated_24h|LONG|bull,98,37,61,37.7551,yes,passes
3251,ema_cross_confirmed,LONG,bull,,ema_cross_confirmed|LONG|bull,36,30,6,83.3333,yes,passes
3268,ema_cross_confirmed,SHORT,bull,,ema_cross_confirmed|SHORT|bull,19,7,12,36.8421,no,insufficient_history
3274,ema_cross_confirmed,SHORT,bull,,ema_cross_confirmed|SHORT|bull,19,7,12,36.8421,no,insufficient_history
3275,overheated_24h,LONG,bull,,overheated_24h|LONG|bull,106,39,67,36.7925,yes,passes
3276,overheated_24h,LONG,bull,,overheated_24h|LONG|bull,106,39,67,36.7925,yes,passes
3277,overheated_24h,LONG,bull,,overheated_24h|LONG|bull,107,39,68,36.4486,yes,passes
3286,ema_cross_confirmed,SHORT,bull,,ema_cross_confirmed|SHORT|bull,19,7,12,36.8421,no,insufficient_history
3287,ema_cross_confirmed,SHORT,bull,,ema_cross_confirmed|SHORT|bull,19,7,12,36.8421,no,insufficient_history
3288,overheated_24h,LONG,bull,,overheated_24h|LONG|bull,110,40,70,36.3636,yes,passes
3310,ema_cross_confirmed,LONG,bull,,ema_cross_confirmed|LONG|bull,37,31,6,83.7838,yes,passes
3329,overheated_24h,LONG,bull,,overheated_24h|LONG|bull,111,40,71,36.036,yes,passes
3330,overheated_24h,LONG,bull,,overheated_24h|LONG|bull,111,40,71,36.036,yes,passes
3332,overheated_24h,LONG,bull,,overheated_24h|LONG|bull,111,40,71,36.036,yes,passes
3333,overheated_24h,LONG,bull,,overheated_24h|LONG|bull,111,40,71,36.036,yes,passes
3334,overheated_24h,LONG,bull,,overheated_24h|LONG|bull,111,40,71,36.036,yes,passes
3338,ema_cross_confirmed,LONG,bull,,ema_cross_confirmed|LONG|bull,39,33,6,84.6154,yes,passes
3350,overheated_24h,LONG,bull,,overheated_24h|LONG|bull,122,49,73,40.1639,yes,passes
3351,overheated_24h,LONG,bull,,overheated_24h|LONG|bull,122,49,73,40.1639,yes,passes
3354,overheated_24h,LONG,bull,,overheated_24h|LONG|bull,122,49,73,40.1639,yes,passes
3360,overheated_24h,LONG,bull,,overheated_24h|LONG|bull,123,49,74,39.8374,yes,passes
3362,overheated_24h,LONG,bull,,overheated_24h|LONG|bull,123,49,74,39.8374,yes,passes
3364,overheated_24h,LONG,bull,,overheated_24h|LONG|bull,123,49,74,39.8374,yes,passes
3383,ema_cross_confirmed,LONG,bull,,ema_cross_confirmed|LONG|bull,40,34,6,85.0,yes,passes
3388,overheated_24h,LONG,bull,,overheated_24h|LONG|bull,125,51,74,40.8,yes,passes
3392,overheated_24h,LONG,bull,,overheated_24h|LONG|bull,125,51,74,40.8,yes,passes
3393,overheated_24h,LONG,bull,,overheated_24h|LONG|bull,125,51,74,40.8,yes,passes
3398,overheated_24h,LONG,bull,,overheated_24h|LONG|bull,126,52,74,41.2698,yes,passes
3399,overheated_24h,LONG,bull,,overheated_24h|LONG|bull,126,52,74,41.2698,yes,passes
3400,overheated_24h,LONG,bull,,overheated_24h|LONG|bull,126,52,74,41.2698,yes,passes
3401,overheated_24h,LONG,bull,,overheated_24h|LONG|bull,126,52,74,41.2698,yes,passes
3403,overheated_24h,LONG,bull,,overheated_24h|LONG|bull,126,52,74,41.2698,yes,passes
3414,overheated_24h,LONG,bull,,overheated_24h|LONG|bull,128,54,74,42.1875,yes,passes
3415,overheated_24h,LONG,bull,,overheated_24h|LONG|bull,128,54,74,42.1875,yes,passes
3416,overheated_24h,LONG,bull,,overheated_24h|LONG|bull,128,54,74,42.1875,yes,passes
3420,overheated_24h,LONG,bull,,overheated_24h|LONG|bull,128,54,74,42.1875,yes,passes
3421,overheated_24h,LONG,bull,,overheated_24h|LONG|bull,128,54,74,42.1875,yes,passes
3423,overheated_24h,LONG,bull,,overheated_24h|LONG|bull,129,55,74,42.6357,yes,passes
3426,ema_cross_confirmed,LONG,bull,,ema_cross_confirmed|LONG|bull,46,40,6,86.9565,yes,passes
3427,ema_cross_confirmed,LONG,bull,,ema_cross_confirmed|LONG|bull,46,40,6,86.9565,yes,passes
3432,overheated_24h,LONG,bull,,overheated_24h|LONG|bull,134,60,74,44.7761,yes,passes
3433,overheated_24h,LONG,bull,,overheated_24h|LONG|bull,134,60,74,44.7761,yes,passes
3435,overheated_24h,LONG,bull,,overheated_24h|LONG|bull,135,61,74,45.1852,yes,passes
3437,overheated_24h,LONG,bull,,overheated_24h|LONG|bull,135,61,74,45.1852,yes,passes
3438,overheated_24h,LONG,bull,,overheated_24h|LONG|bull,135,61,74,45.1852,yes,passes
3439,overheated_24h,LONG,bull,,overheated_24h|LONG|bull,136,62,74,45.5882,yes,passes
3440,overheated_24h,LONG,bull,,overheated_24h|LONG|bull,136,62,74,45.5882,yes,passes
3441,overheated_24h,LONG,bull,,overheated_24h|LONG|bull,136,62,74,45.5882,yes,passes
3470,ema_cross_confirmed,LONG,bull,,ema_cross_confirmed|LONG|bull,49,43,6,87.7551,yes,passes
3471,overheated_24h,LONG,bull,,overheated_24h|LONG|bull,142,66,76,46.4789,yes,passes
3472,overheated_24h,LONG,bull,,overheated_24h|LONG|bull,142,66,76,46.4789,yes,passes
3474,overheated_24h,LONG,bull,,overheated_24h|LONG|bull,143,67,76,46.8531,yes,passes
3475,overheated_24h,LONG,bull,,overheated_24h|LONG|bull,143,67,76,46.8531,yes,passes
3477,overheated_24h,LONG,bull,,overheated_24h|LONG|bull,143,67,76,46.8531,yes,passes
3482,ema_cross_confirmed,LONG,bull,,ema_cross_confirmed|LONG|bull,50,44,6,88.0,yes,passes
3487,ema_cross_confirmed,LONG,bull,,ema_cross_confirmed|LONG|bull,55,49,6,89.0909,yes,passes
3488,ema_cross_confirmed,LONG,bull,,ema_cross_confirmed|LONG|bull,55,49,6,89.0909,yes,passes
3489,ema_cross_confirmed,LONG,bull,,ema_cross_confirmed|LONG|bull,55,49,6,89.0909,yes,passes
3494,overheated_24h,LONG,bull,,overheated_24h|LONG|bull,152,74,78,48.6842,yes,passes
3495,overheated_24h,LONG,bull,,overheated_24h|LONG|bull,152,74,78,48.6842,yes,passes
3496,overheated_24h,LONG,bull,,overheated_24h|LONG|bull,153,74,79,48.366,yes,passes
3501,ema_cross_confirmed,LONG,bull,,ema_cross_confirmed|LONG|bull,57,49,8,85.9649,yes,passes
3521,overheated_24h,LONG,bull,,overheated_24h|LONG|bull,155,76,79,49.0323,yes,passes
3522,overheated_24h,LONG,bull,,overheated_24h|LONG|bull,155,76,79,49.0323,yes,passes
3524,overheated_24h,LONG,bull,,overheated_24h|LONG|bull,155,76,79,49.0323,yes,passes
3526,overheated_24h,LONG,bull,,overheated_24h|LONG|bull,155,76,79,49.0323,yes,passes
3545,overheated_24h,LONG,bull,,overheated_24h|LONG|bull,157,78,79,49.6815,yes,passes
3561,overheated_24h,LONG,bull,,overheated_24h|LONG|bull,159,79,80,49.6855,yes,passes
3562,overheated_24h,LONG,bull,,overheated_24h|LONG|bull,159,79,80,49.6855,yes,passes
3566,overheated_24h,LONG,bull,,overheated_24h|LONG|bull,159,79,80,49.6855,yes,passes
3567,overheated_24h,LONG,bull,,overheated_24h|LONG|bull,159,79,80,49.6855,yes,passes
3568,overheated_24h,LONG,bull,,overheated_24h|LONG|bull,159,79,80,49.6855,yes,passes
3569,overheated_24h,LONG,bull,,overheated_24h|LONG|bull,160,80,80,50.0,yes,passes
3572,overheated_24h,LONG,bull,,overheated_24h|LONG|bull,160,80,80,50.0,yes,passes
3573,overheated_24h,LONG,bull,,overheated_24h|LONG|bull,160,80,80,50.0,yes,passes
3574,overheated_24h,LONG,bull,,overheated_24h|LONG|bull,161,81,80,50.3106,yes,passes
3584,overheated_24h,LONG,bull,,overheated_24h|LONG|bull,162,81,81,50.0,yes,passes
3585,overheated_24h,LONG,bull,,overheated_24h|LONG|bull,162,81,81,50.0,yes,passes
3589,overheated_24h,LONG,bull,,overheated_24h|LONG|bull,162,81,81,50.0,yes,passes
3590,overheated_24h,LONG,bull,,overheated_24h|LONG|bull,162,81,81,50.0,yes,passes
3591,overheated_24h,LONG,bull,,overheated_24h|LONG|bull,162,81,81,50.0,yes,passes
3593,overheated_24h,LONG,bull,,overheated_24h|LONG|bull,162,81,81,50.0,yes,passes
3609,overheated_24h,LONG,bull,,overheated_24h|LONG|bull,167,83,84,49.7006,yes,passes
3612,overheated_24h,LONG,bull,,overheated_24h|LONG|bull,167,83,84,49.7006,yes,passes
3617,overheated_24h,LONG,bull,,overheated_24h|LONG|bull,167,83,84,49.7006,yes,passes
3619,overheated_24h,LONG,bull,,overheated_24h|LONG|bull,167,83,84,49.7006,yes,passes
3620,overheated_24h,LONG,bull,,overheated_24h|LONG|bull,167,83,84,49.7006,yes,passes
3621,overheated_24h,LONG,bull,,overheated_24h|LONG|bull,167,83,84,49.7006,yes,passes
3636,ema_cross_confirmed,LONG,bull,,ema_cross_confirmed|LONG|bull,61,52,9,85.2459,yes,passes
3637,ema_cross_confirmed,LONG,bull,,ema_cross_confirmed|LONG|bull,61,52,9,85.2459,yes,passes
3642,ema_cross_confirmed,LONG,bull,,ema_cross_confirmed|LONG|bull,62,53,9,85.4839,yes,passes
3644,overheated_24h,LONG,bull,,overheated_24h|LONG|bull,171,84,87,49.1228,yes,passes
3645,overheated_24h,LONG,bull,,overheated_24h|LONG|bull,172,84,88,48.8372,yes,passes
3648,overheated_24h,LONG,bull,,overheated_24h|LONG|bull,174,85,89,48.8506,yes,passes
3649,overheated_24h,LONG,bull,,overheated_24h|LONG|bull,174,85,89,48.8506,yes,passes
3650,overheated_24h,LONG,bull,,overheated_24h|LONG|bull,174,85,89,48.8506,yes,passes
3651,overheated_24h,LONG,bull,,overheated_24h|LONG|bull,174,85,89,48.8506,yes,passes
3652,overheated_24h,LONG,bull,,overheated_24h|LONG|bull,174,85,89,48.8506,yes,passes
3654,overheated_24h,LONG,bull,,overheated_24h|LONG|bull,174,85,89,48.8506,yes,passes
3655,overheated_24h,LONG,bull,,overheated_24h|LONG|bull,174,85,89,48.8506,yes,passes
3657,overheated_24h,LONG,bull,,overheated_24h|LONG|bull,174,85,89,48.8506,yes,passes
3658,overheated_24h,LONG,bull,,overheated_24h|LONG|bull,174,85,89,48.8506,yes,passes
3659,overheated_24h,LONG,bull,,overheated_24h|LONG|bull,174,85,89,48.8506,yes,passes
3660,overheated_24h,LONG,bull,,overheated_24h|LONG|bull,174,85,89,48.8506,yes,passes
3661,overheated_24h,LONG,bull,,overheated_24h|LONG|bull,176,86,90,48.8636,yes,passes
3662,overheated_24h,LONG,bull,,overheated_24h|LONG|bull,176,86,90,48.8636,yes,passes
3677,overheated_24h,LONG,bull,,overheated_24h|LONG|bull,177,87,90,49.1525,yes,passes
3679,overheated_24h,LONG,bull,,overheated_24h|LONG|bull,177,87,90,49.1525,yes,passes
3680,overheated_24h,LONG,bull,,overheated_24h|LONG|bull,177,87,90,49.1525,yes,passes
3682,overheated_24h,LONG,bull,,overheated_24h|LONG|bull,177,87,90,49.1525,yes,passes
3684,overheated_24h,LONG,bull,,overheated_24h|LONG|bull,177,87,90,49.1525,yes,passes
3687,overheated_24h,LONG,bull,,overheated_24h|LONG|bull,178,87,91,48.8764,yes,passes
3688,overheated_24h,LONG,bull,,overheated_24h|LONG|bull,178,87,91,48.8764,yes,passes
3693,overheated_24h,LONG,bull,,overheated_24h|LONG|bull,195,93,102,47.6923,yes,passes
3694,overheated_24h,LONG,bull,,overheated_24h|LONG|bull,195,93,102,47.6923,yes,passes
3695,overheated_24h,LONG,bull,,overheated_24h|LONG|bull,195,93,102,47.6923,yes,passes
3696,overheated_24h,LONG,bull,,overheated_24h|LONG|bull,195,93,102,47.6923,yes,passes
3697,overheated_24h,LONG,bull,,overheated_24h|LONG|bull,195,93,102,47.6923,yes,passes
3700,overheated_24h,LONG,bull,,overheated_24h|LONG|bull,195,93,102,47.6923,yes,passes
3701,overheated_24h,LONG,bull,,overheated_24h|LONG|bull,195,93,102,47.6923,yes,passes
3703,overheated_24h,LONG,bull,,overheated_24h|LONG|bull,195,93,102,47.6923,yes,passes
3706,overheated_24h,LONG,bull,,overheated_24h|LONG|bull,195,93,102,47.6923,yes,passes
3707,overheated_24h,LONG,bull,,overheated_24h|LONG|bull,195,93,102,47.6923,yes,passes
3708,overheated_24h,LONG,bull,,overheated_24h|LONG|bull,195,93,102,47.6923,yes,passes
3710,overheated_24h,LONG,bull,,overheated_24h|LONG|bull,195,93,102,47.6923,yes,passes
3713,overheated_24h,LONG,bull,,overheated_24h|LONG|bull,195,93,102,47.6923,yes,passes
3716,overheated_24h,LONG,bull,,overheated_24h|LONG|bull,195,93,102,47.6923,yes,passes
3717,overheated_24h,LONG,bull,,overheated_24h|LONG|bull,195,93,102,47.6923,yes,passes
3725,overheated_24h,LONG,bull,,overheated_24h|LONG|bull,197,93,104,47.2081,yes,passes
3727,overheated_24h,LONG,bull,,overheated_24h|LONG|bull,198,93,105,46.9697,yes,passes
3731,overheated_24h,LONG,bull,,overheated_24h|LONG|bull,204,97,107,47.549,yes,passes
3732,overheated_24h,LONG,bull,,overheated_24h|LONG|bull,204,97,107,47.549,yes,passes
3733,overheated_24h,LONG,bull,,overheated_24h|LONG|bull,204,97,107,47.549,yes,passes
3734,overheated_24h,LONG,bull,,overheated_24h|LONG|bull,204,97,107,47.549,yes,passes
3735,overheated_24h,LONG,bull,,overheated_24h|LONG|bull,219,111,108,50.6849,yes,passes
3736,overheated_24h,LONG,bull,,overheated_24h|LONG|bull,219,111,108,50.6849,yes,passes
3738,overheated_24h,LONG,bull,,overheated_24h|LONG|bull,219,111,108,50.6849,yes,passes
3740,overheated_24h,LONG,bull,,overheated_24h|LONG|bull,219,111,108,50.6849,yes,passes
3742,overheated_24h,LONG,bull,,overheated_24h|LONG|bull,219,111,108,50.6849,yes,passes
3745,overheated_24h,LONG,bull,,overheated_24h|LONG|bull,219,111,108,50.6849,yes,passes
3748,overheated_24h,LONG,bull,,overheated_24h|LONG|bull,219,111,108,50.6849,yes,passes
3751,overheated_24h,LONG,bull,,overheated_24h|LONG|bull,219,111,108,50.6849,yes,passes
3754,overheated_24h,LONG,bull,,overheated_24h|LONG|bull,219,111,108,50.6849,yes,passes
3755,overheated_24h,LONG,bull,,overheated_24h|LONG|bull,219,111,108,50.6849,yes,passes
3757,overheated_24h,LONG,bull,,overheated_24h|LONG|bull,219,111,108,50.6849,yes,passes
3758,overheated_24h,LONG,bull,,overheated_24h|LONG|bull,219,111,108,50.6849,yes,passes
3759,overheated_24h,LONG,bull,,overheated_24h|LONG|bull,219,111,108,50.6849,yes,passes
3760,overheated_24h,LONG,bull,,overheated_24h|LONG|bull,219,111,108,50.6849,yes,passes
3762,overheated_24h,LONG,bull,,overheated_24h|LONG|bull,219,111,108,50.6849,yes,passes
3768,overheated_24h,LONG,bull,,overheated_24h|LONG|bull,219,111,108,50.6849,yes,passes
3770,overheated_24h,LONG,bull,,overheated_24h|LONG|bull,219,111,108,50.6849,yes,passes
3772,overheated_24h,LONG,bull,,overheated_24h|LONG|bull,219,111,108,50.6849,yes,passes
3773,overheated_24h,LONG,bull,,overheated_24h|LONG|bull,219,111,108,50.6849,yes,passes
3774,overheated_24h,LONG,bull,,overheated_24h|LONG|bull,219,111,108,50.6849,yes,passes
3775,overheated_24h,LONG,bull,,overheated_24h|LONG|bull,219,111,108,50.6849,yes,passes
3776,overheated_24h,LONG,bull,,overheated_24h|LONG|bull,219,111,108,50.6849,yes,passes
3791,ema_cross_confirmed,LONG,bull,,ema_cross_confirmed|LONG|bull,67,58,9,86.5672,yes,passes
3794,overheated_24h,LONG,bull,,overheated_24h|LONG|bull,223,115,108,51.5695,yes,passes
3795,overheated_24h,LONG,bull,,overheated_24h|LONG|bull,223,115,108,51.5695,yes,passes
3796,overheated_24h,LONG,bull,,overheated_24h|LONG|bull,224,116,108,51.7857,yes,passes
3799,overheated_24h,LONG,bull,,overheated_24h|LONG|bull,224,116,108,51.7857,yes,passes
3800,overheated_24h,LONG,bull,,overheated_24h|LONG|bull,224,116,108,51.7857,yes,passes
3801,overheated_24h,LONG,bull,,overheated_24h|LONG|bull,224,116,108,51.7857,yes,passes
3804,overheated_24h,LONG,bull,,overheated_24h|LONG|bull,224,116,108,51.7857,yes,passes
3805,overheated_24h,LONG,bull,,overheated_24h|LONG|bull,224,116,108,51.7857,yes,passes
3806,overheated_24h,LONG,bull,,overheated_24h|LONG|bull,224,116,108,51.7857,yes,passes
3807,overheated_24h,LONG,bull,,overheated_24h|LONG|bull,224,116,108,51.7857,yes,passes
3808,overheated_24h,LONG,bull,,overheated_24h|LONG|bull,224,116,108,51.7857,yes,passes
3809,overheated_24h,LONG,bull,,overheated_24h|LONG|bull,224,116,108,51.7857,yes,passes
3810,overheated_24h,LONG,bull,,overheated_24h|LONG|bull,224,116,108,51.7857,yes,passes
3811,overheated_24h,LONG,bull,,overheated_24h|LONG|bull,224,116,108,51.7857,yes,passes
3812,overheated_24h,LONG,bull,,overheated_24h|LONG|bull,224,116,108,51.7857,yes,passes
3815,overheated_24h,LONG,bull,,overheated_24h|LONG|bull,224,116,108,51.7857,yes,passes
3816,overheated_24h,LONG,bull,,overheated_24h|LONG|bull,224,116,108,51.7857,yes,passes
3817,overheated_24h,LONG,bull,,overheated_24h|LONG|bull,224,116,108,51.7857,yes,passes
3818,overheated_24h,LONG,bull,,overheated_24h|LONG|bull,224,116,108,51.7857,yes,passes
3827,overheated_24h,LONG,bull,,overheated_24h|LONG|bull,255,120,135,47.0588,yes,passes
3830,overheated_24h,LONG,bull,,overheated_24h|LONG|bull,256,120,136,46.875,yes,passes
3832,overheated_24h,LONG,bull,,overheated_24h|LONG|bull,256,120,136,46.875,yes,passes
3866,ema_cross_confirmed,LONG,bull,,ema_cross_confirmed|LONG|bull,72,59,13,81.9444,yes,passes
3877,overheated_24h,LONG,bull,,overheated_24h|LONG|bull,262,125,137,47.7099,yes,passes
3880,overheated_24h,LONG,bull,,overheated_24h|LONG|bull,262,125,137,47.7099,yes,passes
3882,overheated_24h,LONG,bull,,overheated_24h|LONG|bull,262,125,137,47.7099,yes,passes
3883,overheated_24h,LONG,bull,,overheated_24h|LONG|bull,262,125,137,47.7099,yes,passes
3887,overheated_24h,LONG,bull,,overheated_24h|LONG|bull,262,125,137,47.7099,yes,passes
3888,overheated_24h,LONG,bull,,overheated_24h|LONG|bull,262,125,137,47.7099,yes,passes
3895,overheated_24h,LONG,bull,,overheated_24h|LONG|bull,268,129,139,48.1343,yes,passes
3897,overheated_24h,LONG,bull,,overheated_24h|LONG|bull,269,129,140,47.9554,yes,passes
3937,ema_cross_confirmed,LONG,bull,,ema_cross_confirmed|LONG|bull,73,59,14,80.8219,yes,passes
3939,ema_cross_confirmed,LONG,bull,,ema_cross_confirmed|LONG|bull,73,59,14,80.8219,yes,passes
3940,ema_cross_confirmed,SHORT,bull,,ema_cross_confirmed|SHORT|bull,28,7,21,25.0,no,below_threshold
3944,ema_cross_confirmed,LONG,bull,,ema_cross_confirmed|LONG|bull,73,59,14,80.8219,yes,passes
3947,ema_cross_confirmed,SHORT,bull,,ema_cross_confirmed|SHORT|bull,28,7,21,25.0,no,below_threshold
3956,overheated_24h,LONG,bull,,overheated_24h|LONG|bull,283,130,153,45.9364,yes,passes
3980,overheated_24h,LONG,bull,,overheated_24h|LONG|bull,287,130,157,45.2962,yes,passes
4070,overheated_24h,LONG,bull,,overheated_24h|LONG|bull,293,133,160,45.3925,yes,passes
4076,ema_cross_confirmed,SHORT,bull,,ema_cross_confirmed|SHORT|bull,28,7,21,25.0,no,below_threshold
4085,overheated_24h,LONG,bull,,overheated_24h|LONG|bull,293,133,160,45.3925,yes,passes
4086,overheated_24h,LONG,bull,,overheated_24h|LONG|bull,293,133,160,45.3925,yes,passes
4118,ema_cross_confirmed,SHORT,bull,,ema_cross_confirmed|SHORT|bull,28,7,21,25.0,no,below_threshold
4125,overheated_24h,LONG,bull,,overheated_24h|LONG|bull,294,134,160,45.5782,yes,passes
4128,overheated_24h,LONG,bull,,overheated_24h|LONG|bull,294,134,160,45.5782,yes,passes
4130,overheated_24h,LONG,bull,,overheated_24h|LONG|bull,294,134,160,45.5782,yes,passes
4135,ema_cross_confirmed,SHORT,bull,,ema_cross_confirmed|SHORT|bull,29,7,22,24.1379,no,below_threshold
4157,overheated_24h,LONG,bull,,overheated_24h|LONG|bull,302,134,168,44.3709,yes,passes
4245,ema_cross_confirmed,SHORT,bull,,ema_cross_confirmed|SHORT|bull,29,7,22,24.1379,no,below_threshold
4246,ema_cross_confirmed,SHORT,bull,,ema_cross_confirmed|SHORT|bull,29,7,22,24.1379,no,below_threshold
4267,ema_cross_confirmed,SHORT,bull,,ema_cross_confirmed|SHORT|bull,29,7,22,24.1379,no,below_threshold
4285,overheated_24h,LONG,bull,,overheated_24h|LONG|bull,307,134,173,43.6482,yes,passes
4296,overheated_24h,LONG,bull,,overheated_24h|LONG|bull,311,138,173,44.373,yes,passes
4301,overheated_24h,LONG,bull,,overheated_24h|LONG|bull,311,138,173,44.373,yes,passes
4313,overheated_24h,LONG,bull,,overheated_24h|LONG|bull,311,138,173,44.373,yes,passes
4315,overheated_24h,LONG,bull,,overheated_24h|LONG|bull,311,138,173,44.373,yes,passes
4329,overheated_24h,LONG,bull,,overheated_24h|LONG|bull,312,138,174,44.2308,yes,passes
4332,overheated_24h,LONG,bull,,overheated_24h|LONG|bull,312,138,174,44.2308,yes,passes
4335,overheated_24h,LONG,bull,,overheated_24h|LONG|bull,313,138,175,44.0895,yes,passes
4342,overheated_24h,LONG,bull,,overheated_24h|LONG|bull,313,138,175,44.0895,yes,passes
4355,overheated_24h,LONG,bull,,overheated_24h|LONG|bull,314,139,175,44.2675,yes,passes
4356,overheated_24h,LONG,bull,,overheated_24h|LONG|bull,314,139,175,44.2675,yes,passes
4359,overheated_24h,LONG,bull,,overheated_24h|LONG|bull,314,139,175,44.2675,yes,passes
4365,overheated_24h,LONG,bull,,overheated_24h|LONG|bull,315,139,176,44.127,yes,passes
4372,overheated_24h,LONG,bull,,overheated_24h|LONG|bull,319,140,179,43.8871,yes,passes
4374,overheated_24h,LONG,bull,,overheated_24h|LONG|bull,319,140,179,43.8871,yes,passes
4376,overheated_24h,LONG,bull,,overheated_24h|LONG|bull,320,140,180,43.75,yes,passes
4377,overheated_24h,LONG,bull,,overheated_24h|LONG|bull,320,140,180,43.75,yes,passes
4378,overheated_24h,LONG,bull,,overheated_24h|LONG|bull,320,140,180,43.75,yes,passes
4380,overheated_24h,LONG,bull,,overheated_24h|LONG|bull,320,140,180,43.75,yes,passes
4385,overheated_24h,LONG,bull,,overheated_24h|LONG|bull,321,140,181,43.6137,yes,passes
4396,overheated_24h,LONG,bull,,overheated_24h|LONG|bull,321,140,181,43.6137,yes,passes
4422,overheated_24h,LONG,bull,,overheated_24h|LONG|bull,325,140,185,43.0769,yes,passes
4469,overheated_24h,LONG,bull,,overheated_24h|LONG|bull,331,142,189,42.9003,yes,passes
4472,overheated_24h,LONG,bull,,overheated_24h|LONG|bull,331,142,189,42.9003,yes,passes
4477,overheated_24h,LONG,bull,,overheated_24h|LONG|bull,332,142,190,42.7711,yes,passes
4500,overheated_24h,LONG,bull,,overheated_24h|LONG|bull,335,142,193,42.3881,yes,passes
4511,overheated_24h,LONG,bull,,overheated_24h|LONG|bull,335,142,193,42.3881,yes,passes
4557,overheated_24h,LONG,bull,,overheated_24h|LONG|bull,339,142,197,41.8879,yes,passes
4621,ema_cross_confirmed,LONG,bull,,ema_cross_confirmed|LONG|bull,88,63,25,71.5909,yes,passes
4622,overheated_24h,LONG,bull,,overheated_24h|LONG|bull,339,142,197,41.8879,yes,passes
4642,overheated_24h,LONG,bull,,overheated_24h|LONG|bull,341,144,197,42.2287,yes,passes
4643,overheated_24h,LONG,bull,,overheated_24h|LONG|bull,341,144,197,42.2287,yes,passes
4689,overheated_24h,LONG,bull,,overheated_24h|LONG|bull,341,144,197,42.2287,yes,passes
4712,overheated_24h,LONG,bull,,overheated_24h|LONG|bull,341,144,197,42.2287,yes,passes
4814,overheated_24h,LONG,bull,,overheated_24h|LONG|bull,343,144,199,41.9825,yes,passes
4862,overheated_24h,LONG,bull,,overheated_24h|LONG|bull,348,144,204,41.3793,yes,passes
4879,overheated_24h,LONG,bull,,overheated_24h|LONG|bull,349,145,204,41.5473,yes,passes
