strategy,step_pct,range_bucket,n,baseline_total_r,alt_total_r,delta_total_r,baseline_avg_r,alt_avg_r,delta_avg_r,baseline_wr_pct,alt_wr_pct,alt_positive_n,alt_negative_n,trail_exit_n
bb_squeeze_inverted_test,2.0,all,25,5.0,3.185407,-1.814593,0.2,0.127416,-0.072584,80.0,68.0,17,8,13
bb_squeeze_inverted_test,2.0,high,3,-0.0,0.820372,0.820372,-0.0,0.273457,0.273457,66.6667,100.0,3,0,2
bb_squeeze_inverted_test,2.0,low,21,4.5,2.164543,-2.335457,0.214286,0.103073,-0.111212,80.9524,61.9048,13,8,10
bb_squeeze_inverted_test,2.0,mid,1,0.5,0.200492,-0.299508,0.5,0.200492,-0.299508,100.0,100.0,1,0,1
bb_squeeze_inverted_test,3.0,all,25,5.0,3.064511,-1.935489,0.2,0.12258,-0.07742,80.0,68.0,17,8,10
bb_squeeze_inverted_test,3.0,high,3,-0.0,0.644608,0.644608,-0.0,0.214869,0.214869,66.6667,100.0,3,0,2
bb_squeeze_inverted_test,3.0,low,21,4.5,2.360231,-2.139769,0.214286,0.112392,-0.101894,80.9524,61.9048,13,8,7
bb_squeeze_inverted_test,3.0,mid,1,0.5,0.059673,-0.440327,0.5,0.059673,-0.440327,100.0,100.0,1,0,1
bb_squeeze_inverted_test,4.0,all,25,5.0,1.330524,-3.669476,0.2,0.053221,-0.146779,80.0,64.0,16,9,10
bb_squeeze_inverted_test,4.0,high,3,-0.0,0.609392,0.609392,-0.0,0.203131,0.203131,66.6667,100.0,3,0,2
bb_squeeze_inverted_test,4.0,low,21,4.5,0.802278,-3.697722,0.214286,0.038204,-0.176082,80.9524,61.9048,13,8,7
bb_squeeze_inverted_test,4.0,mid,1,0.5,-0.081146,-0.581146,0.5,-0.081146,-0.581146,100.0,0.0,0,1,1
bb_squeeze_inverted_test,5.0,all,25,5.0,3.561301,-1.438699,0.2,0.142452,-0.057548,80.0,72.0,18,7,4
bb_squeeze_inverted_test,5.0,high,3,-0.0,1.008052,1.008052,-0.0,0.336017,0.336017,66.6667,100.0,3,0,1
bb_squeeze_inverted_test,5.0,low,21,4.5,2.775214,-1.724786,0.214286,0.132153,-0.082133,80.9524,71.4286,15,6,2
bb_squeeze_inverted_test,5.0,mid,1,0.5,-0.221965,-0.721965,0.5,-0.221965,-0.721965,100.0,0.0,0,1,1
bb_squeeze_inverted_test,6.0,all,25,5.0,4.959115,-0.040885,0.2,0.198365,-0.001635,80.0,76.0,19,6,2
bb_squeeze_inverted_test,6.0,high,3,-0.0,0.923772,0.923772,-0.0,0.307924,0.307924,66.6667,66.6667,2,1,1
bb_squeeze_inverted_test,6.0,low,21,4.5,3.535343,-0.964657,0.214286,0.16835,-0.045936,80.9524,76.1905,16,5,1
bb_squeeze_inverted_test,6.0,mid,1,0.5,0.5,0.0,0.5,0.5,0.0,100.0,100.0,1,0,0
bb_squeeze_inverted_test,8.0,all,25,5.0,4.51403,-0.48597,0.2,0.180561,-0.019439,80.0,76.0,19,6,2
bb_squeeze_inverted_test,8.0,high,3,-0.0,0.755211,0.755211,-0.0,0.251737,0.251737,66.6667,66.6667,2,1,1
bb_squeeze_inverted_test,8.0,low,21,4.5,3.25882,-1.24118,0.214286,0.155182,-0.059104,80.9524,76.1905,16,5,1
bb_squeeze_inverted_test,8.0,mid,1,0.5,0.5,0.0,0.5,0.5,0.0,100.0,100.0,1,0,0
bb_squeeze_inverted_test,10.0,all,25,5.0,4.08665,-0.91335,0.2,0.163466,-0.036534,80.0,76.0,19,6,1
bb_squeeze_inverted_test,10.0,high,3,-0.0,0.58665,0.58665,-0.0,0.19555,0.19555,66.6667,66.6667,2,1,1
bb_squeeze_inverted_test,10.0,low,21,4.5,3.0,-1.5,0.214286,0.142857,-0.071429,80.9524,76.1905,16,5,0
bb_squeeze_inverted_test,10.0,mid,1,0.5,0.5,0.0,0.5,0.5,0.0,100.0,100.0,1,0,0
ema_cross,2.0,all,344,112.0,73.405466,-38.594534,0.325581,0.213388,-0.112193,44.186,45.6395,157,187,242
ema_cross,2.0,high,45,6.0,10.440004,4.440004,0.133333,0.232,0.098667,37.7778,60.0,27,18,37
ema_cross,2.0,low,250,101.0,58.946215,-42.053785,0.404,0.235785,-0.168215,46.8,44.0,110,140,164
ema_cross,2.0,mid,49,5.0,4.019248,-0.980752,0.102041,0.082025,-0.020015,36.7347,40.8163,20,29,41
ema_cross,3.0,all,344,112.0,99.783174,-12.216826,0.325581,0.290067,-0.035514,44.186,47.3837,163,181,203
ema_cross,3.0,high,45,6.0,14.722211,8.722211,0.133333,0.32716,0.193827,37.7778,66.6667,30,15,35
ema_cross,3.0,low,250,101.0,80.440888,-20.559112,0.404,0.321764,-0.082236,46.8,44.8,112,138,128
ema_cross,3.0,mid,49,5.0,4.620074,-0.379926,0.102041,0.094287,-0.007754,36.7347,42.8571,21,28,40
ema_cross,4.0,all,344,112.0,111.893285,-0.106715,0.325581,0.325271,-0.00031,44.186,47.093,162,182,156
ema_cross,4.0,high,45,6.0,12.55127,6.55127,0.133333,0.278917,0.145584,37.7778,60.0,27,18,33
ema_cross,4.0,low,250,101.0,92.085666,-8.914334,0.404,0.368343,-0.035657,46.8,46.0,115,135,88
ema_cross,4.0,mid,49,5.0,7.256348,2.256348,0.102041,0.148089,0.046048,36.7347,40.8163,20,29,35
ema_cross,5.0,all,344,112.0,123.570962,11.570962,0.325581,0.359218,0.033637,44.186,46.5116,160,184,120
ema_cross,5.0,high,45,6.0,11.121714,5.121714,0.133333,0.247149,0.113816,37.7778,51.1111,23,22,31
ema_cross,5.0,low,250,101.0,102.742527,1.742527,0.404,0.41097,0.00697,46.8,46.4,116,134,60
ema_cross,5.0,mid,49,5.0,9.706721,4.706721,0.102041,0.198096,0.096056,36.7347,42.8571,21,28,29
ema_cross,6.0,all,344,112.0,120.980171,8.980171,0.325581,0.351687,0.026105,44.186,45.6395,157,187,96
ema_cross,6.0,high,45,6.0,6.444911,0.444911,0.133333,0.14322,0.009887,37.7778,42.2222,19,26,31
ema_cross,6.0,low,250,101.0,104.252613,3.252613,0.404,0.41701,0.01301,46.8,47.6,119,131,42
ema_cross,6.0,mid,49,5.0,10.282647,5.282647,0.102041,0.20985,0.107809,36.7347,38.7755,19,30,23
ema_cross,8.0,all,344,112.0,119.097855,7.097855,0.325581,0.346215,0.020633,44.186,44.186,152,192,63
ema_cross,8.0,high,45,6.0,1.395339,-4.604661,0.133333,0.031008,-0.102326,37.7778,31.1111,14,31,26
ema_cross,8.0,low,250,101.0,108.32141,7.32141,0.404,0.433286,0.029286,46.8,47.6,119,131,23
ema_cross,8.0,mid,49,5.0,9.381105,4.381105,0.102041,0.191451,0.08941,36.7347,38.7755,19,30,14
ema_cross,10.0,all,344,112.0,116.89358,4.89358,0.325581,0.339807,0.014226,44.186,44.186,152,192,43
ema_cross,10.0,high,45,6.0,5.928092,-0.071908,0.133333,0.131735,-0.001598,37.7778,37.7778,17,28,19
ema_cross,10.0,low,250,101.0,102.821848,1.821848,0.404,0.411287,0.007287,46.8,46.0,115,135,15
ema_cross,10.0,mid,49,5.0,8.143641,3.143641,0.102041,0.166197,0.064156,36.7347,40.8163,20,29,9
ema_cross_confirmed,2.0,all,129,88.5,39.396883,-49.103117,0.686047,0.305402,-0.380644,56.5891,53.4884,69,60,100
ema_cross_confirmed,2.0,high,11,-6.0,-0.468346,5.531654,-0.545455,-0.042577,0.502878,18.1818,45.4545,5,6,9
ema_cross_confirmed,2.0,low,103,97.5,40.296053,-57.203947,0.946602,0.391224,-0.555378,65.0485,54.3689,56,47,79
ema_cross_confirmed,2.0,mid,15,-3.0,-0.430824,2.569176,-0.2,-0.028722,0.171278,26.6667,53.3333,8,7,12
ema_cross_confirmed,3.0,all,129,88.5,62.857435,-25.642565,0.686047,0.487267,-0.19878,56.5891,58.1395,75,54,83
ema_cross_confirmed,3.0,high,11,-6.0,-0.715132,5.284868,-0.545455,-0.065012,0.480443,18.1818,54.5455,6,5,9
ema_cross_confirmed,3.0,low,103,97.5,62.934143,-34.565857,0.946602,0.611011,-0.335591,65.0485,59.2233,61,42,62
ema_cross_confirmed,3.0,mid,15,-3.0,0.638423,3.638423,-0.2,0.042562,0.242562,26.6667,53.3333,8,7,12
ema_cross_confirmed,4.0,all,129,88.5,97.270011,8.770011,0.686047,0.754031,0.067985,56.5891,63.5659,82,47,62
ema_cross_confirmed,4.0,high,11,-6.0,-0.875456,5.124544,-0.545455,-0.079587,0.465868,18.1818,54.5455,6,5,9
ema_cross_confirmed,4.0,low,103,97.5,93.772096,-3.727904,0.946602,0.910409,-0.036193,65.0485,66.0194,68,35,43
ema_cross_confirmed,4.0,mid,15,-3.0,4.373371,7.373371,-0.2,0.291558,0.491558,26.6667,53.3333,8,7,10
ema_cross_confirmed,5.0,all,129,88.5,103.706396,15.206396,0.686047,0.803926,0.117879,56.5891,64.3411,83,46,52
ema_cross_confirmed,5.0,high,11,-6.0,-0.883493,5.116507,-0.545455,-0.080318,0.465137,18.1818,45.4545,5,6,9
ema_cross_confirmed,5.0,low,103,97.5,101.392988,3.892988,0.946602,0.984398,0.037796,65.0485,68.932,71,32,33
ema_cross_confirmed,5.0,mid,15,-3.0,3.196901,6.196901,-0.2,0.213127,0.413127,26.6667,46.6667,7,8,10
ema_cross_confirmed,6.0,all,129,88.5,109.014206,20.514206,0.686047,0.845071,0.159025,56.5891,62.0155,80,49,45
ema_cross_confirmed,6.0,high,11,-6.0,-1.514686,4.485314,-0.545455,-0.137699,0.407756,18.1818,36.3636,4,7,9
ema_cross_confirmed,6.0,low,103,97.5,104.984169,7.484169,0.946602,1.019264,0.072662,65.0485,66.9903,69,34,29
ema_cross_confirmed,6.0,mid,15,-3.0,5.544723,8.544723,-0.2,0.369648,0.569648,26.6667,46.6667,7,8,7
ema_cross_confirmed,8.0,all,129,88.5,104.141516,15.641516,0.686047,0.807299,0.121252,56.5891,61.2403,79,50,35
ema_cross_confirmed,8.0,high,11,-6.0,-2.440628,3.559372,-0.545455,-0.221875,0.323579,18.1818,36.3636,4,7,9
ema_cross_confirmed,8.0,low,103,97.5,102.783805,5.283805,0.946602,0.997901,0.051299,65.0485,66.9903,69,34,20
ema_cross_confirmed,8.0,mid,15,-3.0,3.798339,6.798339,-0.2,0.253223,0.453223,26.6667,40.0,6,9,6
ema_cross_confirmed,10.0,all,129,88.5,104.570894,16.070894,0.686047,0.810627,0.124581,56.5891,59.6899,77,52,23
ema_cross_confirmed,10.0,high,11,-6.0,0.450125,6.450125,-0.545455,0.04092,0.586375,18.1818,36.3636,4,7,7
ema_cross_confirmed,10.0,low,103,97.5,99.77993,2.27993,0.946602,0.968737,0.022135,65.0485,65.0485,67,36,11
ema_cross_confirmed,10.0,mid,15,-3.0,4.340839,7.340839,-0.2,0.289389,0.489389,26.6667,40.0,6,9,5
high_rejection_short,2.0,all,53,10.0,11.562363,1.562363,0.188679,0.218158,0.029479,39.6226,58.4906,31,22,43
high_rejection_short,2.0,high,30,3.0,7.242398,4.242398,0.1,0.241413,0.141413,36.6667,63.3333,19,11,24
high_rejection_short,2.0,mid,23,7.0,4.319965,-2.680035,0.304348,0.187825,-0.116523,43.4783,52.1739,12,11,19
high_rejection_short,3.0,all,53,10.0,12.239569,2.239569,0.188679,0.230935,0.042256,39.6226,62.2642,33,20,42
high_rejection_short,3.0,high,30,3.0,6.279341,3.279341,0.1,0.209311,0.109311,36.6667,60.0,18,12,24
high_rejection_short,3.0,mid,23,7.0,5.960228,-1.039772,0.304348,0.25914,-0.045207,43.4783,65.2174,15,8,18
high_rejection_short,4.0,all,53,10.0,10.510452,0.510452,0.188679,0.19831,0.009631,39.6226,58.4906,31,22,39
high_rejection_short,4.0,high,30,3.0,6.130442,3.130442,0.1,0.204348,0.104348,36.6667,60.0,18,12,22
high_rejection_short,4.0,mid,23,7.0,4.38001,-2.61999,0.304348,0.190435,-0.113913,43.4783,56.5217,13,10,17
high_rejection_short,5.0,all,53,10.0,10.745812,0.745812,0.188679,0.202751,0.014072,39.6226,49.0566,26,27,36
high_rejection_short,5.0,high,30,3.0,8.479748,5.479748,0.1,0.282658,0.182658,36.6667,53.3333,16,14,20
high_rejection_short,5.0,mid,23,7.0,2.266064,-4.733936,0.304348,0.098525,-0.205823,43.4783,43.4783,10,13,16
high_rejection_short,6.0,all,53,10.0,11.752005,1.752005,0.188679,0.221736,0.033057,39.6226,47.1698,25,28,33
high_rejection_short,6.0,high,30,3.0,8.707427,5.707427,0.1,0.290248,0.190248,36.6667,50.0,15,15,19
high_rejection_short,6.0,mid,23,7.0,3.044578,-3.955422,0.304348,0.132373,-0.171975,43.4783,43.4783,10,13,14
high_rejection_short,8.0,all,53,10.0,4.662147,-5.337853,0.188679,0.087965,-0.100714,39.6226,41.5094,22,31,26
high_rejection_short,8.0,high,30,3.0,6.020719,3.020719,0.1,0.200691,0.100691,36.6667,50.0,15,15,17
high_rejection_short,8.0,mid,23,7.0,-1.358572,-8.358572,0.304348,-0.059068,-0.363416,43.4783,30.4348,7,16,9
high_rejection_short,10.0,all,53,10.0,2.219706,-7.780294,0.188679,0.041881,-0.146798,39.6226,39.6226,21,32,15
high_rejection_short,10.0,high,30,3.0,6.483397,3.483397,0.1,0.216113,0.116113,36.6667,50.0,15,15,9
high_rejection_short,10.0,mid,23,7.0,-4.26369,-11.26369,0.304348,-0.185378,-0.489726,43.4783,26.087,6,17,6
low_rejection_long,2.0,all,29,4.0,7.130088,3.130088,0.137931,0.245865,0.107934,37.931,58.6207,17,12,20
low_rejection_long,2.0,high,19,5.0,7.271396,2.271396,0.263158,0.382705,0.119547,42.1053,63.1579,12,7,13
low_rejection_long,2.0,mid,10,-1.0,-0.141308,0.858692,-0.1,-0.014131,0.085869,30.0,50.0,5,5,7
low_rejection_long,3.0,all,29,4.0,9.316057,5.316057,0.137931,0.321243,0.183312,37.931,44.8276,13,16,18
low_rejection_long,3.0,high,19,5.0,8.108681,3.108681,0.263158,0.426773,0.163615,42.1053,52.6316,10,9,12
low_rejection_long,3.0,mid,10,-1.0,1.207376,2.207376,-0.1,0.120738,0.220738,30.0,30.0,3,7,6
low_rejection_long,4.0,all,29,4.0,10.682195,6.682195,0.137931,0.368352,0.230421,37.931,51.7241,15,14,14
low_rejection_long,4.0,high,19,5.0,8.087305,3.087305,0.263158,0.425648,0.16249,42.1053,57.8947,11,8,10
low_rejection_long,4.0,mid,10,-1.0,2.59489,3.59489,-0.1,0.259489,0.359489,30.0,40.0,4,6,4
low_rejection_long,5.0,all,29,4.0,7.927681,3.927681,0.137931,0.273368,0.135437,37.931,51.7241,15,14,14
low_rejection_long,5.0,high,19,5.0,6.263637,1.263637,0.263158,0.329665,0.066507,42.1053,57.8947,11,8,10
low_rejection_long,5.0,mid,10,-1.0,1.664044,2.664044,-0.1,0.166404,0.266404,30.0,40.0,4,6,4
low_rejection_long,6.0,all,29,4.0,5.631817,1.631817,0.137931,0.194201,0.05627,37.931,48.2759,14,15,11
low_rejection_long,6.0,high,19,5.0,4.898619,-0.101381,0.263158,0.257822,-0.005336,42.1053,52.6316,10,9,7
low_rejection_long,6.0,mid,10,-1.0,0.733198,1.733198,-0.1,0.07332,0.17332,30.0,40.0,4,6,4
low_rejection_long,8.0,all,29,4.0,6.413532,2.413532,0.137931,0.221156,0.083225,37.931,41.3793,12,17,6
low_rejection_long,8.0,high,19,5.0,6.71323,1.71323,0.263158,0.353328,0.09017,42.1053,47.3684,9,10,5
low_rejection_long,8.0,mid,10,-1.0,-0.299698,0.700302,-0.1,-0.02997,0.07003,30.0,30.0,3,7,1
low_rejection_long,10.0,all,29,4.0,6.714579,2.714579,0.137931,0.231537,0.093606,37.931,41.3793,12,17,5
low_rejection_long,10.0,high,19,5.0,7.506443,2.506443,0.263158,0.395076,0.131918,42.1053,47.3684,9,10,4
low_rejection_long,10.0,mid,10,-1.0,-0.791865,0.208135,-0.1,-0.079186,0.020814,30.0,30.0,3,7,1
overheated_24h,2.0,all,408,83.8,65.174817,-18.625183,0.205392,0.159742,-0.04565,40.4412,49.5098,202,206,331
overheated_24h,2.0,high,145,-9.0,7.916462,16.916462,-0.062069,0.054596,0.116665,31.7241,44.1379,64,81,109
overheated_24h,2.0,low,77,43.0,17.81854,-25.18146,0.558442,0.23141,-0.327032,51.9481,46.7532,36,41,68
overheated_24h,2.0,mid,186,49.8,39.439815,-10.360185,0.267742,0.212042,-0.0557,42.4731,54.8387,102,84,154
overheated_24h,3.0,all,408,83.8,73.397377,-10.402623,0.205392,0.179896,-0.025497,40.4412,48.2843,197,211,304
overheated_24h,3.0,high,145,-9.0,-1.588547,7.411453,-0.062069,-0.010955,0.051113,31.7241,42.069,61,84,109
overheated_24h,3.0,low,77,43.0,23.447054,-19.552946,0.558442,0.304507,-0.253934,51.9481,50.6494,39,38,57
overheated_24h,3.0,mid,186,49.8,51.53887,1.73887,0.267742,0.277091,0.009349,42.4731,52.1505,97,89,138
overheated_24h,4.0,all,408,83.8,107.845191,24.045191,0.205392,0.264326,0.058934,40.4412,47.0588,192,216,250
overheated_24h,4.0,high,145,-9.0,4.912328,13.912328,-0.062069,0.033878,0.095947,31.7241,40.6897,59,86,99
overheated_24h,4.0,low,77,43.0,42.079346,-0.920654,0.558442,0.546485,-0.011957,51.9481,57.1429,44,33,37
overheated_24h,4.0,mid,186,49.8,60.853517,11.053517,0.267742,0.327169,0.059428,42.4731,47.8495,89,97,114
overheated_24h,5.0,all,408,83.8,115.999125,32.199125,0.205392,0.284312,0.078919,40.4412,47.0588,192,216,212
overheated_24h,5.0,high,145,-9.0,-0.91302,8.08698,-0.062069,-0.006297,0.055772,31.7241,38.6207,56,89,94
overheated_24h,5.0,low,77,43.0,52.549683,9.549683,0.558442,0.682463,0.124022,51.9481,59.7403,46,31,25
overheated_24h,5.0,mid,186,49.8,64.362462,14.562462,0.267742,0.346035,0.078293,42.4731,48.3871,90,96,93
overheated_24h,6.0,all,408,83.8,117.696978,33.896978,0.205392,0.288473,0.083081,40.4412,45.3431,185,223,180
overheated_24h,6.0,high,145,-9.0,0.396797,9.396797,-0.062069,0.002737,0.064805,31.7241,35.8621,52,93,81
overheated_24h,6.0,low,77,43.0,49.020656,6.020656,0.558442,0.636632,0.07819,51.9481,55.8442,43,34,21
overheated_24h,6.0,mid,186,49.8,68.279525,18.479525,0.267742,0.367094,0.099352,42.4731,48.3871,90,96,78
overheated_24h,8.0,all,408,83.8,129.885425,46.085425,0.205392,0.318347,0.112954,40.4412,44.3627,181,227,102
overheated_24h,8.0,high,145,-9.0,5.096758,14.096758,-0.062069,0.03515,0.097219,31.7241,36.5517,53,92,55
overheated_24h,8.0,low,77,43.0,47.881269,4.881269,0.558442,0.621835,0.063393,51.9481,53.2468,41,36,10
overheated_24h,8.0,mid,186,49.8,76.907397,27.107397,0.267742,0.413481,0.145739,42.4731,46.7742,87,99,37
overheated_24h,10.0,all,408,83.8,118.41542,34.61542,0.205392,0.290234,0.084842,40.4412,42.402,173,235,71
overheated_24h,10.0,high,145,-9.0,1.245926,10.245926,-0.062069,0.008593,0.070662,31.7241,32.4138,47,98,42
overheated_24h,10.0,low,77,43.0,44.303235,1.303235,0.558442,0.575367,0.016925,51.9481,51.9481,40,37,4
overheated_24h,10.0,mid,186,49.8,72.866259,23.066259,0.267742,0.391754,0.124012,42.4731,46.2366,86,100,25
overheated_confirmed,2.0,all,212,57.5,33.412488,-24.087512,0.271226,0.157606,-0.11362,42.9245,49.0566,104,108,157
overheated_confirmed,2.0,high,77,-1.5,8.217411,9.717411,-0.019481,0.10672,0.1262,33.7662,46.7532,36,41,57
overheated_confirmed,2.0,low,40,29.0,9.313642,-19.686358,0.725,0.232841,-0.492159,57.5,42.5,17,23,29
overheated_confirmed,2.0,mid,95,30.0,15.881435,-14.118565,0.315789,0.167173,-0.148616,44.2105,53.6842,51,44,71
overheated_confirmed,3.0,all,212,57.5,38.557003,-18.942997,0.271226,0.181873,-0.089354,42.9245,46.6981,99,113,144
overheated_confirmed,3.0,high,77,-1.5,6.198057,7.698057,-0.019481,0.080494,0.099975,33.7662,48.0519,37,40,56
overheated_confirmed,3.0,low,40,29.0,13.752673,-15.247327,0.725,0.343817,-0.381183,57.5,47.5,19,21,23
overheated_confirmed,3.0,mid,95,30.0,18.606273,-11.393727,0.315789,0.195856,-0.119934,44.2105,45.2632,43,52,65
overheated_confirmed,4.0,all,212,57.5,51.635983,-5.864017,0.271226,0.243566,-0.02766,42.9245,48.1132,102,110,119
overheated_confirmed,4.0,high,77,-1.5,1.510146,3.010146,-0.019481,0.019612,0.039093,33.7662,46.7532,36,41,54
overheated_confirmed,4.0,low,40,29.0,19.972545,-9.027455,0.725,0.499314,-0.225686,57.5,55.0,22,18,13
overheated_confirmed,4.0,mid,95,30.0,30.153293,0.153293,0.315789,0.317403,0.001614,44.2105,46.3158,44,51,52
overheated_confirmed,5.0,all,212,57.5,55.832542,-1.667458,0.271226,0.263361,-0.007865,42.9245,46.2264,98,114,100
overheated_confirmed,5.0,high,77,-1.5,-2.120601,-0.620601,-0.019481,-0.02754,-0.00806,33.7662,44.1558,34,43,49
overheated_confirmed,5.0,low,40,29.0,30.204852,1.204852,0.725,0.755121,0.030121,57.5,57.5,23,17,7
overheated_confirmed,5.0,mid,95,30.0,27.74829,-2.25171,0.315789,0.292087,-0.023702,44.2105,43.1579,41,54,44
overheated_confirmed,6.0,all,212,57.5,64.629819,7.129819,0.271226,0.304858,0.033631,42.9245,45.7547,97,115,79
overheated_confirmed,6.0,high,77,-1.5,-0.247321,1.252679,-0.019481,-0.003212,0.016269,33.7662,40.2597,31,46,45
overheated_confirmed,6.0,low,40,29.0,28.553797,-0.446203,0.725,0.713845,-0.011155,57.5,57.5,23,17,5
overheated_confirmed,6.0,mid,95,30.0,36.323344,6.323344,0.315789,0.382351,0.066562,44.2105,45.2632,43,52,29
overheated_confirmed,8.0,all,212,57.5,66.468751,8.968751,0.271226,0.313532,0.042305,42.9245,43.3962,92,120,56
overheated_confirmed,8.0,high,77,-1.5,0.013602,1.513602,-0.019481,0.000177,0.019657,33.7662,33.7662,26,51,35
overheated_confirmed,8.0,low,40,29.0,26.661342,-2.338658,0.725,0.666534,-0.058466,57.5,55.0,22,18,1
overheated_confirmed,8.0,mid,95,30.0,39.793807,9.793807,0.315789,0.418882,0.103093,44.2105,46.3158,44,51,20
overheated_confirmed,10.0,all,212,57.5,62.83865,5.33865,0.271226,0.296409,0.025182,42.9245,43.8679,93,119,35
overheated_confirmed,10.0,high,77,-1.5,-0.601452,0.898548,-0.019481,-0.007811,0.011669,33.7662,35.0649,27,50,24
overheated_confirmed,10.0,low,40,29.0,26.117957,-2.882043,0.725,0.652949,-0.072051,57.5,55.0,22,18,1
overheated_confirmed,10.0,mid,95,30.0,37.322146,7.322146,0.315789,0.392865,0.077075,44.2105,46.3158,44,51,10
overheated_early,2.0,all,175,59.0,30.067019,-28.932981,0.337143,0.171812,-0.165331,44.5714,53.7143,94,81,156
overheated_early,2.0,high,78,12.0,2.296672,-9.703328,0.153846,0.029445,-0.124402,38.4615,51.2821,40,38,72
overheated_early,2.0,low,13,17.0,6.393176,-10.606824,1.307692,0.491783,-0.81591,76.9231,76.9231,10,3,11
overheated_early,2.0,mid,84,30.0,21.377171,-8.622829,0.357143,0.25449,-0.102653,45.2381,52.381,44,40,73
overheated_early,3.0,all,175,59.0,42.85946,-16.14054,0.337143,0.244911,-0.092232,44.5714,51.4286,90,85,144
overheated_early,3.0,high,78,12.0,-0.592481,-12.592481,0.153846,-0.007596,-0.161442,38.4615,44.8718,35,43,71
overheated_early,3.0,low,13,17.0,9.106303,-7.893697,1.307692,0.700485,-0.607207,76.9231,84.6154,11,2,10
overheated_early,3.0,mid,84,30.0,34.345639,4.345639,0.357143,0.408877,0.051734,45.2381,52.381,44,40,63
overheated_early,4.0,all,175,59.0,60.131467,1.131467,0.337143,0.343608,0.006466,44.5714,50.8571,89,86,127
overheated_early,4.0,high,78,12.0,4.72319,-7.27681,0.153846,0.060554,-0.093292,38.4615,42.3077,33,45,66
overheated_early,4.0,low,13,17.0,12.853603,-4.146397,1.307692,0.988739,-0.318954,76.9231,84.6154,11,2,7
overheated_early,4.0,mid,84,30.0,42.554674,12.554674,0.357143,0.506603,0.14946,45.2381,53.5714,45,39,54
overheated_early,5.0,all,175,59.0,57.874477,-1.125523,0.337143,0.330711,-0.006432,44.5714,46.2857,81,94,112
overheated_early,5.0,high,78,12.0,-1.488922,-13.488922,0.153846,-0.019089,-0.172935,38.4615,33.3333,26,52,61
overheated_early,5.0,low,13,17.0,16.559717,-0.440283,1.307692,1.273824,-0.033868,76.9231,76.9231,10,3,4
overheated_early,5.0,mid,84,30.0,42.803682,12.803682,0.357143,0.509568,0.152425,45.2381,53.5714,45,39,47
overheated_early,6.0,all,175,59.0,68.019705,9.019705,0.337143,0.388684,0.051541,44.5714,46.2857,81,94,97
overheated_early,6.0,high,78,12.0,7.009497,-4.990503,0.153846,0.089865,-0.063981,38.4615,37.1795,29,49,53
overheated_early,6.0,low,13,17.0,18.313308,1.313308,1.307692,1.408716,0.101024,76.9231,84.6154,11,2,2
overheated_early,6.0,mid,84,30.0,42.6969,12.6969,0.357143,0.508296,0.151154,45.2381,48.8095,41,43,42
overheated_early,8.0,all,175,59.0,72.66202,13.66202,0.337143,0.415212,0.078069,44.5714,46.2857,81,94,68
overheated_early,8.0,high,78,12.0,11.757391,-0.242609,0.153846,0.150736,-0.00311,38.4615,38.4615,30,48,38
overheated_early,8.0,low,13,17.0,17.444863,0.444863,1.307692,1.341913,0.03422,76.9231,76.9231,10,3,1
overheated_early,8.0,mid,84,30.0,43.459766,13.459766,0.357143,0.517378,0.160235,45.2381,48.8095,41,43,29
overheated_early,10.0,all,175,59.0,67.034727,8.034727,0.337143,0.383056,0.045913,44.5714,46.8571,82,93,48
overheated_early,10.0,high,78,12.0,7.751162,-4.248838,0.153846,0.099374,-0.054472,38.4615,38.4615,30,48,33
overheated_early,10.0,low,13,17.0,17.0,0.0,1.307692,1.307692,0.0,76.9231,76.9231,10,3,0
overheated_early,10.0,mid,84,30.0,42.283565,12.283565,0.357143,0.503376,0.146233,45.2381,50.0,42,42,15
oversold_24h,2.0,all,478,49.0,-0.812816,-49.812816,0.10251,-0.0017,-0.104211,39.5397,38.7029,185,293,379
oversold_24h,2.0,high,209,26.4,10.448376,-15.951624,0.126316,0.049992,-0.076324,40.6699,43.5407,91,118,152
oversold_24h,2.0,low,115,20.6,1.692672,-18.907328,0.17913,0.014719,-0.164412,41.7391,37.3913,43,72,94
oversold_24h,2.0,mid,154,2.0,-12.953864,-14.953864,0.012987,-0.084116,-0.097103,36.3636,33.1169,51,103,133
oversold_24h,3.0,all,478,49.0,-12.545072,-61.545072,0.10251,-0.026245,-0.128755,39.5397,34.1004,163,315,334
oversold_24h,3.0,high,209,26.4,6.699265,-19.700735,0.126316,0.032054,-0.094262,40.6699,35.4067,74,135,136
oversold_24h,3.0,low,115,20.6,-4.642159,-25.242159,0.17913,-0.040367,-0.219497,41.7391,34.7826,40,75,85
oversold_24h,3.0,mid,154,2.0,-14.602178,-16.602178,0.012987,-0.094819,-0.107806,36.3636,31.8182,49,105,113
oversold_24h,4.0,all,478,49.0,-16.869764,-65.869764,0.10251,-0.035292,-0.137803,39.5397,33.682,161,317,261
oversold_24h,4.0,high,209,26.4,12.919944,-13.480056,0.126316,0.061818,-0.064498,40.6699,36.8421,77,132,113
oversold_24h,4.0,low,115,20.6,-12.362877,-32.962877,0.17913,-0.107503,-0.286634,41.7391,31.3043,36,79,63
oversold_24h,4.0,mid,154,2.0,-17.426832,-19.426832,0.012987,-0.113161,-0.126148,36.3636,31.1688,48,106,85
oversold_24h,5.0,all,478,49.0,-7.670088,-56.670088,0.10251,-0.016046,-0.118557,39.5397,36.1925,173,305,201
oversold_24h,5.0,high,209,26.4,10.21925,-16.18075,0.126316,0.048896,-0.07742,40.6699,39.2344,82,127,90
oversold_24h,5.0,low,115,20.6,-8.932626,-29.532626,0.17913,-0.077675,-0.256805,41.7391,33.913,39,76,47
oversold_24h,5.0,mid,154,2.0,-8.956712,-10.956712,0.012987,-0.05816,-0.071147,36.3636,33.7662,52,102,64
oversold_24h,6.0,all,478,49.0,-2.198642,-51.198642,0.10251,-0.0046,-0.10711,39.5397,36.6109,175,303,167
oversold_24h,6.0,high,209,26.4,15.519188,-10.880812,0.126316,0.074254,-0.052061,40.6699,41.1483,86,123,76
oversold_24h,6.0,low,115,20.6,-9.008955,-29.608955,0.17913,-0.078339,-0.257469,41.7391,31.3043,36,79,39
oversold_24h,6.0,mid,154,2.0,-8.708875,-10.708875,0.012987,-0.056551,-0.069538,36.3636,34.4156,53,101,52
oversold_24h,8.0,all,478,49.0,3.733643,-45.266357,0.10251,0.007811,-0.094699,39.5397,37.2385,178,300,129
oversold_24h,8.0,high,209,26.4,19.274254,-7.125746,0.126316,0.092221,-0.034094,40.6699,41.1483,86,123,68
oversold_24h,8.0,low,115,20.6,-5.174263,-25.774263,0.17913,-0.044994,-0.224124,41.7391,33.913,39,76,23
oversold_24h,8.0,mid,154,2.0,-10.366348,-12.366348,0.012987,-0.067314,-0.080301,36.3636,34.4156,53,101,38
oversold_24h,10.0,all,478,49.0,14.183391,-34.816609,0.10251,0.029672,-0.072838,39.5397,37.0293,177,301,86
oversold_24h,10.0,high,209,26.4,22.383904,-4.016096,0.126316,0.1071,-0.019216,40.6699,39.7129,83,126,47
oversold_24h,10.0,low,115,20.6,1.264796,-19.335204,0.17913,0.010998,-0.168132,41.7391,35.6522,41,74,12
oversold_24h,10.0,mid,154,2.0,-9.46531,-11.46531,0.012987,-0.061463,-0.07445,36.3636,34.4156,53,101,27
