id,ts_open,ts_open_utc,ts_close,ts_close_utc,symbol,direction,status,entry_price,sl_price,tp_price,exit_price,result_r,fix_cohort_by_close
3749,1787358988,2026-08-22T00:36:28+00:00,1787426290,2026-08-22T19:18:10+00:00,TUTUSDT,LONG,tp,0.040705,0.03327142857142857,0.055572142857142855,0.056312,2.0995291630633233,post_fix
4079,1787426970,2026-08-22T19:29:30+00:00,1787432712,2026-08-22T21:05:12+00:00,DASHUSDT,LONG,sl,43.83,41.309999999999995,48.87,41.309999999999995,-1.0,post_fix
3848,1787380856,2026-08-22T06:40:56+00:00,1787434703,2026-08-22T21:38:23+00:00,WIFUSDT,LONG,sl,0.204,0.19471607142857142,0.22256785714285712,0.1947,-1.0017311021350237,post_fix
3959,1787397790,2026-08-22T11:23:10+00:00,1787434815,2026-08-22T21:40:15+00:00,MELANIAUSDT,LONG,sl,0.11198,0.10428982142857142,0.12736035714285715,0.10428982142857142,-1.0,post_fix
3719,1787340974,2026-08-21T19:36:14+00:00,1787434873,2026-08-22T21:41:13+00:00,BERAUSDT,LONG,sl,0.1928,0.18506964285714286,0.20826071428571427,0.185,-1.00900900900901,post_fix
3885,1787383289,2026-08-22T07:21:29+00:00,1787440756,2026-08-22T23:19:16+00:00,MUBARAKUSDT,LONG,sl,0.02554,0.023120714285714286,0.03037857142857143,0.023120714285714286,-1.0,post_fix
3055,1787229529,2026-08-20T12:38:49+00:00,1787442552,2026-08-22T23:49:12+00:00,牛来USDT,LONG,sl,0.0587,0.0439875,0.08812500000000001,0.04358,-1.027697536108751,post_fix
2672,1787163216,2026-08-19T18:13:36+00:00,1787462600,2026-08-23T05:23:20+00:00,STARUSDT,LONG,sl,0.13844,0.12231660714285715,0.17068678571428572,0.1206,-1.1064668682371448,post_fix
3973,1787400469,2026-08-22T12:07:49+00:00,1787462600,2026-08-23T05:23:20+00:00,POLUSDT,LONG,sl,0.10945,0.10347035714285716,0.12140928571428572,0.10234,-1.189034223257483,post_fix
4124,1787432272,2026-08-22T20:57:52+00:00,1787462646,2026-08-23T05:24:06+00:00,CROSSUSDT,LONG,sl,0.12468,0.11460375,0.14483249999999998,0.11398,-1.0619029897035115,post_fix
3802,1787361578,2026-08-22T01:19:38+00:00,1787464325,2026-08-23T05:52:05+00:00,APRUSDT,LONG,sl,0.21434,0.19658214285714284,0.24985571428571432,0.19455,-1.1144362656369404,post_fix
3718,1787340962,2026-08-21T19:36:02+00:00,1787464857,2026-08-23T06:00:57+00:00,NILUSDT,LONG,sl,0.04628,0.04234142857142857,0.05415714285714286,0.0423,-1.0105186797243388,post_fix
3829,1787380494,2026-08-22T06:34:54+00:00,1787485954,2026-08-23T11:52:34+00:00,AAVEUSDT,LONG,tp,119.14,114.39571428571429,128.62857142857143,128.89,2.0551038843721763,post_fix
4071,1787422411,2026-08-22T18:13:31+00:00,1787491143,2026-08-23T13:19:03+00:00,STXUSDT,LONG,tp,0.218,0.2065357142857143,0.24092857142857144,0.242,2.0934579439252348,post_fix
3955,1787397753,2026-08-22T11:22:33+00:00,1787494173,2026-08-23T14:09:33+00:00,ZECUSDT,LONG,tp,781.03,735.5591071428571,871.9717857142857,871.9717857142857,2.0,post_fix
4019,1787414291,2026-08-22T15:58:11+00:00,1787495191,2026-08-23T14:26:31+00:00,TRUMPUSDT,LONG,tp,2.423,2.1876607142857143,2.8936785714285715,2.899,2.0226117307838223,post_fix
4289,1787489813,2026-08-23T12:56:53+00:00,1787496267,2026-08-23T14:44:27+00:00,FFUSDT,LONG,sl,0.08669,0.08296732142857143,0.09413535714285715,0.08296732142857143,-1.0,post_fix
2797,1787208073,2026-08-20T06:41:13+00:00,1787498248,2026-08-23T15:17:28+00:00,SKYAIUSDT,LONG,sl,0.07223,0.063875,0.08894,0.063875,-1.0,post_fix
3889,1787383375,2026-08-22T07:22:55+00:00,1787503499,2026-08-23T16:44:59+00:00,USELESSUSDT,LONG,tp,0.06441,0.06004928571428571,0.07313142857142857,0.07319,2.013431613431615,post_fix
3714,1787340881,2026-08-21T19:34:41+00:00,1787529874,2026-08-24T00:04:34+00:00,STABLEUSDT,LONG,sl,0.0322,0.030352857142857143,0.03589428571428571,0.03029,-1.0340293890177878,post_fix
3881,1787383204,2026-08-22T07:20:04+00:00,1787552891,2026-08-24T06:28:11+00:00,PROMUSDT,LONG,tp,2.814,2.5965535714285717,3.2488928571428572,3.541,3.3433522214010045,post_fix
3974,1787400477,2026-08-22T12:07:57+00:00,1787552891,2026-08-24T06:28:11+00:00,LITUSDT,LONG,tp,3.157,2.9219285714285714,3.6271428571428572,3.687,2.2546338498936485,post_fix
4170,1787462913,2026-08-23T05:28:33+00:00,1787552891,2026-08-24T06:28:11+00:00,TUTUSDT,LONG,tp,0.0586,0.05036108928571428,0.07507782142857142,0.07524,2.0196844676502397,post_fix
4360,1787523308,2026-08-23T22:15:08+00:00,1787553508,2026-08-24T06:38:28+00:00,UAIUSDT,LONG,tp,0.27951,0.25466517857142856,0.3291996428571428,0.3291996428571428,2.0,post_fix
4281,1787485723,2026-08-23T11:48:43+00:00,1787559792,2026-08-24T08:23:12+00:00,ZROUSDT,LONG,sl,1.223,1.135357142857143,1.3982857142857144,1.135,-1.004074979625103,post_fix
3647,1787318827,2026-08-21T13:27:07+00:00,1787565924,2026-08-24T10:05:24+00:00,BLESSUSDT,LONG,tp,0.008313,0.007649089285714285,0.009640821428571427,0.009641,2.0002689690416653,post_fix
4312,1787498628,2026-08-23T15:23:48+00:00,1787566737,2026-08-24T10:18:57+00:00,ENAUSDT,LONG,sl,0.17331,0.15793714285714286,0.20405571428571428,0.1577,-1.0154260756435272,post_fix
4399,1787569581,2026-08-24T11:06:21+00:00,1787571974,2026-08-24T11:46:14+00:00,TUTUSDT,LONG,sl,0.079014,0.06737426785714286,0.10229346428571429,0.067365,-1.0007962259809005,post_fix
4403,1787573328,2026-08-24T12:08:48+00:00,1787576070,2026-08-24T12:54:30+00:00,SUPERUSDT,LONG,tp,0.1149,0.109425,0.12585000000000002,0.1266,2.136986301369858,post_fix
4391,1787562277,2026-08-24T09:04:37+00:00,1787577867,2026-08-24T13:24:27+00:00,RATSUSDT,LONG,sl,4.745e-05,4.379214285714286e-05,5.4765714285714284e-05,4.289e-05,-1.2466315172817823,post_fix
4393,1787564085,2026-08-24T09:34:45+00:00,1787578477,2026-08-24T13:34:37+00:00,PTBUSDT,LONG,sl,0.0008769,0.00079275,0.0010452,0.0007877,-1.0600118835412957,post_fix
4371,1787553362,2026-08-24T06:36:02+00:00,1787579230,2026-08-24T13:47:10+00:00,SPKUSDT,LONG,sl,0.02229,0.020418214285714286,0.02603357142857143,0.020418214285714286,-1.0,post_fix
4373,1787553531,2026-08-24T06:38:51+00:00,1787586967,2026-08-24T15:56:07+00:00,AAVEUSDT,LONG,sl,141.72,133.08482142857142,158.99035714285714,133.08482142857142,-1.0,post_fix
4499,1787588987,2026-08-24T16:29:47+00:00,1787590440,2026-08-24T16:54:00+00:00,STORJUSDT,LONG,tp,0.04896,0.04481946428571428,0.057241071428571426,0.057241071428571426,2.0,post_fix
4369,1787553329,2026-08-24T06:35:29+00:00,1787590659,2026-08-24T16:57:39+00:00,LITUSDT,LONG,sl,3.64,3.305607142857143,4.308785714285714,3.286,-1.0586350528676716,post_fix
3764,1787359183,2026-08-22T00:39:43+00:00,1787625576,2026-08-25T02:39:36+00:00,BONKUSDT,LONG,tp,3.138e-06,3.0092142857142855e-06,3.3955714285714286e-06,3.3955714285714286e-06,2.0,post_fix
4406,1787574821,2026-08-24T12:33:41+00:00,1787627988,2026-08-25T03:19:48+00:00,PROMUSDT,LONG,tp,3.577,3.196160714285714,4.338678571428572,4.338678571428572,2.0,post_fix
4502,1787590185,2026-08-24T16:49:45+00:00,1787638589,2026-08-25T06:16:29+00:00,SUPERUSDT,LONG,sl,0.1221,0.11551607142857143,0.13526785714285713,0.1135,-1.3062110116625973,post_fix
4538,1787598191,2026-08-24T19:03:11+00:00,1787644821,2026-08-25T08:00:21+00:00,UAIUSDT,LONG,sl,0.36315,0.33137142857142854,0.42670714285714284,0.32483,-1.2058440098898615,post_fix
4402,1787572024,2026-08-24T11:47:04+00:00,1787676185,2026-08-25T16:43:05+00:00,ZAMAUSDT,LONG,sl,0.06202,0.05651875,0.0730225,0.05614,-1.0688479890933873,post_fix
4563,1787603602,2026-08-24T20:33:22+00:00,1787676185,2026-08-25T16:43:05+00:00,STORJUSDT,LONG,sl,0.04907,0.04412375,0.0589625,0.04407,-1.0108668182966905,post_fix
4702,1787635421,2026-08-25T05:23:41+00:00,1787676185,2026-08-25T16:43:05+00:00,CTRUSDT,LONG,sl,0.00899,0.00856732142857143,0.009835357142857142,0.0085,-1.1592733417828482,post_fix
4384,1787555440,2026-08-24T07:10:40+00:00,1787676257,2026-08-25T16:44:17+00:00,MORPHOUSDT,LONG,sl,2.7435,2.5482,3.1341,2.547,-1.0061443932411667,post_fix
4674,1787630619,2026-08-25T04:03:39+00:00,1787682545,2026-08-25T18:29:05+00:00,STARUSDT,LONG,tp,0.13767,0.12279267857142855,0.16742464285714287,0.17102,2.241666966739884,post_fix
4375,1787553658,2026-08-24T06:40:58+00:00,1787718733,2026-08-26T04:32:13+00:00,SCRTUSDT,LONG,sl,0.01943,0.015920535714285713,0.026448928571428568,0.01468,-1.3534829288149388,post_fix
4730,1787643227,2026-08-25T07:33:47+00:00,1787719532,2026-08-26T04:45:32+00:00,TACUSDT,LONG,tp,0.002491,0.0021592857142857143,0.0031544285714285715,0.0031544285714285715,1.9999999999999987,post_fix
4870,1787683171,2026-08-25T18:39:31+00:00,1787723768,2026-08-26T05:56:08+00:00,JASMYUSDT,LONG,sl,0.005172,0.004825553571428572,0.005864892857142858,0.004825553571428572,-1.0,post_fix
4711,1787637818,2026-08-25T06:03:38+00:00,1787723963,2026-08-26T05:59:23+00:00,PROMUSDT,LONG,sl,4.329,3.861267857142857,5.264464285714285,3.861267857142857,-1.0,post_fix
4018,1787414135,2026-08-22T15:55:35+00:00,1787725073,2026-08-26T06:17:53+00:00,CVXUSDT,LONG,sl,2.117,2.003589285714286,2.3438214285714283,2.003,-1.0051960321209261,post_fix
4383,1787555033,2026-08-24T07:03:53+00:00,1787726294,2026-08-26T06:38:14+00:00,GRASSUSDT,LONG,sl,0.3675,0.33579642857142855,0.4309071428571429,0.3352,-1.018812661935338,post_fix
4347,1787511270,2026-08-23T18:54:30+00:00,1787728565,2026-08-26T07:16:05+00:00,CYSUSDT,LONG,tp,0.6015,0.5452875,0.713925,0.718,2.07249277295975,post_fix
4880,1787719067,2026-08-26T04:37:47+00:00,1787740197,2026-08-26T10:29:57+00:00,BMTUSDT,LONG,tp,0.0223,0.020203214285714286,0.02649357142857143,0.02691,2.1986033043774484,post_fix
3839,1787380673,2026-08-22T06:37:53+00:00,1787740335,2026-08-26T10:32:15+00:00,PEPEUSDT,LONG,sl,3.996e-06,3.7903928571428576e-06,4.407214285714286e-06,3.789e-06,-1.0067743616466929,post_fix
2671,1787163200,2026-08-19T18:13:20+00:00,1787741470,2026-08-26T10:51:10+00:00,BRUSDT,LONG,tp,0.22981,0.20537928571428568,0.27867142857142857,0.28061,2.0793497646405283,post_fix
4628,1787623431,2026-08-25T02:03:51+00:00,1787758279,2026-08-26T15:31:19+00:00,VIRTUALUSDT,LONG,sl,0.8048,0.7435357142857142,0.9273285714285714,0.7299,-1.2225719948699996,post_fix
4710,1787637223,2026-08-25T05:53:43+00:00,1787758279,2026-08-26T15:31:19+00:00,ONGUSDT,LONG,tp,0.0851,0.06445732142857144,0.12638535714285712,0.16878,4.053737489078629,post_fix
4731,1787643230,2026-08-25T07:33:50+00:00,1787758279,2026-08-26T15:31:19+00:00,POLUSDT,LONG,sl,0.12283,0.1141975,0.140095,0.11263,-1.1815812337098175,post_fix
4869,1787683163,2026-08-25T18:39:23+00:00,1787758279,2026-08-26T15:31:19+00:00,ZROUSDT,LONG,sl,1.261,1.138642857142857,1.5057142857142858,1.133,-1.0461179217746637,post_fix
4991,1787745913,2026-08-26T12:05:13+00:00,1787758279,2026-08-26T15:31:19+00:00,BICOUSDT,LONG,tp,0.02289,0.021041785714285714,0.02658642857142857,0.0266,2.0073429951690804,post_fix
4993,1787746226,2026-08-26T12:10:26+00:00,1787758772,2026-08-26T15:39:32+00:00,TACUSDT,LONG,tp,0.003679,0.003158285714285714,0.004720428571428572,0.004720428571428572,2.0,post_fix
4626,1787623416,2026-08-25T02:03:36+00:00,1787759561,2026-08-26T15:52:41+00:00,AEROUSDT,LONG,sl,0.5389,0.5087017857142858,0.5992964285714286,0.5087017857142858,-1.0,post_fix
4937,1787740531,2026-08-26T10:35:31+00:00,1787759764,2026-08-26T15:56:04+00:00,BMTUSDT,LONG,sl,0.02615,0.02392142857142857,0.030607142857142857,0.02392142857142857,-1.0,post_fix
3017,1787227865,2026-08-20T12:11:05+00:00,1787830558,2026-08-27T11:35:58+00:00,CHIPUSDT,LONG,tp,0.03089,0.027820892857142857,0.03702821428571429,0.03718,2.049455984174083,post_fix
4992,1787746213,2026-08-26T12:10:13+00:00,1787830558,2026-08-27T11:35:58+00:00,BOBUSDT,LONG,sl,0.005647,0.005323535714285715,0.006293928571428572,0.004862,-2.4268521585513994,post_fix
5197,1787837467,2026-08-27T13:31:07+00:00,1787837556,2026-08-27T13:32:36+00:00,OKTAUSDT,LONG,sl,162.93,158.13964285714286,172.5107142857143,158.13964285714286,-1.0,post_fix
5161,1787832365,2026-08-27T12:06:05+00:00,1787839772,2026-08-27T14:09:32+00:00,MAGMAUSDT,LONG,tp,0.30416,0.2778017857142857,0.35687642857142854,0.35687642857142854,2.0,post_fix
5194,1787836870,2026-08-27T13:21:10+00:00,1787846443,2026-08-27T16:00:43+00:00,CHIPUSDT,LONG,tp,0.03813,0.03548571428571429,0.043418571428571424,0.043418571428571424,2.0000000000000027,post_fix
5126,1787831201,2026-08-27T11:46:41+00:00,1787847483,2026-08-27T16:18:03+00:00,MOVRUSDT,LONG,tp,0.917,0.8477321428571429,1.0555357142857142,1.056,2.006702758442899,post_fix
5156,1787832066,2026-08-27T12:01:06+00:00,1787851451,2026-08-27T17:24:11+00:00,KMNOUSDT,LONG,tp,0.02778,0.026338392857142855,0.030663214285714287,0.03069,2.0185804533630605,post_fix
5199,1787838072,2026-08-27T13:41:12+00:00,1787852354,2026-08-27T17:39:14+00:00,CRMUSDT,LONG,tp,239.06,233.24428571428572,250.6914285714286,250.6914285714286,2.000000000000005,post_fix
5311,1787850073,2026-08-27T17:01:13+00:00,1787853778,2026-08-27T18:02:58+00:00,MOVRUSDT,LONG,sl,1.033,0.9491071428571428,1.2007857142857141,0.9491071428571428,-1.0,post_fix
5225,1787841062,2026-08-27T14:31:02+00:00,1787855171,2026-08-27T18:26:11+00:00,INTWUSDT,LONG,sl,19.63,18.794821428571428,21.30035714285714,18.77,-1.0297199059225997,post_fix
5125,1787831198,2026-08-27T11:46:38+00:00,1787855702,2026-08-27T18:35:02+00:00,RUNEUSDT,LONG,sl,0.5662,0.5429392857142857,0.6127214285714286,0.5393,-1.1564563181329657,post_fix
5266,1787846167,2026-08-27T15:56:07+00:00,1787856388,2026-08-27T18:46:28+00:00,ACUUSDT,LONG,sl,0.1499,0.14012910714285715,0.16944178571428573,0.14012910714285715,-1.0,post_fix
5140,1787831472,2026-08-27T11:51:12+00:00,1787857388,2026-08-27T19:03:08+00:00,VETUSDT,LONG,tp,0.00694,0.006603732142857143,0.007612535714285714,0.007612535714285714,2.0,post_fix
5375,1787861732,2026-08-27T20:15:32+00:00,1787862687,2026-08-27T20:31:27+00:00,ASTEROIDUSDT,LONG,sl,6.5e-05,5.839464285714285e-05,7.821071428571429e-05,5.83e-05,-1.0143281968099471,post_fix
5247,1787845574,2026-08-27T15:46:14+00:00,1787863763,2026-08-27T20:49:23+00:00,SKRUSDT,LONG,tp,0.008882,0.008469285714285714,0.00970742857142857,0.00970742857142857,2.0,post_fix
5306,1787848869,2026-08-27T16:41:09+00:00,1787872528,2026-08-27T23:15:28+00:00,BLESSUSDT,LONG,tp,0.010998,0.010145892857142859,0.012702214285714285,0.012715,2.015004819984074,post_fix
5139,1787831467,2026-08-27T11:51:07+00:00,1787873048,2026-08-27T23:24:08+00:00,HEMIUSDT,LONG,tp,0.009106,0.008260803571428572,0.010796392857142857,0.010798,2.00190150218673,post_fix
5245,1787844967,2026-08-27T15:36:07+00:00,1787877356,2026-08-28T00:35:56+00:00,HFTUSDT,LONG,tp,0.00678,0.006345535714285714,0.007648928571428571,0.008,2.8080558980682317,post_fix
5310,1787850069,2026-08-27T17:01:09+00:00,1787877860,2026-08-28T00:44:20+00:00,4USDT,LONG,tp,0.012625,0.01184269642857143,0.014189607142857143,0.014306,2.1487822137003807,post_fix
5408,1787868205,2026-08-27T22:03:25+00:00,1787877969,2026-08-28T00:46:09+00:00,KMNOUSDT,LONG,sl,0.02993,0.02837910714285714,0.033031785714285715,0.02798,-1.2573402417961974,post_fix
5189,1787836266,2026-08-27T13:11:06+00:00,1787882329,2026-08-28T01:58:49+00:00,BEAMXUSDT,LONG,sl,0.00181,0.0017158214285714285,0.001998357142857143,0.001708,-1.0830489192263921,post_fix
4905,1787726416,2026-08-26T06:40:16+00:00,1787882765,2026-08-28T02:06:05+00:00,EDENUSDT,LONG,tp,0.05526,0.051514821428571424,0.06275035714285714,0.06283,2.021265436513612,post_fix
5227,1787841668,2026-08-27T14:41:08+00:00,1787883771,2026-08-28T02:22:51+00:00,CASHCATUSDT,LONG,sl,0.251,0.204545,0.34391,0.20453,-1.0003228931223769,post_fix
5472,1787879171,2026-08-28T01:06:11+00:00,1787884322,2026-08-28T02:32:02+00:00,4USDT,LONG,sl,0.013762,0.012945142857142856,0.015395714285714285,0.012877,-1.0834207764952777,post_fix
5477,1787879772,2026-08-28T01:16:12+00:00,1787885228,2026-08-28T02:47:08+00:00,BMTUSDT,LONG,sl,0.02631,0.023466964285714285,0.03199607142857143,0.02346,-1.0024495948746932,post_fix
5322,1787851280,2026-08-27T17:21:20+00:00,1787885275,2026-08-28T02:47:55+00:00,CHIPUSDT,LONG,sl,0.04117,0.03820535714285714,0.04709928571428571,0.03820535714285714,-1.0,post_fix
5235,1787843163,2026-08-27T15:06:03+00:00,1787885301,2026-08-28T02:48:21+00:00,USELESSUSDT,LONG,sl,0.07186,0.06651357142857142,0.08255285714285714,0.06651357142857142,-1.0,post_fix
3366,1787291030,2026-08-21T05:43:50+00:00,1787886469,2026-08-28T03:07:49+00:00,ANDURILUSDT,LONG,sl,128.48,121.0630357142857,143.31392857142856,114.19,-1.926664259058624,post_fix
5438,1787877698,2026-08-28T00:41:38+00:00,1787887974,2026-08-28T03:32:54+00:00,BLESSUSDT,LONG,sl,0.01149,0.010567982142857143,0.013334035714285715,0.010567982142857143,-1.0,post_fix
5238,1787843762,2026-08-27T15:16:02+00:00,1787897104,2026-08-28T06:05:04+00:00,CLOUSDT,LONG,sl,0.10676,0.09804232142857142,0.12419535714285714,0.09804232142857142,-1.0,post_fix
4875,1787719036,2026-08-26T04:37:16+00:00,1787897222,2026-08-28T06:07:02+00:00,龙虾USDT,LONG,tp,0.033298,0.02885307142857143,0.042187857142857145,0.042682,2.1111700332642327,post_fix
5491,1787882178,2026-08-28T01:56:18+00:00,1787899677,2026-08-28T06:47:57+00:00,HFTUSDT,LONG,tp,0.00727,0.006773928571428572,0.008262142857142857,0.008262142857142857,2.0,post_fix
5717,1787899970,2026-08-28T06:52:50+00:00,1787900381,2026-08-28T06:59:41+00:00,HFTUSDT,LONG,tp,0.00819,0.007634464285714285,0.009301071428571428,0.00932,2.034072645451625,post_fix
4916,1787732369,2026-08-26T08:19:29+00:00,1787901818,2026-08-28T07:23:38+00:00,LIGHTUSDT,LONG,tp,0.1735,0.16023035714285713,0.2000392857142857,0.2000392857142857,2.0,post_fix
5509,1787884284,2026-08-28T02:31:24+00:00,1787902273,2026-08-28T07:31:13+00:00,HEMIUSDT,LONG,tp,0.01043,0.009416267857142857,0.012457464285714285,0.012457464285714285,2.0,post_fix
5493,1787882496,2026-08-28T02:01:36+00:00,1787904201,2026-08-28T08:03:21+00:00,MAGMAUSDT,LONG,tp,0.34268,0.31313642857142854,0.4017671428571428,0.4017671428571428,1.9999999999999982,post_fix
5736,1787904178,2026-08-28T08:02:58+00:00,1787904281,2026-08-28T08:04:41+00:00,QUSDT,LONG,sl,0.027111,0.025987285714285713,0.02935842857142857,0.025626,-1.3215102974828363,post_fix
5512,1787884585,2026-08-28T02:36:25+00:00,1787909743,2026-08-28T09:35:43+00:00,SKRUSDT,LONG,sl,0.010715,0.010238535714285716,0.011667928571428572,0.010238535714285716,-1.0,post_fix
5122,1787831183,2026-08-27T11:46:23+00:00,1787909978,2026-08-28T09:39:38+00:00,TUTUSDT,LONG,sl,0.058282,0.04429642857142857,0.08625314285714286,0.04429642857142857,-1.0,post_fix
5350,1787859089,2026-08-27T19:31:29+00:00,1787911545,2026-08-28T10:05:45+00:00,VETUSDT,LONG,sl,0.007075,0.006721749999999999,0.007781499999999999,0.006717,-1.0134465675866937,post_fix
5129,1787831208,2026-08-27T11:46:48+00:00,1787914473,2026-08-28T10:54:33+00:00,BICOUSDT,LONG,sl,0.02682,0.024251785714285715,0.03195642857142857,0.02419,-1.0240578500903912,post_fix
5700,1787894355,2026-08-28T05:19:15+00:00,1787914633,2026-08-28T10:57:13+00:00,BMTUSDT,LONG,sl,0.02635,0.02323267857142857,0.032584642857142854,0.02323267857142857,-1.0,post_fix
5239,1787843777,2026-08-27T15:16:17+00:00,1787919520,2026-08-28T12:18:40+00:00,BSBUSDT,LONG,sl,0.10596,0.09986946428571428,0.11814107142857143,0.09986946428571428,-1.0,post_fix
3269,1787257205,2026-08-20T20:20:05+00:00,1787920820,2026-08-28T12:40:20+00:00,ACEUSDT,LONG,sl,0.2439,0.20164285714285718,0.32841428571428566,0.1975,-1.0980392156862753,post_fix
5827,1787914689,2026-08-28T10:58:09+00:00,1787921119,2026-08-28T12:45:19+00:00,SKRUSDT,LONG,sl,0.010699,0.010058392857142858,0.011980214285714285,0.010058392857142858,-1.0,post_fix
5226,1787841371,2026-08-27T14:36:11+00:00,1787923721,2026-08-28T13:28:41+00:00,DGAIUSDT,LONG,sl,0.7906,0.7100285714285713,0.9517428571428572,0.709,-1.012765957446808,post_fix
5515,1787885489,2026-08-28T02:51:29+00:00,1787924829,2026-08-28T13:47:09+00:00,DFDVXUSDT,LONG,sl,5.239,4.9874285714285715,5.742142857142857,4.953,-1.1368540601930714,post_fix
5874,1787920328,2026-08-28T12:32:08+00:00,1787924829,2026-08-28T13:47:09+00:00,MANTRAUSDT,LONG,sl,0.004796,0.004565535714285714,0.005256928571428571,0.004565535714285714,-1.0,post_fix
5834,1787915571,2026-08-28T11:12:51+00:00,1787928194,2026-08-28T14:43:14+00:00,CHILLGUYUSDT,LONG,tp,0.014479,0.013642321428571429,0.016152357142857142,0.016236,2.099970119947069,post_fix
5733,1787903283,2026-08-28T07:48:03+00:00,1787929099,2026-08-28T14:58:19+00:00,HEMIUSDT,LONG,tp,0.0112,0.010132482142857143,0.013335035714285714,0.013389,2.050551178468075,post_fix
5728,1787901469,2026-08-28T07:17:49+00:00,1787929764,2026-08-28T15:09:24+00:00,GWEIUSDT,LONG,sl,0.027853,0.02629080357142857,0.030977392857142856,0.026225,-1.0421224695083613,post_fix
5283,1787846783,2026-08-27T16:06:23+00:00,1787931813,2026-08-28T15:43:33+00:00,NVDLUSDT,LONG,sl,36.75,35.503392857142856,39.24321428571429,35.49,-1.010743446497634,post_fix
2946,1787221438,2026-08-20T10:23:58+00:00,1787933017,2026-08-28T16:03:37+00:00,JCTUSDT,LONG,sl,0.002071,0.0017845535714285713,0.0026438928571428572,0.001771,-1.047316252103983,post_fix
5968,1787930235,2026-08-28T15:17:15+00:00,1787933017,2026-08-28T16:03:37+00:00,CHILLGUYUSDT,LONG,sl,0.014971,0.014076678571428572,0.01675964285714286,0.013996,-1.0902120522343361,post_fix
5423,1787871209,2026-08-27T22:53:29+00:00,1787933634,2026-08-28T16:13:54+00:00,MOVRUSDT,LONG,sl,0.98,0.8916607142857143,1.1566785714285714,0.8916607142857143,-1.0,post_fix
5179,1787834469,2026-08-27T12:41:09+00:00,1787933744,2026-08-28T16:15:44+00:00,KITEUSDT,LONG,sl,0.1302,0.1241619642857143,0.14227607142857143,0.1241619642857143,-1.0,post_fix
5259,1787845879,2026-08-27T15:51:19+00:00,1787933930,2026-08-28T16:18:50+00:00,MELANIAUSDT,LONG,sl,0.1201,0.11118571428571428,0.13792857142857143,0.111,-1.0208333333333321,post_fix
5478,1787879785,2026-08-28T01:16:25+00:00,1787934432,2026-08-28T16:27:12+00:00,MUBARAKUSDT,LONG,sl,0.022,0.020205357142857143,0.02558928571428571,0.02,-1.1144278606965172,post_fix
5980,1787932325,2026-08-28T15:52:05+00:00,1787936883,2026-08-28T17:08:03+00:00,HEMIUSDT,LONG,sl,0.012636,0.011373589285714285,0.01516082142857143,0.011373589285714285,-1.0,post_fix
